dup_id,source,connector_code,station_id,station_ref,station_name,timeseries_id,timeseries_ref,timeseries_label,pollutant,last_value,last_value_at,distance_m,lat_lon,aurn_uk_air_id,aurn_networks
DUP000001,aurn,aurn_register,,UKA00212,Belfast Centre,,,,co,,,0,54.599650 -5.928833,UKA00212,Automatic Urban and Rural Monitoring Network (AURN); Black Carbon; Heavy Metals; Non-Automatic Hydrocarbon Network; UKEAP: National Ammonia Monitoring Network
DUP000001,json,openaq,16503,2527,EEA Belfast Centre - UKA00212,1826,11438892,2527 CO mass,co,209.556,2026-02-19 08:00:00+00,0.000,54.599650 -5.928833,,
DUP000001,json,sos,272,760,Belfast Centre,,,Belfast Centre-Carbon monoxide (air),co,,,0.000,54.599650 -5.928833,,
DUP000002,aurn,aurn_register,,UKA00217,Cardiff Centre,,,,co,,,0,51.481780 -3.176250,UKA00217,Automatic Urban and Rural Monitoring Network (AURN); Black Carbon
DUP000002,json,openaq,16486,2485,DEFRA Cardiff Centre,1756,11438890,2485 CO mass,co,186.272,2026-02-19 15:00:00+00,0.000,51.481780 -3.176250,,
DUP000002,json,sos,494,815,Cardiff Centre,,,Cardiff Centre-Carbon monoxide (air),co,,,0.000,51.481780 -3.176250,,
DUP000003,aurn,aurn_register,,UKA00222,Leeds Centre,,,,co,,,0,53.803780 -1.546472,UKA00222,Automatic Urban and Rural Monitoring Network (AURN); Non-Automatic Hydrocarbon Network
DUP000003,json,openaq,16501,2523,DEFRA Leeds Centre,1816,11438891,2523 CO mass,co,116.42,2026-02-19 15:00:00+00,0.000,53.803780 -1.546472,,
DUP000003,json,sos,1268,980,Leeds Centre,,,Leeds Centre-Carbon monoxide (air),co,,,0.000,53.803780 -1.546472,,
DUP000004,aurn,aurn_register,,UKA00253,London N. Kensington,,,,co,,,0,51.521050 -0.213419,UKA00253,Automatic Urban and Rural Monitoring Network (AURN); Black Carbon
DUP000004,json,openaq,16383,155,DEFRA London N. Kensington,1453,1304615,155 CO mass,co,139.704,2026-02-19 15:00:00+00,5.051,51.521050 -0.213492,,
DUP000004,json,sos,1567,958,London N. Kensington,,,London N. Kensington-Carbon monoxide (air),co,,,0.000,51.521050 -0.213419,,
DUP000005,aurn,aurn_register,,UKA00315,London Marylebone Road,,,,co,,,0,51.522530 -0.154611,UKA00315,Automatic Hydrocarbon Network; Automatic Urban and Rural Monitoring Network (AURN); Black Carbon; Heavy Metals; PAH Digitel (solid phase); Particle Concentrations and Numbers Network; UK Urban NO2 Network
DUP000005,json,breathelondon,7739,CLDP0015,Marylebone Road - Mains (reference co-location),,,Marylebone Road - Mains (reference co-location),co,,,1.899,51.522541 -0.154590,,
DUP000005,json,breathelondon,7740,CLDP0016,Marylebone Road - Solar (reference co-location),,,Marylebone Road - Solar (reference co-location),co,,,1.899,51.522541 -0.154590,,
DUP000005,json,openaq,16382,154,DEFRA London Marylebone Road,1447,1304850,154 CO mass,co,372.544,2026-02-19 15:00:00+00,0.000,51.522530 -0.154611,,
DUP000005,json,sos,1519,1030,London Marylebone Road,,,London Marylebone Road-Carbon monoxide (air),co,,,0.000,51.522530 -0.154611,,
DUP000006,aurn,aurn_register,,UKA00454,Edinburgh St Leonards,,,,co,,,0,55.945589 -3.182186,UKA00454,Automatic Urban and Rural Monitoring Network (AURN); PAH Digitel (solid phase)
DUP000006,json,openaq,16409,955,DEFRA Edinburgh St Leonards,1549,11438889,955 CO mass,co,151.346,2026-02-19 13:00:00+00,0.000,55.945589 -3.182186,,
DUP000006,json,sos,800,879,Edinburgh St Leonards,,,Edinburgh St Leonards-Carbon monoxide (air),co,,,0.000,55.945589 -3.182186,,
DUP000007,aurn,aurn_register,,UKA00501,Port Talbot Margam,,,,co,,,0,51.583950 -3.770822,UKA00501,Automatic Urban and Rural Monitoring Network (AURN); Heavy Metals; Non-Automatic Hydrocarbon Network; PAH Digitel (solid phase)
DUP000007,json,openaq,16408,946,DEFRA Port Talbot Margam,1543,11438888,946 CO mass,co,279.408,2026-02-19 15:00:00+00,0.000,51.583950 -3.770822,,
DUP000007,json,sos,1917,1100,Port Talbot Margam,,,Port Talbot Margam-Carbon monoxide (air),co,,,0.000,51.583950 -3.770822,,
DUP000008,aurn,aurn_register,,UKA00128,Bush Estate,,,,no2,,,0,55.862281 -3.205782,UKA00128,Automatic Urban and Rural Monitoring Network (AURN); UKEAP: Acid Gases & Aerosol Network; UKEAP: National Ammonia Monitoring Network
DUP000008,json,openaq,16475,2443,EEA Bush Estate - UKA00128,1724,4674,2443 NO₂ mass,no2,5,2026-02-19 21:00:00+00,0.000,55.862281 -3.205782,,
DUP000008,json,sos,462,2685,Bush Estate,564,111,"http://dd.eionet.europa.eu/vocabulary/aq/pollutant/8 2685 - Bush Estate-Nitrogen dioxide (air), Bush Estate-Nitrogen dioxide (air)",no2,5.164,2026-02-19 21:00:00+00,0.000,55.862281 -3.205782,,
DUP000009,aurn,aurn_register,,UKA00130,Eskdalemuir,,,,no2,,,0,55.315310 -3.206111,UKA00130,Automatic Urban and Rural Monitoring Network (AURN); Heavy Metals; UKEAP: Acid Gases & Aerosol Network; UKEAP: National Ammonia Monitoring Network; UKEAP: Precip-Net; UKEAP: Rural NO2
DUP000009,json,openaq,16421,2291,DEFRA Eskdalemuir,1581,4669,2291 NO₂ mass,no2,3,2026-02-19 21:00:00+00,0.000,55.315310 -3.206111,,
DUP000009,json,sos,828,2687,Eskdalemuir,565,198,"http://dd.eionet.europa.eu/vocabulary/aq/pollutant/8 2687 - Eskdalemuir-Nitrogen dioxide (air), Eskdalemuir-Nitrogen dioxide (air)",no2,3.251,2026-02-19 21:00:00+00,0.000,55.315310 -3.206111,,
DUP000010,aurn,aurn_register,,UKA00137,Aston Hill,,,,no2,,,0,52.503850 -3.034178,UKA00137,Automatic Urban and Rural Monitoring Network (AURN)
DUP000010,json,openaq,16454,2394,DEFRA Aston Hill,1667,4475,2394 NO₂ mass,no2,3,2026-02-19 21:00:00+00,0.000,52.503850 -3.034178,,
DUP000010,json,sos,28,2681,Aston Hill,563,37,"http://dd.eionet.europa.eu/vocabulary/aq/pollutant/8 2681 - Aston Hill-Nitrogen dioxide (air), Aston Hill-Nitrogen dioxide (air)",no2,3.251,2026-02-19 21:00:00+00,0.000,52.503850 -3.034178,,
DUP000011,aurn,aurn_register,,UKA00152,Lullington Heath,,,,no2,,,0,50.793700 0.181250,UKA00152,Automatic Urban and Rural Monitoring Network (AURN); UKEAP: Acid Gases & Aerosol Network; UKEAP: National Ammonia Monitoring Network; UKEAP: Precip-Net; UKEAP: Rural NO2
DUP000011,json,openaq,16481,2455,EEA Lullington Heath - UKA00152,1737,4711,2455 NO₂ mass,no2,10,2026-02-19 21:00:00+00,0.000,50.793700 0.181250,,
DUP000011,json,sos,1610,2710,Lullington Heath,569,312,"http://dd.eionet.europa.eu/vocabulary/aq/pollutant/8 2710 - Lullington Heath-Nitrogen dioxide (air), Lullington Heath-Nitrogen dioxide (air)",no2,9.754,2026-02-19 21:00:00+00,0.000,50.793700 0.181250,,
DUP000012,aurn,aurn_register,,UKA00168,Yarner Wood,,,,no2,,,0,50.597600 -3.716510,UKA00168,Automatic Urban and Rural Monitoring Network (AURN); Heavy Metals; UKEAP: Acid Gases & Aerosol Network; UKEAP: National Ammonia Monitoring Network; UKEAP: Precip-Net; UKEAP: Rural NO2
DUP000012,json,openaq,16472,2436,DEFRA Yarner Wood,1714,4627,2436 NO₂ mass,no2,1,2026-02-19 21:00:00+00,0.000,50.597600 -3.716510,,
DUP000012,json,sos,2426,2748,Yarner Wood,575,528,"http://dd.eionet.europa.eu/vocabulary/aq/pollutant/8 2748 - Yarner Wood-Nitrogen dioxide (air), Yarner Wood-Nitrogen dioxide (air)",no2,1.53,2026-02-19 20:00:00+00,0.000,50.597600 -3.716510,,
DUP000013,aurn,aurn_register,,UKA00169,High Muffles,,,,no2,,,0,54.334497 -0.808820,UKA00169,Automatic Urban and Rural Monitoring Network (AURN); PAH Digitel (solid phase); TOMPs; UKEAP: Acid Gases & Aerosol Network; UKEAP: National Ammonia Monitoring Network; UKEAP: Precip-Net; UKEAP: Rural NO2
DUP000013,json,sos,1113,2703,High Muffles,567,244,"http://dd.eionet.europa.eu/vocabulary/aq/pollutant/8 2703 - High Muffles-Nitrogen dioxide (air), High Muffles-Nitrogen dioxide (air)",no2,4.399,2026-02-19 21:00:00+00,0.000,54.334497 -0.808820,,
DUP000014,aurn,aurn_register,,UKA00170,Glazebury,,,,no2,,,0,53.460080 -2.472056,UKA00170,Automatic Urban and Rural Monitoring Network (AURN); Black Carbon
DUP000014,json,openaq,16471,2431,EEA Glazebury - UKA00170,1710,4641,2431 NO₂ mass,no2,20,2026-02-19 21:00:00+00,0.000,53.460080 -2.472056,,
DUP000014,json,sos,898,2692,Glazebury,566,212,"http://dd.eionet.europa.eu/vocabulary/aq/pollutant/8 2692 - Glazebury-Nitrogen dioxide (air), Glazebury-Nitrogen dioxide (air)",no2,20.273,2026-02-19 21:00:00+00,0.000,53.460080 -2.472056,,
DUP000015,aurn,aurn_register,,UKA00171,Ladybower,,,,no2,,,0,53.403370 -1.752006,UKA00171,Automatic Urban and Rural Monitoring Network (AURN); Black Carbon; UKEAP: Acid Gases & Aerosol Network; UKEAP: National Ammonia Monitoring Network
DUP000015,json,openaq,16438,2337,EEA Ladybower - UKA00171,1621,4272,2337 NO₂ mass,no2,22,2026-02-19 21:00:00+00,0.000,53.403370 -1.752006,,
DUP000015,json,sos,1239,2705,Ladybower,568,280,"http://dd.eionet.europa.eu/vocabulary/aq/pollutant/8 2705 - Ladybower-Nitrogen dioxide (air), Ladybower-Nitrogen dioxide (air)",no2,21.994,2026-02-19 21:00:00+00,0.000,53.403370 -1.752006,,
DUP000016,aurn,aurn_register,,UKA00181,Sheffield Tinsley,,,,no2,,,0,53.410580 -1.396139,UKA00181,Automatic Urban and Rural Monitoring Network (AURN); Heavy Metals; PAH Digitel (solid phase)
DUP000016,json,openaq,16480,2454,EEA Sheffield Tinsley - UKA00181,1733,4702,2454 NO₂ mass,no2,45,2026-02-19 21:00:00+00,0.000,53.410580 -1.396139,,
DUP000016,json,sos,2132,1121,Sheffield Tinsley,548,456,"http://dd.eionet.europa.eu/vocabulary/aq/pollutant/8 1121 - Sheffield Tinsley-Nitrogen dioxide (air), Sheffield Tinsley-Nitrogen dioxide (air)",no2,47.813,2026-02-19 20:00:00+00,0.000,53.410580 -1.396139,,
DUP000017,aurn,aurn_register,,UKA00211,London Bloomsbury,,,,no2,,,0,51.522290 -0.125889,UKA00211,Automatic Urban and Rural Monitoring Network (AURN); Non-Automatic Hydrocarbon Network
DUP000017,json,openaq,16376,148,EEA London Bloomsbury - UKA00211,1427,238,148 NO₂ mass,no2,33,2026-02-19 21:00:00+00,0.000,51.522290 -0.125889,,
DUP000017,json,sos,1379,841,London Bloomsbury,673,148,"http://dd.eionet.europa.eu/vocabulary/aq/pollutant/8 841 - London Bloomsbury-Nitrogen dioxide (air), London Bloomsbury-Nitrogen dioxide (air)",no2,32.513,2026-02-19 21:00:00+00,0.000,51.522290 -0.125889,,
DUP000018,aurn,aurn_register,,UKA00212,Belfast Centre,,,,no2,,,0,54.599650 -5.928833,UKA00212,Automatic Urban and Rural Monitoring Network (AURN); Black Carbon; Heavy Metals; Non-Automatic Hydrocarbon Network; UKEAP: National Ammonia Monitoring Network
DUP000018,json,openaq,16503,2527,EEA Belfast Centre - UKA00212,1827,5031,2527 NO₂ mass,no2,43,2026-02-19 21:00:00+00,0.000,54.599650 -5.928833,,
DUP000018,json,sos,276,759,Belfast Centre,638,61,"http://dd.eionet.europa.eu/vocabulary/aq/pollutant/8 759 - Belfast Centre-Nitrogen dioxide (air), Belfast Centre-Nitrogen dioxide (air)",no2,42.649,2026-02-19 21:00:00+00,0.000,54.599650 -5.928833,,
DUP000019,aurn,aurn_register,,UKA00213,Newcastle Centre,,,,no2,,,0,54.978250 -1.610528,UKA00213,Automatic Urban and Rural Monitoring Network (AURN); Black Carbon; Non-Automatic Hydrocarbon Network; PAH Digitel (solid phase)
DUP000019,json,openaq,16418,2051,DEFRA Newcastle Centre,1571,5079253,2051 NO₂ mass,no2,33,2026-02-19 21:00:00+00,0.000,54.978250 -1.610528,,
DUP000019,json,sos,1760,1041,Newcastle Centre,530,366,"http://dd.eionet.europa.eu/vocabulary/aq/pollutant/8 1041 - Newcastle Centre-Nitrogen dioxide (air), Newcastle Centre-Nitrogen dioxide (air)",no2,28.879,2026-02-19 20:00:00+00,0.000,54.978250 -1.610528,,
DUP000020,aurn,aurn_register,,UKA00217,Cardiff Centre,,,,no2,,,0,51.481780 -3.176250,UKA00217,Automatic Urban and Rural Monitoring Network (AURN); Black Carbon
DUP000020,json,openaq,16486,2485,DEFRA Cardiff Centre,1757,4784,2485 NO₂ mass,no2,21,2026-02-19 21:00:00+00,0.000,51.481780 -3.176250,,
DUP000020,json,sos,495,814,Cardiff Centre,669,125,"http://dd.eionet.europa.eu/vocabulary/aq/pollutant/8 814 - Cardiff Centre-Nitrogen dioxide (air), Cardiff Centre-Nitrogen dioxide (air)",no2,25.054,2026-02-19 20:00:00+00,0.000,51.481780 -3.176250,,
DUP000021,aurn,aurn_register,,UKA00220,Middlesbrough,,,,no2,,,0,54.569297 -1.220874,UKA00220,Automatic Urban and Rural Monitoring Network (AURN); Non-Automatic Hydrocarbon Network; PAH Digitel (solid phase)
DUP000021,json,openaq,16405,824,DEFRA Middlesbrough,1530,4248,824 NO₂ mass,no2,16,2026-02-19 21:00:00+00,0.000,54.569297 -1.220874,,
DUP000021,json,sos,1699,1020,Middlesbrough,527,346,"http://dd.eionet.europa.eu/vocabulary/aq/pollutant/8 1020 - Middlesbrough-Nitrogen dioxide (air), Middlesbrough-Nitrogen dioxide (air)",no2,,,0.000,54.569297 -1.220874,,
DUP000021,json,sos,7701,7542,Middlesbrough,635,2203,"http://dd.eionet.europa.eu/vocabulary/aq/pollutant/8 7542 - Middlesbrough-Nitrogen dioxide (air), Middlesbrough-Nitrogen dioxide (air)",no2,16.448,2026-02-19 21:00:00+00,0.000,54.569297 -1.220874,,
DUP000022,aurn,aurn_register,,UKA00222,Leeds Centre,,,,no2,,,0,53.803780 -1.546472,UKA00222,Automatic Urban and Rural Monitoring Network (AURN); Non-Automatic Hydrocarbon Network
DUP000022,json,openaq,16501,2523,DEFRA Leeds Centre,1817,4979,2523 NO₂ mass,no2,40,2026-02-19 21:00:00+00,0.000,53.803780 -1.546472,,
DUP000022,json,sos,1269,979,Leeds Centre,699,303,"http://dd.eionet.europa.eu/vocabulary/aq/pollutant/8 979 - Leeds Centre-Nitrogen dioxide (air), Leeds Centre-Nitrogen dioxide (air)",no2,31.939,2026-02-19 20:00:00+00,0.000,53.803780 -1.546472,,
DUP000023,aurn,aurn_register,,UKA00235,Southampton Centre,,,,no2,,,0,50.908173 -1.395757,UKA00235,Automatic Urban and Rural Monitoring Network (AURN); Non-Automatic Hydrocarbon Network; PAH Digitel (solid phase)
DUP000023,json,openaq,16394,698,EEA Southampton Centre - UKA00235,1490,1210,698 NO₂ mass,no2,21,2026-02-19 21:00:00+00,3.954,50.908140 -1.395778,,
DUP000023,json,sos,2150,1134,Southampton Centre,550,465,"http://dd.eionet.europa.eu/vocabulary/aq/pollutant/8 1134 - Southampton Centre-Nitrogen dioxide (air), Southampton Centre-Nitrogen dioxide (air)",no2,17.404,2026-02-19 20:00:00+00,0.000,50.908173 -1.395757,,
DUP000024,aurn,aurn_register,,UKA00238,London Bexley,,,,no2,,,0,51.466030 0.184806,UKA00238,Automatic Urban and Rural Monitoring Network (AURN)
DUP000024,json,breathelondon,7737,CLDP0013,Slade Green (reference co-location),47822,CLDP0013:INO2,Slade Green (reference co-location) NO2,no2,63.0770882839313,2026-02-19 17:00:00+00,7.096,51.465984 0.184877,,
DUP000024,json,openaq,16385,157,LAQN Bexley - Slade Green Fidas,1461,255,157 NO₂ mass,no2,23,2026-02-19 21:00:00+00,7.177,51.465983 0.184877,,
DUP000024,json,sos,1371,765,London Bexley,655,66,"http://dd.eionet.europa.eu/vocabulary/aq/pollutant/8 765 - London Bexley-Nitrogen dioxide (air), London Bexley-Nitrogen dioxide (air)",no2,22.759,2026-02-19 21:00:00+00,0.000,51.466030 0.184806,,
DUP000025,aurn,aurn_register,,UKA00247,Liverpool Speke,,,,no2,,,0,53.346330 -2.844333,UKA00247,Automatic Urban and Rural Monitoring Network (AURN); Non-Automatic Hydrocarbon Network; PAH Digitel (solid phase)
DUP000025,json,openaq,16492,2507,EEA Liverpool Speke - UKA00247,1780,4866,2507 NO₂ mass,no2,21,2026-02-19 21:00:00+00,0.000,53.346330 -2.844333,,
DUP000025,json,sos,1358,1005,Liverpool Speke,525,329,"http://dd.eionet.europa.eu/vocabulary/aq/pollutant/8 1005 - Liverpool Speke-Nitrogen dioxide (air), Liverpool Speke-Nitrogen dioxide (air)",no2,21.42,2026-02-19 21:00:00+00,0.000,53.346330 -2.844333,,
DUP000026,aurn,aurn_register,,UKA00248,Manchester Piccadilly,,,,no2,,,0,53.481520 -2.237881,UKA00248,Automatic Urban and Rural Monitoring Network (AURN); Non-Automatic Hydrocarbon Network
DUP000026,json,openaq,16429,2312,DEFRA Manchester Piccadilly,1599,4195,2312 NO₂ mass,no2,38,2026-02-19 21:00:00+00,0.000,53.481520 -2.237881,,
DUP000026,json,sos,1646,1012,Manchester Piccadilly,526,337,"http://dd.eionet.europa.eu/vocabulary/aq/pollutant/8 1012 - Manchester Piccadilly-Nitrogen dioxide (air), Manchester Piccadilly-Nitrogen dioxide (air)",no2,41.31,2026-02-19 20:00:00+00,0.000,53.481520 -2.237881,,
DUP000027,aurn,aurn_register,,UKA00251,Rochester Stoke,,,,no2,,,0,51.456170 0.634889,UKA00251,Automatic Urban and Rural Monitoring Network (AURN)
DUP000027,json,openaq,16514,2558,DEFRA Rochester Stoke,1868,5176,2558 NO₂ mass,no2,22,2026-02-19 21:00:00+00,0.000,51.456170 0.634889,,
DUP000027,json,sos,1962,2730,Rochester Stoke,573,432,"http://dd.eionet.europa.eu/vocabulary/aq/pollutant/8 2730 - Rochester Stoke-Nitrogen dioxide (air), Rochester Stoke-Nitrogen dioxide (air)",no2,17.786,2026-02-19 20:00:00+00,0.000,51.456170 0.634889,,
DUP000028,aurn,aurn_register,,UKA00253,London N. Kensington,,,,no2,,,0,51.521050 -0.213419,UKA00253,Automatic Urban and Rural Monitoring Network (AURN); Black Carbon
DUP000028,json,openaq,16383,155,DEFRA London N. Kensington,1454,242,155 NO₂ mass,no2,21,2026-02-19 21:00:00+00,5.051,51.521050 -0.213492,,
DUP000028,json,sos,1568,957,London N. Kensington,695,275,"http://dd.eionet.europa.eu/vocabulary/aq/pollutant/8 957 - London N. Kensington-Nitrogen dioxide (air), London N. Kensington-Nitrogen dioxide (air)",no2,21.038,2026-02-19 21:00:00+00,0.000,51.521050 -0.213419,,
DUP000029,aurn,aurn_register,,UKA00258,Oxford Centre Roadside,,,,no2,,,0,51.751745 -1.257463,UKA00258,Automatic Urban and Rural Monitoring Network (AURN); Non-Automatic Hydrocarbon Network; UK Urban NO2 Network
DUP000029,json,openaq,16431,2318,DEFRA Oxford Centre Roadside,1605,4209,2318 NO₂ mass,no2,21,2026-02-19 21:00:00+00,0.000,51.751745 -1.257463,,
DUP000029,json,sos,1861,1073,Oxford Centre Roadside,537,391,"http://dd.eionet.europa.eu/vocabulary/aq/pollutant/8 1073 - Oxford Centre Roadside-Nitrogen dioxide (air), Oxford Centre Roadside-Nitrogen dioxide (air)",no2,,,0.000,51.751745 -1.257463,,
DUP000029,json,sos,7712,7640,Oxford Centre Roadside,648,2248,"http://dd.eionet.europa.eu/vocabulary/aq/pollutant/8 7640 - Oxford Centre Roadside-Nitrogen dioxide (air), Oxford Centre Roadside-Nitrogen dioxide (air)",no2,21.229,2026-02-19 21:00:00+00,0.000,51.751745 -1.257463,,
DUP000030,aurn,aurn_register,,UKA00259,Camden Kerbside,,,,no2,,,0,51.544233 -0.175228,UKA00259,Automatic Urban and Rural Monitoring Network (AURN)
DUP000030,json,openaq,16380,152,DEFRA Camden Kerbside,1440,256,152 NO₂ mass,no2,23,2026-02-19 21:00:00+00,3.818,51.544210 -0.175269,,
DUP000030,json,openaq,16663,223790,london stationary Finchley Road,2365,1296259,223790 NO₂,no2,,,0.466,51.544237 -0.175230,,
DUP000030,json,sos,471,804,Camden Kerbside,664,3,"http://dd.eionet.europa.eu/vocabulary/aq/pollutant/8 804 - Camden Kerbside-Nitrogen dioxide (air), Camden Kerbside-Nitrogen dioxide (air)",no2,22.759,2026-02-19 21:00:00+00,0.000,51.544233 -0.175228,,
DUP000031,aurn,aurn_register,,UKA00260,Haringey Roadside,,,,no2,,,0,51.599300 -0.068218,UKA00260,Automatic Urban and Rural Monitoring Network (AURN); Non-Automatic Hydrocarbon Network
DUP000031,json,openaq,16371,60,DEFRA Haringey Roadside,1411,88,60 NO₂ mass,no2,27,2026-02-19 21:00:00+00,0.000,51.599300 -0.068218,,
DUP000031,json,sos,934,910,Haringey Roadside,685,235,"http://dd.eionet.europa.eu/vocabulary/aq/pollutant/8 910 - Haringey Roadside-Nitrogen dioxide (air), Haringey Roadside-Nitrogen dioxide (air)",no2,27.157,2026-02-19 21:00:00+00,0.000,51.599300 -0.068218,,
DUP000032,aurn,aurn_register,,UKA00263,Exeter Roadside,,,,no2,,,0,50.725083 -3.532465,UKA00263,Automatic Urban and Rural Monitoring Network (AURN)
DUP000032,json,openaq,16419,2282,DEFRA Exeter Roadside,1575,4342,2282 NO₂ mass,no2,17,2026-02-19 21:00:00+00,0.000,50.725083 -3.532465,,
DUP000032,json,sos,833,887,Exeter Roadside,680,201,"http://dd.eionet.europa.eu/vocabulary/aq/pollutant/8 887 - Exeter Roadside-Nitrogen dioxide (air), Exeter Roadside-Nitrogen dioxide (air)",no2,17.404,2026-02-19 21:00:00+00,0.000,50.725083 -3.532465,,
DUP000033,aurn,aurn_register,,UKA00265,Leamington Spa,,,,no2,,,0,52.288810 -1.533119,UKA00265,Automatic Urban and Rural Monitoring Network (AURN); Non-Automatic Hydrocarbon Network
DUP000033,json,openaq,16507,2535,DEFRA Leamington Spa,1843,5038,2535 NO₂ mass,no2,37,2026-02-19 21:00:00+00,0.000,52.288810 -1.533119,,
DUP000033,json,sos,7710,7633,Leamington Spa,646,2142,"http://dd.eionet.europa.eu/vocabulary/aq/pollutant/8 7633 - Leamington Spa-Nitrogen dioxide (air), Leamington Spa-Nitrogen dioxide (air)",no2,37.102,2026-02-19 21:00:00+00,0.000,52.288810 -1.533119,,
DUP000033,json,sos,1247,965,Leamington Spa,696,285,"http://dd.eionet.europa.eu/vocabulary/aq/pollutant/8 965 - Leamington Spa-Nitrogen dioxide (air), Leamington Spa-Nitrogen dioxide (air)",no2,,,0.000,52.288810 -1.533119,,
DUP000034,aurn,aurn_register,,UKA00266,London Hillingdon,,,,no2,,,0,51.496330 -0.460861,UKA00266,Automatic Urban and Rural Monitoring Network (AURN)
DUP000034,json,openaq,16381,153,DEFRA London Hillingdon,1443,239,153 NO₂ mass,no2,16,2026-02-19 21:00:00+00,0.000,51.496330 -0.460861,,
DUP000034,json,sos,1491,921,London Hillingdon,687,241,"http://dd.eionet.europa.eu/vocabulary/aq/pollutant/8 921 - London Hillingdon-Nitrogen dioxide (air), London Hillingdon-Nitrogen dioxide (air)",no2,18.36,2026-02-19 20:00:00+00,0.000,51.496330 -0.460861,,
DUP000035,aurn,aurn_register,,UKA00272,Thurrock,,,,no2,,,0,51.477070 0.317969,UKA00272,Automatic Urban and Rural Monitoring Network (AURN)
DUP000035,json,openaq,16455,2395,EEA Thurrock - UKA00272,1669,4476,2395 NO₂ mass,no2,25,2026-02-19 21:00:00+00,0.000,51.477070 0.317969,,
DUP000035,json,sos,2329,1162,Thurrock,556,495,"http://dd.eionet.europa.eu/vocabulary/aq/pollutant/8 1162 - Thurrock-Nitrogen dioxide (air), Thurrock-Nitrogen dioxide (air)",no2,24.671,2026-02-19 20:00:00+00,0.000,51.477070 0.317969,,
DUP000036,aurn,aurn_register,,UKA00315,London Marylebone Road,,,,no2,,,0,51.522530 -0.154611,UKA00315,Automatic Hydrocarbon Network; Automatic Urban and Rural Monitoring Network (AURN); Black Carbon; Heavy Metals; PAH Digitel (solid phase); Particle Concentrations and Numbers Network; UK Urban NO2 Network
DUP000036,json,openaq,16382,154,DEFRA London Marylebone Road,1448,241,154 NO₂ mass,no2,29,2026-02-19 21:00:00+00,0.000,51.522530 -0.154611,,
DUP000036,json,sos,1544,1029,London Marylebone Road,528,356,"http://dd.eionet.europa.eu/vocabulary/aq/pollutant/8 1029 - London Marylebone Road-Nitrogen dioxide (air), London Marylebone Road-Nitrogen dioxide (air)",no2,29.261,2026-02-19 21:00:00+00,0.000,51.522530 -0.154611,,
DUP000037,aurn,aurn_register,,UKA00323,Narberth,,,,no2,,,0,51.782616 -4.692370,UKA00323,Automatic Urban and Rural Monitoring Network (AURN); UKEAP: Acid Gases & Aerosol Network; UKEAP: National Ammonia Monitoring Network
DUP000037,json,sos,1728,2725,Narberth,572,401,"http://dd.eionet.europa.eu/vocabulary/aq/pollutant/8 2725 - Narberth-Nitrogen dioxide (air), Narberth-Nitrogen dioxide (air)",no2,2.869,2026-02-19 21:00:00+00,0.000,51.782616 -4.692370,,
DUP000038,aurn,aurn_register,,UKA00336,Glasgow Kerbside,,,,no2,,,0,55.858940 -4.259122,UKA00336,Automatic Urban and Rural Monitoring Network (AURN); Non-Automatic Hydrocarbon Network
DUP000038,json,openaq,16432,2320,EEA Glasgow Kerbside - UKA00336,1606,4220,2320 NO₂ mass,no2,56,2026-02-19 21:00:00+00,29.419,55.859170 -4.258889,,
DUP000038,json,sos,864,899,Glasgow Kerbside,682,210,"http://dd.eionet.europa.eu/vocabulary/aq/pollutant/8 899 - Glasgow Kerbside-Nitrogen dioxide (air), Glasgow Kerbside-Nitrogen dioxide (air)",no2,65.79,2026-02-19 20:00:00+00,0.000,55.858940 -4.259122,,
DUP000039,aurn,aurn_register,,UKA00337,Stoke-on-Trent Centre,,,,no2,,,0,53.028210 -2.175133,UKA00337,Automatic Urban and Rural Monitoring Network (AURN); Non-Automatic Hydrocarbon Network
DUP000039,json,openaq,16520,2579,DEFRA Stoke-on-Trent Centre,1890,5316,2579 NO₂ mass,no2,13,2026-02-19 10:00:00+00,0.000,53.028210 -2.175133,,
DUP000039,json,sos,2250,1141,Stoke-on-Trent Centre,551,471,"http://dd.eionet.europa.eu/vocabulary/aq/pollutant/8 1141 - Stoke-on-Trent Centre-Nitrogen dioxide (air), Stoke-on-Trent Centre-Nitrogen dioxide (air)",no2,-99,2026-02-19 20:00:00+00,0.000,53.028210 -2.175133,,
DUP000040,aurn,aurn_register,,UKA00339,Salford Eccles,,,,no2,,,0,53.484810 -2.334139,UKA00339,Automatic Urban and Rural Monitoring Network (AURN); PAH Digitel (solid phase)
DUP000040,json,openaq,16395,718,DEFRA Salford Eccles,1495,1244,718 NO₂ mass,no2,39,2026-02-19 21:00:00+00,0.000,53.484810 -2.334139,,
DUP000040,json,sos,7714,7646,Salford Eccles,650,2048,"http://dd.eionet.europa.eu/vocabulary/aq/pollutant/8 7646 - Salford Eccles-Nitrogen dioxide (air), Salford Eccles-Nitrogen dioxide (air)",no2,48.386,2026-02-19 20:00:00+00,0.000,53.484810 -2.334139,,
DUP000040,json,sos,2026,873,Salford Eccles,678,188,"http://dd.eionet.europa.eu/vocabulary/aq/pollutant/8 873 - Salford Eccles-Nitrogen dioxide (air), Salford Eccles-Nitrogen dioxide (air)",no2,,,0.000,53.484810 -2.334139,,
DUP000041,aurn,aurn_register,,UKA00353,Barnsley Gawber,,,,no2,,,0,53.562920 -1.510436,UKA00353,Automatic Urban and Rural Monitoring Network (AURN); Black Carbon; Non-Automatic Hydrocarbon Network
DUP000041,json,openaq,16434,2323,EEA Barnsley Gawber - UKA00353,1608,4362,2323 NO₂ mass,no2,30,2026-02-19 21:00:00+00,0.000,53.562920 -1.510436,,
DUP000041,json,sos,238,753,Barnsley Gawber,634,44,"http://dd.eionet.europa.eu/vocabulary/aq/pollutant/8 753 - Barnsley Gawber-Nitrogen dioxide (air), Barnsley Gawber-Nitrogen dioxide (air)",no2,29.835,2026-02-19 21:00:00+00,0.000,53.562920 -1.510436,,
DUP000042,aurn,aurn_register,,UKA00360,Plymouth Centre,,,,no2,,,0,50.371670 -4.142361,UKA00360,Automatic Urban and Rural Monitoring Network (AURN); PAH Digitel (solid phase)
DUP000042,json,openaq,16488,2488,EEA Plymouth Centre - UKA00360,1765,4815,2488 NO₂ mass,no2,10,2026-02-19 21:00:00+00,0.000,50.371670 -4.142361,,
DUP000042,json,sos,1885,1083,Plymouth Centre,540,406,"http://dd.eionet.europa.eu/vocabulary/aq/pollutant/8 1083 - Plymouth Centre-Nitrogen dioxide (air), Plymouth Centre-Nitrogen dioxide (air)",no2,15.3,2026-02-19 20:00:00+00,0.000,50.371670 -4.142361,,
DUP000043,aurn,aurn_register,,UKA00362,Wicken Fen,,,,no2,,,0,52.298500 0.290917,UKA00362,Automatic Urban and Rural Monitoring Network (AURN); Black Carbon
DUP000043,json,openaq,16404,804,EEA Wicken Fen - UKA00362,1525,4238,804 NO₂ mass,no2,10,2026-02-19 21:00:00+00,0.000,52.298500 0.290917,,
DUP000043,json,sos,2370,2743,Wicken Fen,574,511,"http://dd.eionet.europa.eu/vocabulary/aq/pollutant/8 2743 - Wicken Fen-Nitrogen dioxide (air), Wicken Fen-Nitrogen dioxide (air)",no2,10.71,2026-02-19 20:00:00+00,0.000,52.298500 0.290917,,
DUP000044,aurn,aurn_register,,UKA00380,Newport,,,,no2,,,0,51.601203 -2.977281,UKA00380,Automatic Urban and Rural Monitoring Network (AURN); Non-Automatic Hydrocarbon Network; PAH Digitel (solid phase)
DUP000044,json,openaq,16399,764,DEFRA Newport,1509,4267,764 NO₂ mass,no2,21,2026-02-19 21:00:00+00,0.000,51.601203 -2.977281,,
DUP000044,json,sos,1794,1059,Newport,535,382,"http://dd.eionet.europa.eu/vocabulary/aq/pollutant/8 1059 - Newport-Nitrogen dioxide (air), Newport-Nitrogen dioxide (air)",no2,,,0.000,51.601203 -2.977281,,
DUP000044,json,sos,7711,7637,Newport,647,2239,"http://dd.eionet.europa.eu/vocabulary/aq/pollutant/8 7637 - Newport-Nitrogen dioxide (air), Newport-Nitrogen dioxide (air)",no2,20.846,2026-02-19 21:00:00+00,0.000,51.601203 -2.977281,,
DUP000045,aurn,aurn_register,,UKA00381,Scunthorpe Town,,,,no2,,,0,53.586340 -0.636811,UKA00381,Automatic Urban and Rural Monitoring Network (AURN); Heavy Metals; Non-Automatic Hydrocarbon Network; PAH Digitel (solid phase)
DUP000045,json,openaq,16400,768,DEFRA Scunthorpe Town,1512,5046,768 NO₂ mass,no2,12,2026-02-19 10:00:00+00,0.000,53.586340 -0.636811,,
DUP000045,json,sos,2092,1111,Scunthorpe Town,545,440,"http://dd.eionet.europa.eu/vocabulary/aq/pollutant/8 1111 - Scunthorpe Town-Nitrogen dioxide (air), Scunthorpe Town-Nitrogen dioxide (air)",no2,,,0.000,53.586340 -0.636811,,
DUP000045,json,sos,7715,7648,Scunthorpe Town,651,2297,"http://dd.eionet.europa.eu/vocabulary/aq/pollutant/8 7648 - Scunthorpe Town-Nitrogen dioxide (air), Scunthorpe Town-Nitrogen dioxide (air)",no2,-99,2026-02-19 21:00:00+00,0.000,53.586340 -0.636811,,
DUP000046,aurn,aurn_register,,UKA00396,Cambridge Roadside,,,,no2,,,0,52.202370 0.124456,UKA00396,Automatic Urban and Rural Monitoring Network (AURN); Non-Automatic Hydrocarbon Network
DUP000046,json,openaq,16477,2449,DEFRA Cambridge Roadside,1728,4688,2449 NO₂ mass,no2,21,2026-02-19 21:00:00+00,0.000,52.202370 0.124456,,
DUP000046,json,sos,7707,7621,Cambridge Roadside,642,1983,"http://dd.eionet.europa.eu/vocabulary/aq/pollutant/8 7621 - Cambridge Roadside-Nitrogen dioxide (air), Cambridge Roadside-Nitrogen dioxide (air)",no2,21.229,2026-02-19 21:00:00+00,0.000,52.202370 0.124456,,
DUP000046,json,sos,467,808,Cambridge Roadside,665,116,"http://dd.eionet.europa.eu/vocabulary/aq/pollutant/8 808 - Cambridge Roadside-Nitrogen dioxide (air), Cambridge Roadside-Nitrogen dioxide (air)",no2,,,0.000,52.202370 0.124456,,
DUP000047,aurn,aurn_register,,UKA00406,Wirral Tranmere,,,,no2,,,0,53.372870 -3.022722,UKA00406,Automatic Urban and Rural Monitoring Network (AURN)
DUP000047,json,openaq,16505,2533,EEA Wirral Tranmere - UKA00406,1836,5022,2533 NO₂ mass,no2,23,2026-02-19 21:00:00+00,0.000,53.372870 -3.022722,,
DUP000047,json,sos,2388,1167,Wirral Tranmere,557,499,"http://dd.eionet.europa.eu/vocabulary/aq/pollutant/8 1167 - Wirral Tranmere-Nitrogen dioxide (air), Wirral Tranmere-Nitrogen dioxide (air)",no2,23.141,2026-02-19 20:00:00+00,0.000,53.372870 -3.022722,,
DUP000048,aurn,aurn_register,,UKA00408,Preston,,,,no2,,,0,53.765590 -2.680353,UKA00408,Automatic Urban and Rural Monitoring Network (AURN); PAH Digitel (solid phase)
DUP000048,json,openaq,16499,2517,EEA Preston - UKA00408,1808,5093,2517 NO₂ mass,no2,39,2026-02-19 21:00:00+00,0.000,53.765590 -2.680353,,
DUP000048,json,sos,1939,1093,Preston,542,415,"http://dd.eionet.europa.eu/vocabulary/aq/pollutant/8 1093 - Preston-Nitrogen dioxide (air), Preston-Nitrogen dioxide (air)",no2,38.441,2026-02-19 20:00:00+00,0.000,53.765590 -2.680353,,
DUP000049,aurn,aurn_register,,UKA00409,Southend-on-Sea,,,,no2,,,0,51.544166 0.678331,UKA00409,Automatic Urban and Rural Monitoring Network (AURN)
DUP000049,json,openaq,16504,2530,EEA Southend-on-Sea - UKA00409,1832,5005,2530 NO₂ mass,no2,11,2026-02-19 21:00:00+00,6.938,51.544206 0.678408,,
DUP000049,json,sos,2161,1118,Southend-on-Sea,547,447,"http://dd.eionet.europa.eu/vocabulary/aq/pollutant/8 1118 - Southend-on-Sea-Nitrogen dioxide (air), Southend-on-Sea-Nitrogen dioxide (air)",no2,13.961,2026-02-19 20:00:00+00,0.000,51.544166 0.678331,,
DUP000050,aurn,aurn_register,,UKA00420,Grangemouth,,,,no2,,,0,56.010319 -3.704399,UKA00420,Automatic Urban and Rural Monitoring Network (AURN); Non-Automatic Hydrocarbon Network
DUP000050,json,openaq,16443,2356,DEFRA Grangemouth,1637,5079276,2356 NO₂ mass,no2,5,2026-02-19 21:00:00+00,0.000,56.010319 -3.704399,,
DUP000050,json,sos,7700,7532,Grangemouth,633,2083,"http://dd.eionet.europa.eu/vocabulary/aq/pollutant/8 7532 - Grangemouth-Nitrogen dioxide (air), Grangemouth-Nitrogen dioxide (air)",no2,5.355,2026-02-19 21:00:00+00,0.000,56.010319 -3.704399,,
DUP000050,json,sos,910,905,Grangemouth,684,223,"http://dd.eionet.europa.eu/vocabulary/aq/pollutant/8 905 - Grangemouth-Nitrogen dioxide (air), Grangemouth-Nitrogen dioxide (air)",no2,,,0.000,56.010319 -3.704399,,
DUP000051,aurn,aurn_register,,UKA00421,Portsmouth,,,,no2,,,0,50.828810 -1.068583,UKA00421,Automatic Urban and Rural Monitoring Network (AURN); PAH Digitel (solid phase)
DUP000051,json,openaq,16502,2526,EEA Portsmouth - UKA00421,1822,5057,2526 NO₂ mass,no2,15,2026-02-19 21:00:00+00,0.000,50.828810 -1.068583,,
DUP000051,json,sos,1898,1087,Portsmouth,541,411,"http://dd.eionet.europa.eu/vocabulary/aq/pollutant/8 1087 - Portsmouth-Nitrogen dioxide (air), Portsmouth-Nitrogen dioxide (air)",no2,19.316,2026-02-19 20:00:00+00,0.000,50.828810 -1.068583,,
DUP000052,aurn,aurn_register,,UKA00428,Dumfries,,,,no2,,,0,55.070033 -3.614233,UKA00428,Automatic Urban and Rural Monitoring Network (AURN)
DUP000052,json,openaq,16462,2416,DEFRA Dumfries,1686,4530,2416 NO₂ mass,no2,12,2026-02-19 21:00:00+00,0.000,55.070033 -3.614233,,
DUP000052,json,sos,767,862,Dumfries,675,172,"http://dd.eionet.europa.eu/vocabulary/aq/pollutant/8 862 - Dumfries-Nitrogen dioxide (air), Dumfries-Nitrogen dioxide (air)",no2,11.857,2026-02-19 21:00:00+00,0.000,55.070033 -3.614233,,
DUP000053,aurn,aurn_register,,UKA00429,Bournemouth,,,,no2,,,0,50.739570 -1.826744,UKA00429,Automatic Urban and Rural Monitoring Network (AURN)
DUP000053,json,openaq,16428,2310,DEFRA Bournemouth,1596,4192,2310 NO₂ mass,no2,19,2026-02-19 21:00:00+00,0.000,50.739570 -1.826744,,
DUP000053,json,sos,410,789,Bournemouth,661,91,"http://dd.eionet.europa.eu/vocabulary/aq/pollutant/8 789 - Bournemouth-Nitrogen dioxide (air), Bournemouth-Nitrogen dioxide (air)",no2,19.316,2026-02-19 21:00:00+00,0.000,50.739570 -1.826744,,
DUP000054,aurn,aurn_register,,UKA00434,Inverness,,,,no2,,,0,57.481308 -4.241451,UKA00434,Automatic Urban and Rural Monitoring Network (AURN)
DUP000054,json,openaq,16410,968,DEFRA Inverness,1555,5079238,968 NO₂ mass,no2,7,2026-02-19 21:00:00+00,0.000,57.481308 -4.241451,,
DUP000054,json,sos,1180,952,Inverness,694,271,"http://dd.eionet.europa.eu/vocabulary/aq/pollutant/8 952 - Inverness-Nitrogen dioxide (air), Inverness-Nitrogen dioxide (air)",no2,7.459,2026-02-19 21:00:00+00,0.000,57.481308 -4.241451,,
DUP000055,aurn,aurn_register,,UKA00435,London Westminster,,,,no2,,,0,51.494670 -0.131931,UKA00435,Automatic Urban and Rural Monitoring Network (AURN); Heavy Metals
DUP000055,json,openaq,16387,159,DEFRA London Westminster,1468,258,159 NO₂ mass,no2,26,2026-02-19 21:00:00+00,0.000,51.494670 -0.131931,,
DUP000055,json,sos,1591,933,London Westminster,691,255,"http://dd.eionet.europa.eu/vocabulary/aq/pollutant/8 933 - London Westminster-Nitrogen dioxide (air), London Westminster-Nitrogen dioxide (air)",no2,25.436,2026-02-19 20:00:00+00,0.000,51.494670 -0.131931,,
DUP000056,aurn,aurn_register,,UKA00440,Wrexham,,,,no2,,,0,53.042282 -3.002829,UKA00440,Automatic Urban and Rural Monitoring Network (AURN)
DUP000056,json,openaq,16474,2442,EEA Wrexham - UKA00440,1720,4678,2442 NO₂ mass,no2,16,2026-02-19 21:00:00+00,7.691,53.042220 -3.002778,,
DUP000056,json,sos,2403,1183,Wrexham,561,519,"http://dd.eionet.europa.eu/vocabulary/aq/pollutant/8 1183 - Wrexham-Nitrogen dioxide (air), Wrexham-Nitrogen dioxide (air)",no2,15.491,2026-02-19 20:00:00+00,0.000,53.042282 -3.002829,,
DUP000057,aurn,aurn_register,,UKA00445,St Osyth,,,,no2,,,0,51.777874 1.049010,UKA00445,Automatic Urban and Rural Monitoring Network (AURN); Black Carbon
DUP000057,json,openaq,16417,1795,EEA St Osyth - UKA00445,1567,3171,1795 NO₂ mass,no2,9,2026-02-19 21:00:00+00,11.875,51.777980 1.049031,,
DUP000057,json,sos,2264,2722,St Osyth,571,388,"http://dd.eionet.europa.eu/vocabulary/aq/pollutant/8 2722 - St Osyth-Nitrogen dioxide (air), St Osyth-Nitrogen dioxide (air)",no2,8.797,2026-02-19 21:00:00+00,0.000,51.777874 1.049010,,
DUP000058,aurn,aurn_register,,UKA00450,Hull Freetown,,,,no2,,,0,53.748780 -0.341222,UKA00450,Automatic Urban and Rural Monitoring Network (AURN)
DUP000058,json,openaq,16494,2509,EEA Hull Freetown - UKA00450,1789,5076,2509 NO₂ mass,no2,36,2026-02-19 21:00:00+00,0.000,53.748780 -0.341222,,
DUP000058,json,sos,1161,945,Hull Freetown,693,263,"http://dd.eionet.europa.eu/vocabulary/aq/pollutant/8 945 - Hull Freetown-Nitrogen dioxide (air), Hull Freetown-Nitrogen dioxide (air)",no2,22.95,2026-02-19 20:00:00+00,0.000,53.748780 -0.341222,,
DUP000059,aurn,aurn_register,,UKA00454,Edinburgh St Leonards,,,,no2,,,0,55.945589 -3.182186,UKA00454,Automatic Urban and Rural Monitoring Network (AURN); PAH Digitel (solid phase)
DUP000059,json,openaq,16409,955,DEFRA Edinburgh St Leonards,1550,1741,955 NO₂ mass,no2,10,2026-02-19 21:00:00+00,0.000,55.945589 -3.182186,,
DUP000059,json,sos,811,880,Edinburgh St Leonards,679,193,"http://dd.eionet.europa.eu/vocabulary/aq/pollutant/8 880 - Edinburgh St Leonards-Nitrogen dioxide (air), Edinburgh St Leonards-Nitrogen dioxide (air)",no2,10.328,2026-02-19 21:00:00+00,0.000,55.945589 -3.182186,,
DUP000060,aurn,aurn_register,,UKA00462,Reading New Town,,,,no2,,,0,51.453090 -0.944067,UKA00462,Automatic Urban and Rural Monitoring Network (AURN)
DUP000060,json,openaq,16484,2479,DEFRA Reading New Town,1749,5264,2479 NO₂ mass,no2,24,2026-02-19 21:00:00+00,0.000,51.453090 -0.944067,,
DUP000060,json,openaq,16753,225778,LAQN Reading - New Town,2609,1304733,225778 NO₂ mass,no2,,,29.693,51.452985 -0.944461,,
DUP000060,json,sos,1951,1104,Reading New Town,544,427,"http://dd.eionet.europa.eu/vocabulary/aq/pollutant/8 1104 - Reading New Town-Nitrogen dioxide (air), Reading New Town-Nitrogen dioxide (air)",no2,19.699,2026-02-19 20:00:00+00,0.000,51.453090 -0.944067,,
DUP000061,aurn,aurn_register,,UKA00472,London Harlington,,,,no2,,,0,51.488790 -0.441614,UKA00472,Automatic Urban and Rural Monitoring Network (AURN)
DUP000061,json,openaq,16373,141,EEA London Harlington - UKA00472,1416,237,141 NO₂ mass,no2,21,2026-02-19 21:00:00+00,0.000,51.488790 -0.441614,,
DUP000061,json,sos,1476,939,London Harlington,692,259,"http://dd.eionet.europa.eu/vocabulary/aq/pollutant/8 939 - London Harlington-Nitrogen dioxide (air), London Harlington-Nitrogen dioxide (air)",no2,18.876,2026-02-19 21:00:00+00,0.000,51.488790 -0.441614,,
DUP000062,aurn,aurn_register,,UKA00482,Wigan Centre,,,,no2,,,0,53.549140 -2.638139,UKA00482,Automatic Urban and Rural Monitoring Network (AURN)
DUP000062,json,openaq,16422,2293,EEA Wigan Centre - UKA00482,1583,4144,2293 NO₂ mass,no2,28,2026-02-19 21:00:00+00,0.000,53.549140 -2.638139,,
DUP000062,json,sos,2380,1177,Wigan Centre,560,515,"http://dd.eionet.europa.eu/vocabulary/aq/pollutant/8 1177 - Wigan Centre-Nitrogen dioxide (air), Wigan Centre-Nitrogen dioxide (air)",no2,,,0.000,53.549140 -2.638139,,
DUP000062,json,sos,7717,7655,Wigan Centre,653,2371,"http://dd.eionet.europa.eu/vocabulary/aq/pollutant/8 7655 - Wigan Centre-Nitrogen dioxide (air), Wigan Centre-Nitrogen dioxide (air)",no2,30.026,2026-02-19 20:00:00+00,0.000,53.549140 -2.638139,,
DUP000063,aurn,aurn_register,,UKA00483,Brighton Preston Park,,,,no2,,,0,50.840836 -0.147572,UKA00483,Automatic Urban and Rural Monitoring Network (AURN)
DUP000063,json,openaq,16444,2360,EEA Brighton Preston Park - UKA00483,1641,4339,2360 NO₂ mass,no2,14,2026-02-19 21:00:00+00,0.000,50.840836 -0.147572,,
DUP000063,json,openaq,16691,225706,LAQN Brighton and Hove - Preston Park,2465,1304548,225706 NO₂ mass,no2,,,12.233,50.840726 -0.147575,,
DUP000063,json,sos,421,800,Brighton Preston Park,663,103,"http://dd.eionet.europa.eu/vocabulary/aq/pollutant/8 800 - Brighton Preston Park-Nitrogen dioxide (air), Brighton Preston Park-Nitrogen dioxide (air)",no2,14.344,2026-02-19 20:00:00+00,0.000,50.840836 -0.147572,,
DUP000064,aurn,aurn_register,,UKA00484,Sunderland Silksworth,,,,no2,,,0,54.883610 -1.406878,UKA00484,Automatic Urban and Rural Monitoring Network (AURN)
DUP000064,json,openaq,16519,2578,EEA Sunderland Silksworth - UKA00484,1886,5079319,2578 NO₂ mass,no2,53,2026-02-19 21:00:00+00,0.000,54.883610 -1.406878,,
DUP000064,json,sos,2273,1149,Sunderland Silksworth,553,479,"http://dd.eionet.europa.eu/vocabulary/aq/pollutant/8 1149 - Sunderland Silksworth-Nitrogen dioxide (air), Sunderland Silksworth-Nitrogen dioxide (air)",no2,,,0.000,54.883610 -1.406878,,
DUP000064,json,sos,7716,7652,Sunderland Silksworth,652,2335,"http://dd.eionet.europa.eu/vocabulary/aq/pollutant/8 7652 - Sunderland Silksworth-Nitrogen dioxide (air), Sunderland Silksworth-Nitrogen dioxide (air)",no2,38.633,2026-02-19 20:00:00+00,0.000,54.883610 -1.406878,,
DUP000065,aurn,aurn_register,,UKA00488,Blackpool Marton,,,,no2,,,0,53.804890 -3.007175,UKA00488,Automatic Urban and Rural Monitoring Network (AURN)
DUP000065,json,openaq,16437,2336,DEFRA Blackpool Marton,1617,4269,2336 NO₂ mass,no2,20,2026-02-19 21:00:00+00,0.000,53.804890 -3.007175,,
DUP000065,json,sos,373,783,Blackpool Marton,660,85,"http://dd.eionet.europa.eu/vocabulary/aq/pollutant/8 783 - Blackpool Marton-Nitrogen dioxide (air), Blackpool Marton-Nitrogen dioxide (air)",no2,19.89,2026-02-19 21:00:00+00,0.000,53.804890 -3.007175,,
DUP000066,aurn,aurn_register,,UKA00489,Leominster,,,,no2,,,0,52.221593 -2.736840,UKA00489,Automatic Urban and Rural Monitoring Network (AURN)
DUP000066,json,openaq,16468,2427,EEA Leominster - UKA00489,1703,4628,2427 NO₂ mass,no2,6,2026-02-19 21:00:00+00,20.231,52.221740 -2.736665,,
DUP000066,json,sos,1324,992,Leominster,701,308,"http://dd.eionet.europa.eu/vocabulary/aq/pollutant/8 992 - Leominster-Nitrogen dioxide (air), Leominster-Nitrogen dioxide (air)",no2,6.12,2026-02-19 21:00:00+00,0.000,52.221593 -2.736840,,
DUP000067,aurn,aurn_register,,UKA00494,Bristol St Paul's,,,,no2,,,0,51.462839 -2.584482,UKA00494,Automatic Urban and Rural Monitoring Network (AURN); PAH Digitel (solid phase)
DUP000067,json,openaq,16397,731,DEFRA Bristol St Paul's,1501,5079231,731 NO₂ mass,no2,34,2026-02-19 21:00:00+00,0.000,51.462839 -2.584482,,
DUP000067,json,sos,434,794,Bristol St Paul's,662,99,"http://dd.eionet.europa.eu/vocabulary/aq/pollutant/8 794 - Bristol St Paul's-Nitrogen dioxide (air), Bristol St Paul's-Nitrogen dioxide (air)",no2,34.234,2026-02-19 21:00:00+00,0.000,51.462839 -2.584482,,
DUP000068,aurn,aurn_register,,UKA00495,Fort William,,,,no2,,,0,56.822660 -5.101102,UKA00495,Automatic Urban and Rural Monitoring Network (AURN)
DUP000068,json,openaq,16473,2438,DEFRA Fort William,1718,4652,2438 NO₂ mass,no2,6,2026-02-19 21:00:00+00,0.000,56.822660 -5.101102,,
DUP000068,json,sos,839,889,Fort William,681,204,"http://dd.eionet.europa.eu/vocabulary/aq/pollutant/8 889 - Fort William-Nitrogen dioxide (air), Fort William-Nitrogen dioxide (air)",no2,5.929,2026-02-19 21:00:00+00,0.000,56.822660 -5.101102,,
DUP000069,aurn,aurn_register,,UKA00497,Swansea Roadside,,,,no2,,,0,51.632696 -3.947374,UKA00497,Automatic Urban and Rural Monitoring Network (AURN)
DUP000069,json,openaq,16518,2577,EEA Swansea Roadside - UKA00497,1883,5289,2577 NO₂ mass,no2,29,2026-02-19 21:00:00+00,0.000,51.632696 -3.947374,,
DUP000069,json,sos,2308,1154,Swansea Roadside,554,485,"http://dd.eionet.europa.eu/vocabulary/aq/pollutant/8 1154 - Swansea Roadside-Nitrogen dioxide (air), Swansea Roadside-Nitrogen dioxide (air)",no2,29.453,2026-02-19 21:00:00+00,0.000,51.632696 -3.947374,,
DUP000070,aurn,aurn_register,,UKA00501,Port Talbot Margam,,,,no2,,,0,51.583950 -3.770822,UKA00501,Automatic Urban and Rural Monitoring Network (AURN); Heavy Metals; Non-Automatic Hydrocarbon Network; PAH Digitel (solid phase)
DUP000070,json,openaq,16408,946,DEFRA Port Talbot Margam,1544,5099,946 NO₂ mass,no2,31,2026-02-19 21:00:00+00,0.000,51.583950 -3.770822,,
DUP000070,json,sos,1928,1096,Port Talbot Margam,543,421,"http://dd.eionet.europa.eu/vocabulary/aq/pollutant/8 1096 - Port Talbot Margam-Nitrogen dioxide (air), Port Talbot Margam-Nitrogen dioxide (air)",no2,34.807,2026-02-19 20:00:00+00,0.000,51.583950 -3.770822,,
DUP000071,aurn,aurn_register,,UKA00503,Ballymena Ballykeel,,,,no2,,,0,54.861595 -6.250873,UKA00503,Automatic Urban and Rural Monitoring Network (AURN); Black Carbon; PAH Digitel (solid phase)
DUP000071,json,openaq,16396,726,EEA Ballymena Ballykeel - UKA00503,1499,5304,726 NO₂ mass,no2,27,2026-02-19 21:00:00+00,0.000,54.861595 -6.250873,,
DUP000071,json,sos,221,4075,Ballymena Ballykeel,,,Ballymena Ballykeel-Nitrogen dioxide (air),no2,,,0.000,54.861595 -6.250873,,
DUP000071,json,sos,7673,6433,Ballymena Ballykeel,603,3599,"http://dd.eionet.europa.eu/vocabulary/aq/pollutant/8 6433 - Ballymena Ballykeel-Nitrogen dioxide (air), Ballymena Ballykeel-Nitrogen dioxide (air)",no2,26.966,2026-02-19 21:00:00+00,0.000,54.861595 -6.250873,,
DUP000072,aurn,aurn_register,,UKA00511,Horley,,,,no2,,,0,51.165865 -0.167734,UKA00511,Automatic Urban and Rural Monitoring Network (AURN); Particle Concentrations and Numbers Network
DUP000072,json,openaq,16508,2541,DEFRA Horley,1847,5054,2541 NO₂ mass,no2,17,2026-02-19 21:00:00+00,0.000,51.165865 -0.167734,,
DUP000072,json,sos,1126,930,Horley,690,253,"http://dd.eionet.europa.eu/vocabulary/aq/pollutant/8 930 - Horley-Nitrogen dioxide (air), Horley-Nitrogen dioxide (air)",no2,16.83,2026-02-19 21:00:00+00,0.000,51.165865 -0.167734,,
DUP000073,aurn,aurn_register,,UKA00515,Chepstow A48,,,,no2,,,0,51.638094 -2.678731,UKA00515,Automatic Urban and Rural Monitoring Network (AURN)
DUP000073,json,openaq,16513,2553,DEFRA Chepstow A48,1865,5160,2553 NO₂ mass,no2,39,2026-02-19 21:00:00+00,0.000,51.638094 -2.678731,,
DUP000073,json,sos,7708,7624,Chepstow A48,643,2006,"http://dd.eionet.europa.eu/vocabulary/aq/pollutant/8 7624 - Chepstow A48-Nitrogen dioxide (air), Chepstow A48-Nitrogen dioxide (air)",no2,38.633,2026-02-19 21:00:00+00,0.000,51.638094 -2.678731,,
DUP000073,json,sos,568,828,Chepstow A48,671,139,"http://dd.eionet.europa.eu/vocabulary/aq/pollutant/8 828 - Chepstow A48-Nitrogen dioxide (air), Chepstow A48-Nitrogen dioxide (air)",no2,,,0.000,51.638094 -2.678731,,
DUP000074,aurn,aurn_register,,UKA00518,Oxford St Ebbes,,,,no2,,,0,51.744806 -1.260278,UKA00518,Automatic Urban and Rural Monitoring Network (AURN); Non-Automatic Hydrocarbon Network
DUP000074,json,openaq,16482,2469,DEFRA Oxford St Ebbes,1742,4746,2469 NO₂ mass,no2,16,2026-02-19 21:00:00+00,0.000,51.744806 -1.260278,,
DUP000074,json,sos,1865,1075,Oxford St Ebbes,538,394,"http://dd.eionet.europa.eu/vocabulary/aq/pollutant/8 1075 - Oxford St Ebbes-Nitrogen dioxide (air), Oxford St Ebbes-Nitrogen dioxide (air)",no2,,,0.000,51.744806 -1.260278,,
DUP000074,json,sos,7713,7643,Oxford St Ebbes,649,2251,"http://dd.eionet.europa.eu/vocabulary/aq/pollutant/8 7643 - Oxford St Ebbes-Nitrogen dioxide (air), Oxford St Ebbes-Nitrogen dioxide (air)",no2,16.256,2026-02-19 21:00:00+00,0.000,51.744806 -1.260278,,
DUP000075,aurn,aurn_register,,UKA00523,York Bootham,,,,no2,,,0,53.967513 -1.086514,UKA00523,Automatic Urban and Rural Monitoring Network (AURN); Non-Automatic Hydrocarbon Network
DUP000075,json,openaq,16398,742,DEFRA York Bootham,1505,7823,742 NO₂ mass,no2,27,2026-02-19 21:00:00+00,0.000,53.967513 -1.086514,,
DUP000075,json,sos,2433,785704,York Bootham,,,York Bootham-Nitrogen dioxide (air),no2,,,0.000,53.967513 -1.086514,,
DUP000075,json,sos,7718,7658,York Bootham,654,4171,"http://dd.eionet.europa.eu/vocabulary/aq/pollutant/8 7658 - York Bootham-Nitrogen dioxide (air), York Bootham-Nitrogen dioxide (air)",no2,17.595,2026-02-19 20:00:00+00,0.000,53.967513 -1.086514,,
DUP000076,aurn,aurn_register,,UKA00524,York Fishergate,,,,no2,,,0,53.951889 -1.075861,UKA00524,Automatic Urban and Rural Monitoring Network (AURN); Non-Automatic Hydrocarbon Network
DUP000076,json,openaq,16509,2544,DEFRA York Fishergate,1850,5087,2544 NO₂ mass,no2,50,2026-02-19 21:00:00+00,0.000,53.951889 -1.075861,,
DUP000076,json,sos,2444,1189,York Fishergate,562,525,"http://dd.eionet.europa.eu/vocabulary/aq/pollutant/8 1189 - York Fishergate-Nitrogen dioxide (air), York Fishergate-Nitrogen dioxide (air)",no2,,,0.000,53.951889 -1.075861,,
DUP000076,json,sos,7719,7661,York Fishergate,656,2381,"http://dd.eionet.europa.eu/vocabulary/aq/pollutant/8 7661 - York Fishergate-Nitrogen dioxide (air), York Fishergate-Nitrogen dioxide (air)",no2,51.638,2026-02-19 20:00:00+00,0.000,53.951889 -1.075861,,
DUP000077,aurn,aurn_register,,UKA00525,Stanford-le-Hope Roadside,,,,no2,,,0,51.518167 0.439548,UKA00525,Automatic Urban and Rural Monitoring Network (AURN); UK Urban NO2 Network
DUP000077,json,openaq,16489,2489,DEFRA Stanford-le-Hope Roadside,1769,4802,2489 NO₂ mass,no2,25,2026-02-19 14:00:00+00,0.000,51.518167 0.439548,,
DUP000077,json,sos,2198,925,Stanford-le-Hope Roadside,689,250,"http://dd.eionet.europa.eu/vocabulary/aq/pollutant/8 925 - Stanford-le-Hope Roadside-Nitrogen dioxide (air), Stanford-le-Hope Roadside-Nitrogen dioxide (air)",no2,-99,2026-02-19 21:00:00+00,0.000,51.518167 0.439548,,
DUP000078,aurn,aurn_register,,UKA00527,Leeds Headingley Kerbside,,,,no2,,,0,53.819972 -1.576361,UKA00527,Automatic Urban and Rural Monitoring Network (AURN); UK Urban NO2 Network
DUP000078,json,openaq,16414,1396,DEFRA Leeds Headingley Kerbside,1561,2500,1396 NO₂ mass,no2,40,2026-02-19 21:00:00+00,0.000,53.819972 -1.576361,,
DUP000078,json,sos,1276,974,Leeds Headingley Kerbside,698,298,"http://dd.eionet.europa.eu/vocabulary/aq/pollutant/8 974 - Leeds Headingley Kerbside-Nitrogen dioxide (air), Leeds Headingley Kerbside-Nitrogen dioxide (air)",no2,39.78,2026-02-19 21:00:00+00,0.000,53.819972 -1.576361,,
DUP000079,aurn,aurn_register,,UKA00528,Newcastle Cradlewell Roadside,,,,no2,,,0,54.986405 -1.595362,UKA00528,Automatic Urban and Rural Monitoring Network (AURN); UK Urban NO2 Network
DUP000079,json,openaq,16439,2338,EEA Newcastle Cradlewell Roadside - UKA00528,1626,4274,2338 NO₂ mass,no2,68,2026-02-19 21:00:00+00,0.000,54.986405 -1.595362,,
DUP000079,json,sos,1768,1038,Newcastle Cradlewell Roadside,529,363,"http://dd.eionet.europa.eu/vocabulary/aq/pollutant/8 1038 - Newcastle Cradlewell Roadside-Nitrogen dioxide (air), Newcastle Cradlewell Roadside-Nitrogen dioxide (air)",no2,66.555,2026-02-19 20:00:00+00,0.000,54.986405 -1.595362,,
DUP000080,aurn,aurn_register,,UKA00529,Chesterfield Roadside,,,,no2,,,0,53.231751 -1.456928,UKA00529,Automatic Urban and Rural Monitoring Network (AURN); Non-Automatic Hydrocarbon Network; UK Urban NO2 Network
DUP000080,json,openaq,16406,865,DEFRA Chesterfield Roadside,1535,1557,865 NO₂ mass,no2,20,2026-02-19 21:00:00+00,3.396,53.231722 -1.456944,,
DUP000080,json,sos,592,836,Chesterfield Roadside,645,2010,"http://dd.eionet.europa.eu/vocabulary/aq/pollutant/8 7630 - Chesterfield Roadside-Nitrogen dioxide (air), Chesterfield Roadside-Nitrogen dioxide (air)",no2,20.273,2026-02-19 21:00:00+00,0.000,53.231751 -1.456928,,
DUP000080,json,sos,592,836,Chesterfield Roadside,672,144,"http://dd.eionet.europa.eu/vocabulary/aq/pollutant/8 836 - Chesterfield Roadside-Nitrogen dioxide (air), Chesterfield Roadside-Nitrogen dioxide (air)",no2,,,0.000,53.231751 -1.456928,,
DUP000081,aurn,aurn_register,,UKA00535,Stockton-on-Tees Eaglescliffe,,,,no2,,,0,54.516667 -1.358547,UKA00535,Automatic Urban and Rural Monitoring Network (AURN); Non-Automatic Hydrocarbon Network
DUP000081,json,openaq,16392,414,EEA Stockton-on-Tees Eaglescliffe - UKA00535,1486,5320,414 NO₂ mass,no2,7,2026-02-19 21:00:00+00,0.000,54.516667 -1.358547,,
DUP000081,json,sos,2215,864,Stockton-on-Tees Eaglescliffe,676,176,"http://dd.eionet.europa.eu/vocabulary/aq/pollutant/8 864 - Stockton-on-Tees Eaglescliffe-Nitrogen dioxide (air), Stockton-on-Tees Eaglescliffe-Nitrogen dioxide (air)",no2,7.268,2026-02-19 21:00:00+00,0.000,54.516667 -1.358547,,
DUP000082,aurn,aurn_register,,UKA00537,Charlton Mackrell,,,,no2,,,0,51.056250 -2.683450,UKA00537,Automatic Urban and Rural Monitoring Network (AURN)
DUP000082,json,openaq,16453,2389,EEA Charlton Mackrell - UKA00537,1663,4444,2389 NO₂ mass,no2,9,2026-02-19 21:00:00+00,0.000,51.056250 -2.683450,,
DUP000082,json,sos,553,2715,Charlton Mackrell,570,334,"http://dd.eionet.europa.eu/vocabulary/aq/pollutant/8 2715 - Charlton Mackrell-Nitrogen dioxide (air), Charlton Mackrell-Nitrogen dioxide (air)",no2,9.18,2026-02-19 21:00:00+00,0.000,51.056250 -2.683450,,
DUP000083,aurn,aurn_register,,UKA00538,Warrington,,,,no2,,,0,53.389225 -2.615593,UKA00538,Automatic Urban and Rural Monitoring Network (AURN)
DUP000083,json,openaq,16483,2475,DEFRA Warrington,1746,4756,2475 NO₂ mass,no2,34,2026-02-19 21:00:00+00,16.741,53.389280 -2.615358,,
DUP000083,json,sos,2354,1173,Warrington,559,507,"http://dd.eionet.europa.eu/vocabulary/aq/pollutant/8 1173 - Warrington-Nitrogen dioxide (air), Warrington-Nitrogen dioxide (air)",no2,19.89,2026-02-19 20:00:00+00,0.000,53.389225 -2.615593,,
DUP000084,aurn,aurn_register,,UKA00541,Armagh Roadside,,,,no2,,,0,54.353728 -6.654558,UKA00541,Automatic Urban and Rural Monitoring Network (AURN); PAH Digitel (solid phase)
DUP000084,json,openaq,16452,2386,DEFRA Armagh Roadside,1661,5079288,2386 NO₂ mass,no2,43,2026-02-19 21:00:00+00,0.000,54.353728 -6.654558,,
DUP000084,json,sos,24,748,Armagh Roadside,631,41,"http://dd.eionet.europa.eu/vocabulary/aq/pollutant/8 748 - Armagh Roadside-Nitrogen dioxide (air), Armagh Roadside-Nitrogen dioxide (air)",no2,,,0.000,54.353728 -6.654558,,
DUP000084,json,sos,7704,7612,Armagh Roadside,639,1917,"http://dd.eionet.europa.eu/vocabulary/aq/pollutant/8 7612 - Armagh Roadside-Nitrogen dioxide (air), Armagh Roadside-Nitrogen dioxide (air)",no2,43.222,2026-02-19 21:00:00+00,0.000,54.353728 -6.654558,,
DUP000085,aurn,aurn_register,,UKA00544,Grangemouth Moray,,,,no2,,,0,56.013142 -3.710833,UKA00544,Automatic Urban and Rural Monitoring Network (AURN)
DUP000085,json,openaq,16442,2355,DEFRA Grangemouth Moray,1636,4326,2355 NO₂ mass,no2,13,2026-02-19 20:00:00+00,0.000,56.013142 -3.710833,,
DUP000085,json,sos,907,903,Grangemouth Moray,683,220,"http://dd.eionet.europa.eu/vocabulary/aq/pollutant/8 903 - Grangemouth Moray-Nitrogen dioxide (air), Grangemouth Moray-Nitrogen dioxide (air)",no2,-99,2026-02-19 21:00:00+00,0.000,56.013142 -3.710833,,
DUP000086,aurn,aurn_register,,UKA00546,Eastbourne,,,,no2,,,0,50.805778 0.271611,UKA00546,Automatic Urban and Rural Monitoring Network (AURN)
DUP000086,json,openaq,16500,2520,EEA Eastbourne - UKA00546,1812,5079300,2520 NO₂ mass,no2,11,2026-02-19 21:00:00+00,0.000,50.805778 0.271611,,
DUP000086,json,sos,776,870,Eastbourne,677,184,"http://dd.eionet.europa.eu/vocabulary/aq/pollutant/8 870 - Eastbourne-Nitrogen dioxide (air), Eastbourne-Nitrogen dioxide (air)",no2,10.71,2026-02-19 21:00:00+00,0.000,50.805778 0.271611,,
DUP000087,aurn,aurn_register,,UKA00548,Storrington Roadside,,,,no2,,,0,50.916932 -0.449548,UKA00548,Automatic Urban and Rural Monitoring Network (AURN)
DUP000087,json,openaq,16401,794,DEFRA Storrington Roadside,1516,1373,794 NO₂ mass,no2,17,2026-02-19 21:00:00+00,0.000,50.916932 -0.449548,,
DUP000087,json,sos,2257,1147,Storrington Roadside,552,476,"http://dd.eionet.europa.eu/vocabulary/aq/pollutant/8 1147 - Storrington Roadside-Nitrogen dioxide (air), Storrington Roadside-Nitrogen dioxide (air)",no2,25.054,2026-02-19 20:00:00+00,0.000,50.916932 -0.449548,,
DUP000088,aurn,aurn_register,,UKA00549,Norwich Lakenfields,,,,no2,,,0,52.614823 1.302686,UKA00549,Automatic Urban and Rural Monitoring Network (AURN); Non-Automatic Hydrocarbon Network
DUP000088,json,sos,1819,1047,Norwich Lakenfields,531,371,"http://dd.eionet.europa.eu/vocabulary/aq/pollutant/8 1047 - Norwich Lakenfields-Nitrogen dioxide (air), Norwich Lakenfields-Nitrogen dioxide (air)",no2,25.819,2026-02-19 20:00:00+00,0.000,52.614823 1.302686,,
DUP000089,aurn,aurn_register,,UKA00551,Peebles,,,,no2,,,0,55.657472 -3.196527,UKA00551,Automatic Urban and Rural Monitoring Network (AURN)
DUP000089,json,openaq,16426,2308,DEFRA Peebles,1591,4268,2308 NO₂ mass,no2,6,2026-02-19 21:00:00+00,0.000,55.657472 -3.196527,,
DUP000089,json,sos,1875,1079,Peebles,539,397,"http://dd.eionet.europa.eu/vocabulary/aq/pollutant/8 1079 - Peebles-Nitrogen dioxide (air), Peebles-Nitrogen dioxide (air)",no2,10.136,2026-02-19 20:00:00+00,0.000,55.657472 -3.196527,,
DUP000090,aurn,aurn_register,,UKA00553,Chatham Roadside,,,,no2,,,0,51.374264 0.547970,UKA00553,Automatic Urban and Rural Monitoring Network (AURN); Non-Automatic Hydrocarbon Network; UK Urban NO2 Network
DUP000090,json,openaq,16515,2560,DEFRA Chatham Roadside,1873,5079307,2560 NO₂ mass,no2,34,2026-02-19 21:00:00+00,0.000,51.374264 0.547970,,
DUP000090,json,sos,560,824,Chatham Roadside,670,135,"http://dd.eionet.europa.eu/vocabulary/aq/pollutant/8 824 - Chatham Roadside-Nitrogen dioxide (air), Chatham Roadside-Nitrogen dioxide (air)",no2,34.234,2026-02-19 21:00:00+00,0.000,51.374264 0.547970,,
DUP000091,aurn,aurn_register,,UKA00555,Dumbarton Roadside,,,,no2,,,0,55.943197 -4.559730,UKA00555,Automatic Urban and Rural Monitoring Network (AURN)
DUP000091,json,openaq,16460,2413,DEFRA Dumbarton Roadside,1684,4527,2413 NO₂ mass,no2,10,2026-02-19 21:00:00+00,0.000,55.943197 -4.559730,,
DUP000091,json,sos,7699,7526,Dumbarton Roadside,632,2034,"http://dd.eionet.europa.eu/vocabulary/aq/pollutant/8 7526 - Dumbarton Roadside-Nitrogen dioxide (air), Dumbarton Roadside-Nitrogen dioxide (air)",no2,8.033,2026-02-19 20:00:00+00,0.000,55.943197 -4.559730,,
DUP000091,json,sos,764,860,Dumbarton Roadside,674,170,"http://dd.eionet.europa.eu/vocabulary/aq/pollutant/8 860 - Dumbarton Roadside-Nitrogen dioxide (air), Dumbarton Roadside-Nitrogen dioxide (air)",no2,,,0.000,55.943197 -4.559730,,
DUP000092,aurn,aurn_register,,UKA00558,Southwark A2 Old Kent Road,,,,no2,,,0,51.480499 -0.059550,UKA00558,Automatic Urban and Rural Monitoring Network (AURN)
DUP000092,json,openaq,16374,146,DEFRA Southwark A2 Old Kent Road,1420,251,146 NO₂ mass,no2,32,2026-02-19 21:00:00+00,0.000,51.480499 -0.059550,,
DUP000092,json,sos,2192,1130,Southwark A2 Old Kent Road,549,460,"http://dd.eionet.europa.eu/vocabulary/aq/pollutant/8 1130 - Southwark A2 Old Kent Road-Nitrogen dioxide (air), Southwark A2 Old Kent Road-Nitrogen dioxide (air)",no2,34.999,2026-02-19 20:00:00+00,0.000,51.480499 -0.059550,,
DUP000093,aurn,aurn_register,,UKA00561,Lincoln Canwick Road,,,,no2,,,0,53.221432 -0.534204,UKA00561,Automatic Urban and Rural Monitoring Network (AURN)
DUP000093,json,openaq,16456,2396,EEA Lincoln Canwick Road - UKA00561,1674,4477,2396 NO₂ mass,no2,36.52875,2026-02-19 15:00:00+00,6.636,53.221373 -0.534189,,
DUP000093,json,sos,1330,996,Lincoln Canwick Road,702,316,"http://dd.eionet.europa.eu/vocabulary/aq/pollutant/8 996 - Lincoln Canwick Road-Nitrogen dioxide (air), Lincoln Canwick Road-Nitrogen dioxide (air)",no2,25.819,2026-02-19 21:00:00+00,0.000,53.221432 -0.534204,,
DUP000094,aurn,aurn_register,,UKA00564,Leamington Spa Rugby Road,,,,no2,,,0,52.294884 -1.542911,UKA00564,Automatic Urban and Rural Monitoring Network (AURN); UK Urban NO2 Network
DUP000094,json,openaq,16506,2534,DEFRA Leamington Spa Rugby Road,1840,5030,2534 NO₂ mass,no2,33,2026-02-19 21:00:00+00,0.000,52.294884 -1.542911,,
DUP000094,json,sos,1255,972,Leamington Spa Rugby Road,697,290,"http://dd.eionet.europa.eu/vocabulary/aq/pollutant/8 972 - Leamington Spa Rugby Road-Nitrogen dioxide (air), Leamington Spa Rugby Road-Nitrogen dioxide (air)",no2,34.999,2026-02-19 20:00:00+00,0.000,52.294884 -1.542911,,
DUP000095,aurn,aurn_register,,UKA00565,Walsall Woodlands,,,,no2,,,0,52.605641 -2.030371,UKA00565,Automatic Urban and Rural Monitoring Network (AURN)
DUP000095,json,openaq,16478,2450,DEFRA Walsall Woodlands,1729,4703,2450 NO₂ mass,no2,24,2026-02-19 21:00:00+00,10.502,52.605621 -2.030523,,
DUP000095,json,sos,2350,1169,Walsall Woodlands,558,503,"http://dd.eionet.europa.eu/vocabulary/aq/pollutant/8 1169 - Walsall Woodlands-Nitrogen dioxide (air), Walsall Woodlands-Nitrogen dioxide (air)",no2,26.584,2026-02-19 20:00:00+00,0.000,52.605641 -2.030371,,
DUP000096,aurn,aurn_register,,UKA00566,Honiton,,,,no2,,,0,50.792287 -3.196702,UKA00566,Automatic Urban and Rural Monitoring Network (AURN)
DUP000096,json,openaq,16440,2339,EEA Honiton - UKA00566,1629,4276,2339 NO₂ mass,no2,8,2026-02-19 13:00:00+00,0.000,50.792287 -3.196702,,
DUP000096,json,sos,1120,922,Honiton,688,247,"http://dd.eionet.europa.eu/vocabulary/aq/pollutant/8 922 - Honiton-Nitrogen dioxide (air), Honiton-Nitrogen dioxide (air)",no2,-99,2026-02-19 20:00:00+00,0.000,50.792287 -3.196702,,
DUP000097,aurn,aurn_register,,UKA00568,London Haringey Priory Park South,,,,no2,,,0,51.584128 -0.125254,UKA00568,Automatic Urban and Rural Monitoring Network (AURN)
DUP000097,json,openaq,16378,150,EEA London Haringey Priory Park South - UKA00568,1434,231,150 NO₂ mass,no2,21,2026-02-19 21:00:00+00,0.000,51.584128 -0.125254,,
DUP000097,json,openaq,16752,225777,LAQN Haringey  - Priory Park South,2607,1304617,225777 NO₂ mass,no2,,,19.588,51.583977 -0.125400,,
DUP000097,json,sos,1472,916,London Haringey Priory Park South,686,238,"http://dd.eionet.europa.eu/vocabulary/aq/pollutant/8 916 - London Haringey Priory Park South-Nitrogen dioxide (air), London Haringey Priory Park South-Nitrogen dioxide (air)",no2,22.95,2026-02-19 19:00:00+00,0.000,51.584128 -0.125254,,
DUP000098,aurn,aurn_register,,UKA00573,Leicester University,,,,no2,,,0,52.619904 -1.127182,UKA00573,Automatic Urban and Rural Monitoring Network (AURN)
DUP000098,json,openaq,16498,2516,DEFRA Leicester University,1804,4932,2516 NO₂ mass,no2,28,2026-02-19 21:00:00+00,12.528,52.619823 -1.127311,,
DUP000098,json,sos,1318,3900,Leicester University,576,293,"http://dd.eionet.europa.eu/vocabulary/aq/pollutant/8 3900 - Leicester University-Nitrogen dioxide (air), Leicester University-Nitrogen dioxide (air)",no2,27.731,2026-02-19 21:00:00+00,0.000,52.619904 -1.127182,,
DUP000099,aurn,aurn_register,,UKA00575,Sheffield Devonshire Green,,,,no2,,,0,53.378622 -1.478096,UKA00575,Automatic Urban and Rural Monitoring Network (AURN); Heavy Metals; Non-Automatic Hydrocarbon Network
DUP000099,json,openaq,16493,2508,EEA Sheffield Devonshire Green - UKA00575,1785,5079297,2508 NO₂ mass,no2,24,2026-02-19 21:00:00+00,0.000,53.378622 -1.478096,,
DUP000099,json,sos,2122,3905,Sheffield Devonshire Green,577,452,"http://dd.eionet.europa.eu/vocabulary/aq/pollutant/8 3905 - Sheffield Devonshire Green-Nitrogen dioxide (air), Sheffield Devonshire Green-Nitrogen dioxide (air)",no2,23.906,2026-02-19 21:00:00+00,0.000,53.378622 -1.478096,,
DUP000100,aurn,aurn_register,,UKA00576,Glasgow Townhead,,,,no2,,,0,55.865782 -4.243631,UKA00576,Automatic Urban and Rural Monitoring Network (AURN); Black Carbon; PAH Digitel (solid phase)
DUP000100,json,openaq,16517,2574,DEFRA Glasgow Townhead,1879,5079315,2574 NO₂ mass,no2,13,2026-02-19 21:00:00+00,0.000,55.865782 -4.243631,,
DUP000100,json,sos,891,3911,Glasgow Townhead,578,216,"http://dd.eionet.europa.eu/vocabulary/aq/pollutant/8 3911 - Glasgow Townhead-Nitrogen dioxide (air), Glasgow Townhead-Nitrogen dioxide (air)",no2,12.814,2026-02-19 21:00:00+00,0.000,55.865782 -4.243631,,
DUP000101,aurn,aurn_register,,UKA00579,Shaw Crompton Way,,,,no2,,,0,53.579227 -2.093844,UKA00579,Automatic Urban and Rural Monitoring Network (AURN); UK Urban NO2 Network
DUP000101,json,openaq,16411,995,DEFRA Shaw Crompton Way,1558,1796,995 NO₂ mass,no2,51,2026-02-19 21:00:00+00,7.310,53.579283 -2.093786,,
DUP000101,json,sos,2101,780417,Shaw Crompton Way,,,Shaw Crompton Way-Nitrogen dioxide (air),no2,,,0.000,53.579227 -2.093844,,
DUP000101,json,sos,7652,3948,Shaw Crompton Way,579,158,"http://dd.eionet.europa.eu/vocabulary/aq/pollutant/8 3948 - Shaw Crompton Way-Nitrogen dioxide (air), Shaw Crompton Way-Nitrogen dioxide (air)",no2,61.391,2026-02-19 20:00:00+00,0.000,53.579227 -2.093844,,
DUP000102,aurn,aurn_register,,UKA00590,Blackburn Accrington Road,,,,no2,,,0,53.747763 -2.452680,UKA00590,Automatic Urban and Rural Monitoring Network (AURN); UK Urban NO2 Network
DUP000102,json,openaq,16436,2335,EEA Blackburn Accrington Road - UKA00590,1616,4266,2335 NO₂ mass,no2,50,2026-02-19 21:00:00+00,3.186,53.747751 -2.452724,,
DUP000102,json,sos,365,780422,Blackburn Accrington Road,,,Blackburn Accrington Road-Nitrogen dioxide (air),no2,,,0.000,53.747763 -2.452680,,
DUP000102,json,sos,7653,3953,Blackburn Accrington Road,580,83,"http://dd.eionet.europa.eu/vocabulary/aq/pollutant/8 3953 - Blackburn Accrington Road-Nitrogen dioxide (air), Blackburn Accrington Road-Nitrogen dioxide (air)",no2,51.064,2026-02-19 20:00:00+00,0.000,53.747763 -2.452680,,
DUP000103,aurn,aurn_register,,UKA00592,Coventry Allesley,,,,no2,,,0,52.411628 -1.560189,UKA00592,Automatic Urban and Rural Monitoring Network (AURN)
DUP000103,json,openaq,16491,2494,EEA Coventry Allesley - UKA00592,1776,4822,2494 NO₂ mass,no2,34,2026-02-19 21:00:00+00,7.697,52.411563 -1.560228,,
DUP000103,json,sos,655,780424,Coventry Allesley,581,154,"http://dd.eionet.europa.eu/vocabulary/aq/pollutant/8 3955 - Coventry Allesley-Nitrogen dioxide (air), Coventry Allesley-Nitrogen dioxide (air)",no2,35.19,2026-02-19 20:00:00+00,0.000,52.411628 -1.560189,,
DUP000104,aurn,aurn_register,,UKA00593,Glasgow Great Western Road,,,,no2,,,0,55.872038 -4.270936,UKA00593,Automatic Urban and Rural Monitoring Network (AURN)
DUP000104,json,openaq,16448,2372,EEA Glasgow Great Western Road - UKA00593,1653,4384,2372 NO₂ mass,no2,35,2026-02-19 21:00:00+00,0.000,55.872038 -4.270936,,
DUP000104,json,sos,851,780431,Glasgow Great Western Road,,,Glasgow Great Western Road-Nitrogen dioxide (air),no2,,,0.000,55.872038 -4.270936,,
DUP000104,json,sos,7654,3962,Glasgow Great Western Road,582,208,"http://dd.eionet.europa.eu/vocabulary/aq/pollutant/8 3962 - Glasgow Great Western Road-Nitrogen dioxide (air), Glasgow Great Western Road-Nitrogen dioxide (air)",no2,28.305,2026-02-19 20:00:00+00,0.000,55.872038 -4.270936,,
DUP000105,aurn,aurn_register,,UKA00594,Belfast Stockman's Lane,,,,no2,,,0,54.572586 -5.974944,UKA00594,Automatic Urban and Rural Monitoring Network (AURN)
DUP000105,json,openaq,16423,2296,DEFRA Belfast Stockman's Lane,1587,4149,2296 NO₂ mass,no2,37,2026-02-19 21:00:00+00,0.000,54.572586 -5.974944,,
DUP000105,json,sos,288,780432,Belfast Stockman's Lane,,,Belfast Stockman's Lane-Nitrogen dioxide (air),no2,,,0.000,54.572586 -5.974944,,
DUP000105,json,sos,7655,3963,Belfast Stockman's Lane,583,57,"http://dd.eionet.europa.eu/vocabulary/aq/pollutant/8 3963 - Belfast Stockman's Lane-Nitrogen dioxide (air), Belfast Stockman's Lane-Nitrogen dioxide (air)",no2,52.594,2026-02-19 20:00:00+00,0.000,54.572586 -5.974944,,
DUP000106,aurn,aurn_register,,UKA00595,Oldbury Birmingham Road,,,,no2,,,0,52.502436 -2.003497,UKA00595,Automatic Urban and Rural Monitoring Network (AURN); UK Urban NO2 Network
DUP000106,json,openaq,16391,406,DEFRA Oldbury Birmingham Road,1483,709,406 NO₂ mass,no2,44,2026-02-19 21:00:00+00,0.000,52.502436 -2.003497,,
DUP000106,json,sos,1855,780437,Oldbury Birmingham Road,,,Oldbury Birmingham Road-Nitrogen dioxide (air),no2,,,0.000,52.502436 -2.003497,,
DUP000106,json,sos,7656,3968,Oldbury Birmingham Road,584,89,"http://dd.eionet.europa.eu/vocabulary/aq/pollutant/8 3968 - Oldbury Birmingham Road-Nitrogen dioxide (air), Oldbury Birmingham Road-Nitrogen dioxide (air)",no2,49.151,2026-02-19 20:00:00+00,0.000,52.502436 -2.003497,,
DUP000107,aurn,aurn_register,,UKA00598,Bury Whitefield Roadside,,,,no2,,,0,53.559029 -2.293772,UKA00598,Automatic Urban and Rural Monitoring Network (AURN); Non-Automatic Hydrocarbon Network; UK Urban NO2 Network
DUP000107,json,openaq,16476,2444,DEFRA Bury Whitefield Roadside,1726,4677,2444 NO₂ mass,no2,35,2026-02-19 21:00:00+00,0.000,53.559029 -2.293772,,
DUP000107,json,sos,456,785141,Bury Whitefield Roadside,,,Bury Whitefield Roadside-Nitrogen dioxide (air),no2,,,0.000,53.559029 -2.293772,,
DUP000107,json,sos,7661,5754,Bury Whitefield Roadside,590,109,"http://dd.eionet.europa.eu/vocabulary/aq/pollutant/8 5754 - Bury Whitefield Roadside-Nitrogen dioxide (air), Bury Whitefield Roadside-Nitrogen dioxide (air)",no2,35.19,2026-02-19 21:00:00+00,0.000,53.559029 -2.293772,,
DUP000108,aurn,aurn_register,,UKA00599,Stockton-on-Tees A1305 Roadside,,,,no2,,,0,54.565819 -1.315900,UKA00599,Automatic Urban and Rural Monitoring Network (AURN)
DUP000108,json,openaq,16447,2368,DEFRA Stockton-on-Tees A1305 Roadside,1651,5079283,2368 NO₂ mass,no2,17,2026-02-19 21:00:00+00,0.000,54.565819 -1.315900,,
DUP000108,json,sos,2208,784359,Stockton-on-Tees A1305 Roadside,,,Stockton-on-Tees A1305 Roadside-Nitrogen dioxide (air),no2,,,0.000,54.565819 -1.315900,,
DUP000108,json,sos,7658,5690,Stockton-on-Tees A1305 Roadside,586,2394,"http://dd.eionet.europa.eu/vocabulary/aq/pollutant/8 5690 - Stockton-on-Tees A1305 Roadside-Nitrogen dioxide (air), Stockton-on-Tees A1305 Roadside-Nitrogen dioxide (air)",no2,27.54,2026-02-19 20:00:00+00,0.000,54.565819 -1.315900,,
DUP000109,aurn,aurn_register,,UKA00600,Hull Holderness Road,,,,no2,,,0,53.759013 -0.305678,UKA00600,Automatic Urban and Rural Monitoring Network (AURN)
DUP000109,json,openaq,16467,2425,EEA Hull Holderness Road - UKA00600,1700,4679,2425 NO₂ mass,no2,46,2026-02-19 21:00:00+00,6.603,53.758971 -0.305749,,
DUP000109,json,sos,1168,785132,Hull Holderness Road,587,269,"http://dd.eionet.europa.eu/vocabulary/aq/pollutant/8 5745 - Hull Holderness Road-Nitrogen dioxide (air), Hull Holderness Road-Nitrogen dioxide (air)",no2,47.43,2026-02-19 20:00:00+00,0.000,53.759013 -0.305678,,
DUP000110,aurn,aurn_register,,UKA00601,Sunderland Wessington Way,,,,no2,,,0,54.918390 -1.408391,UKA00601,Automatic Urban and Rural Monitoring Network (AURN); UK Urban NO2 Network
DUP000110,json,openaq,16416,1731,DEFRA Sunderland Wessington Way,1565,3053,1731 NO₂ mass,no2,56,2026-02-19 21:00:00+00,0.000,54.918390 -1.408391,,
DUP000110,json,sos,2282,785135,Sunderland Wessington Way,,,Sunderland Wessington Way-Nitrogen dioxide (air),no2,,,0.000,54.918390 -1.408391,,
DUP000110,json,sos,7659,5748,Sunderland Wessington Way,588,1271,"http://dd.eionet.europa.eu/vocabulary/aq/pollutant/8 5748 - Sunderland Wessington Way-Nitrogen dioxide (air), Sunderland Wessington Way-Nitrogen dioxide (air)",no2,26.966,2026-02-19 20:00:00+00,0.000,54.918390 -1.408391,,
DUP000111,aurn,aurn_register,,UKA00602,Glasgow High Street,,,,no2,,,0,55.860936 -4.238214,UKA00602,Automatic Urban and Rural Monitoring Network (AURN); Black Carbon; UK Urban NO2 Network
DUP000111,json,openaq,16516,2571,EEA Glasgow High Street - UKA00602,1876,5238,2571 NO₂ mass,no2,21,2026-02-19 21:00:00+00,0.000,55.860936 -4.238214,,
DUP000111,json,sos,854,785137,Glasgow High Street,,,Glasgow High Street-Nitrogen dioxide (air),no2,,,0.000,55.860936 -4.238214,,
DUP000111,json,sos,7660,5750,Glasgow High Street,589,1268,"http://dd.eionet.europa.eu/vocabulary/aq/pollutant/8 5750 - Glasgow High Street-Nitrogen dioxide (air), Glasgow High Street-Nitrogen dioxide (air)",no2,20.846,2026-02-19 21:00:00+00,0.000,55.860936 -4.238214,,
DUP000112,aurn,aurn_register,,UKA00603,Widnes Milton Road,,,,no2,,,0,53.365391 -2.731680,UKA00603,Automatic Urban and Rural Monitoring Network (AURN); UK Urban NO2 Network
DUP000112,json,openaq,16433,2322,EEA Widnes Milton Road - UKA00603,1607,4229,2322 NO₂ mass,no2,37,2026-02-19 21:00:00+00,0.000,53.365391 -2.731680,,
DUP000112,json,sos,2377,785144,Widnes Milton Road,,,Widnes Milton Road-Nitrogen dioxide (air),no2,,,0.000,53.365391 -2.731680,,
DUP000112,json,sos,7662,5757,Widnes Milton Road,591,1273,"http://dd.eionet.europa.eu/vocabulary/aq/pollutant/8 5757 - Widnes Milton Road-Nitrogen dioxide (air), Widnes Milton Road-Nitrogen dioxide (air)",no2,36.529,2026-02-19 19:00:00+00,0.000,53.365391 -2.731680,,
DUP000113,aurn,aurn_register,,UKA00604,Chesterfield Loundsley Green,,,,no2,,,0,53.244131 -1.454946,UKA00604,Automatic Urban and Rural Monitoring Network (AURN); Heavy Metals
DUP000113,json,openaq,16512,2551,DEFRA Chesterfield Loundsley Green,1861,5152,2551 NO₂ mass,no2,14,2026-02-19 21:00:00+00,0.000,53.244131 -1.454946,,
DUP000113,json,sos,577,785146,Chesterfield Loundsley Green,,,Chesterfield Loundsley Green-Nitrogen dioxide (air),no2,,,0.000,53.244131 -1.454946,,
DUP000113,json,sos,7709,7627,Chesterfield Loundsley Green,644,1287,"http://dd.eionet.europa.eu/vocabulary/aq/pollutant/8 7627 - Chesterfield Loundsley Green-Nitrogen dioxide (air), Chesterfield Loundsley Green-Nitrogen dioxide (air)",no2,-99,2026-02-19 21:00:00+00,0.000,53.244131 -1.454946,,
DUP000114,aurn,aurn_register,,UKA00605,Luton A505 Roadside,,,,no2,,,0,51.892293 -0.462110,UKA00605,Automatic Urban and Rural Monitoring Network (AURN)
DUP000114,json,openaq,16479,2452,EEA Luton A505 Roadside - UKA00605,1731,4694,2452 NO₂ mass,no2,32,2026-02-19 21:00:00+00,0.000,51.892293 -0.462110,,
DUP000114,json,sos,1617,785150,Luton A505 Roadside,,,Luton A505 Roadside-Nitrogen dioxide (air),no2,,,0.000,51.892293 -0.462110,,
DUP000114,json,sos,7663,5763,Luton A505 Roadside,592,1289,"http://dd.eionet.europa.eu/vocabulary/aq/pollutant/8 5763 - Luton A505 Roadside-Nitrogen dioxide (air), Luton A505 Roadside-Nitrogen dioxide (air)",no2,33.278,2026-02-19 20:00:00+00,0.000,51.892293 -0.462110,,
DUP000115,aurn,aurn_register,,UKA00609,Leicester A594 Roadside,,,,no2,,,0,52.638742 -1.124267,UKA00609,Automatic Urban and Rural Monitoring Network (AURN); UK Urban NO2 Network
DUP000115,json,openaq,16441,2343,EEA Leicester A594 Roadside - UKA00609,1633,4292,2343 NO₂ mass,no2,43,2026-02-19 21:00:00+00,7.692,52.638677 -1.124228,,
DUP000115,json,sos,1303,785152,Leicester A594 Roadside,593,1404,"http://dd.eionet.europa.eu/vocabulary/aq/pollutant/8 5765 - Leicester A594 Roadside-Nitrogen dioxide (air), Leicester A594 Roadside-Nitrogen dioxide (air)",no2,42.649,2026-02-19 21:00:00+00,0.000,52.638742 -1.124267,,
DUP000116,aurn,aurn_register,,UKA00610,Stoke-on-Trent A50 Roadside,,,,no2,,,0,52.980436 -2.111898,UKA00610,Automatic Urban and Rural Monitoring Network (AURN); UK Urban NO2 Network
DUP000116,json,openaq,16465,2423,EEA Stoke-on-Trent A50 Roadside - UKA00610,1692,4575,2423 NO₂ mass,no2,43,2026-02-19 21:00:00+00,0.000,52.980436 -2.111898,,
DUP000116,json,sos,2242,785155,Stoke-on-Trent A50 Roadside,,,Stoke-on-Trent A50 Roadside-Nitrogen dioxide (air),no2,,,0.000,52.980436 -2.111898,,
DUP000116,json,sos,7664,5768,Stoke-on-Trent A50 Roadside,594,1407,"http://dd.eionet.europa.eu/vocabulary/aq/pollutant/8 5768 - Stoke-on-Trent A50 Roadside-Nitrogen dioxide (air), Stoke-on-Trent A50 Roadside-Nitrogen dioxide (air)",no2,48.386,2026-02-19 20:00:00+00,0.000,52.980436 -2.111898,,
DUP000117,aurn,aurn_register,,UKA00611,Bradford Mayo Avenue,,,,no2,,,0,53.771245 -1.759774,UKA00611,Automatic Urban and Rural Monitoring Network (AURN); UK Urban NO2 Network
DUP000117,json,openaq,16425,2301,DEFRA Bradford Mayo Avenue,1590,5079259,2301 NO₂ mass,no2,57,2026-02-19 20:00:00+00,0.000,53.771245 -1.759774,,
DUP000117,json,sos,416,785158,Bradford Mayo Avenue,,,Bradford Mayo Avenue-Nitrogen dioxide (air),no2,,,0.000,53.771245 -1.759774,,
DUP000117,json,sos,7706,7618,Bradford Mayo Avenue,641,1893,"http://dd.eionet.europa.eu/vocabulary/aq/pollutant/8 7618 - Bradford Mayo Avenue-Nitrogen dioxide (air), Bradford Mayo Avenue-Nitrogen dioxide (air)",no2,-99,2026-02-19 21:00:00+00,0.000,53.771245 -1.759774,,
DUP000118,aurn,aurn_register,,UKA00612,Doncaster A630 Cleveland Street,,,,no2,,,0,53.518383 -1.138060,UKA00612,Automatic Urban and Rural Monitoring Network (AURN); UK Urban NO2 Network
DUP000118,json,openaq,16893,2659926,EEA Doncaster A630 Cleveland Street - UKA00612,3058,8622312,2659926 NO₂ mass,no2,,,15.902,53.518240 -1.138057,,
DUP000118,json,openaq,16894,2659927,EEA Doncaster A630 Cleveland Street - UKA00612,3059,8622618,2659927 NO₂ mass,no2,36.91125,2026-02-19 15:00:00+00,15.902,53.518240 -1.138057,,
DUP000118,json,sos,760,785160,Doncaster A630 Cleveland Street,,,Doncaster A630 Cleveland Street-Nitrogen dioxide (air),no2,,,0.000,53.518383 -1.138060,,
DUP000118,json,sos,7665,5773,Doncaster A630 Cleveland Street,595,1895,"http://dd.eionet.europa.eu/vocabulary/aq/pollutant/8 5773 - Doncaster A630 Cleveland Street-Nitrogen dioxide (air), Doncaster A630 Cleveland Street-Nitrogen dioxide (air)",no2,40.354,2026-02-19 20:00:00+00,0.000,53.518383 -1.138060,,
DUP000119,aurn,aurn_register,,UKA00613,Southampton A33,,,,no2,,,0,50.920265 -1.463484,UKA00613,Automatic Urban and Rural Monitoring Network (AURN); UK Urban NO2 Network
DUP000119,json,openaq,16446,2365,EEA Southampton A33 - UKA00613,1648,4351,2365 NO₂ mass,no2,33,2026-02-19 21:00:00+00,0.000,50.920265 -1.463484,,
DUP000119,json,sos,2143,4056,Southampton A33,,,Southampton A33-Nitrogen dioxide (air),no2,,,0.000,50.920265 -1.463484,,
DUP000119,json,sos,7670,6326,Southampton A33,600,3471,"http://dd.eionet.europa.eu/vocabulary/aq/pollutant/8 6326 - Southampton A33-Nitrogen dioxide (air), Southampton A33-Nitrogen dioxide (air)",no2,32.895,2026-02-19 21:00:00+00,0.000,50.920265 -1.463484,,
DUP000120,aurn,aurn_register,,UKA00614,Chilbolton Observatory,,,,no2,,,0,51.149617 -1.438228,UKA00614,Automatic Hydrocarbon Network; Automatic Urban and Rural Monitoring Network (AURN); Black Carbon; Heavy Metals; PAH Deposition; PAH Digitel (solid phase); Particle Concentrations and Numbers Network; Rural Automatic Mercury network; UKEAP: Acid Gases & Aerosol Network; UKEAP: MARGA Network; UKEAP: National Ammonia Monitoring Network; UKEAP: Precip-Net; UKEAP: Precip-Net; UKEAP: Rural NO2
DUP000120,json,openaq,16466,2424,EEA Chilbolton Observatory - UKA00614,1695,4576,2424 NO₂ mass,no2,9,2026-02-19 21:00:00+00,0.000,51.149617 -1.438228,,
DUP000120,json,sos,622,4072,Chilbolton Observatory,,,Chilbolton Observatory-Nitrogen dioxide (air),no2,,,0.000,51.149617 -1.438228,,
DUP000120,json,sos,7671,6429,Chilbolton Observatory,601,3455,"http://dd.eionet.europa.eu/vocabulary/aq/pollutant/8 6429 - Chilbolton Observatory-Nitrogen dioxide (air), Chilbolton Observatory-Nitrogen dioxide (air)",no2,8.989,2026-02-19 21:00:00+00,0.000,51.149617 -1.438228,,
DUP000121,aurn,aurn_register,,UKA00615,Aberdeen Wellington Road,,,,no2,,,0,57.133888 -2.094198,UKA00615,Automatic Urban and Rural Monitoring Network (AURN); UK Urban NO2 Network
DUP000121,json,openaq,16413,1234,EEA Aberdeen Wellington Road - UKA00615,1560,2218,1234 NO₂ mass,no2,5,2026-02-19 21:00:00+00,0.000,57.133888 -2.094198,,
DUP000121,json,sos,21,3988,Aberdeen Wellington Road,,,Aberdeen Wellington Road-Nitrogen dioxide (air),no2,,,0.000,57.133888 -2.094198,,
DUP000121,json,sos,7666,6258,Aberdeen Wellington Road,596,3526,"http://dd.eionet.europa.eu/vocabulary/aq/pollutant/8 6258 - Aberdeen Wellington Road-Nitrogen dioxide (air), Aberdeen Wellington Road-Nitrogen dioxide (air)",no2,8.224,2026-02-19 20:00:00+00,0.000,57.133888 -2.094198,,
DUP000122,aurn,aurn_register,,UKA00617,Manchester Sharston,,,,no2,,,0,53.371722 -2.238917,UKA00617,Automatic Urban and Rural Monitoring Network (AURN)
DUP000122,json,sos,1655,4038,Manchester Sharston,,,Manchester Sharston-Nitrogen dioxide (air),no2,,,0.000,53.371722 -2.238917,,
DUP000122,json,sos,7668,6308,Manchester Sharston,598,3518,"http://dd.eionet.europa.eu/vocabulary/aq/pollutant/8 6308 - Manchester Sharston-Nitrogen dioxide (air), Manchester Sharston-Nitrogen dioxide (air)",no2,33.851,2026-02-19 21:00:00+00,0.000,53.371722 -2.238917,,
DUP000123,aurn,aurn_register,,UKA00618,Nottingham Western Boulevard,,,,no2,,,0,52.969377 -1.188851,UKA00618,Automatic Urban and Rural Monitoring Network (AURN); UK Urban NO2 Network
DUP000123,json,openaq,16469,2428,DEFRA Nottingham Western Boulevard,1705,4665,2428 NO₂ mass,no2,33,2026-02-19 21:00:00+00,0.000,52.969377 -1.188851,,
DUP000123,json,sos,1848,4044,Nottingham Western Boulevard,,,Nottingham Western Boulevard-Nitrogen dioxide (air),no2,,,0.000,52.969377 -1.188851,,
DUP000123,json,sos,7669,6314,Nottingham Western Boulevard,599,3522,"http://dd.eionet.europa.eu/vocabulary/aq/pollutant/8 6314 - Nottingham Western Boulevard-Nitrogen dioxide (air), Nottingham Western Boulevard-Nitrogen dioxide (air)",no2,33.278,2026-02-19 21:00:00+00,0.000,52.969377 -1.188851,,
DUP000124,aurn,aurn_register,,UKA00619,Derry Rosemount,,,,no2,,,0,55.002818 -7.331179,UKA00619,Automatic Urban and Rural Monitoring Network (AURN)
DUP000124,json,openaq,16510,2545,EEA Derry Rosemount - UKA00619,1853,5101,2545 NO₂ mass,no2,14,2026-02-19 21:00:00+00,0.000,55.002818 -7.331179,,
DUP000124,json,sos,731,4010,Derry Rosemount,,,Derry Rosemount-Nitrogen dioxide (air),no2,,,0.000,55.002818 -7.331179,,
DUP000124,json,sos,7667,6280,Derry Rosemount,597,3553,"http://dd.eionet.europa.eu/vocabulary/aq/pollutant/8 6280 - Derry Rosemount-Nitrogen dioxide (air), Derry Rosemount-Nitrogen dioxide (air)",no2,26.584,2026-02-19 20:00:00+00,0.000,55.002818 -7.331179,,
DUP000125,aurn,aurn_register,,UKA00620,Reading London Road,,,,no2,,,0,51.454896 -0.940382,UKA00620,Automatic Urban and Rural Monitoring Network (AURN); UK Urban NO2 Network
DUP000125,json,openaq,16459,2410,EEA Reading London Road - UKA00620,1682,4659,2410 NO₂ mass,no2,,,0.000,51.454896 -0.940382,,
DUP000125,json,sos,1947,4046,Reading London Road,,,Reading London Road-Nitrogen dioxide (air),no2,,,0.000,51.454896 -0.940382,,
DUP000125,json,sos,7702,7557,Reading London Road,636,3562,"http://dd.eionet.europa.eu/vocabulary/aq/pollutant/8 7557 - Reading London Road-Nitrogen dioxide (air), Reading London Road-Nitrogen dioxide (air)",no2,20.846,2026-02-19 21:00:00+00,0.000,51.454896 -0.940382,,
DUP000126,aurn,aurn_register,,UKA00621,Greenock A8 Roadside,,,,no2,,,0,55.944079 -4.734421,UKA00621,Automatic Urban and Rural Monitoring Network (AURN)
DUP000126,json,sos,921,4073,Greenock A8 Roadside,,,Greenock A8 Roadside-Nitrogen dioxide (air),no2,,,0.000,55.944079 -4.734421,,
DUP000126,json,sos,7672,6431,Greenock A8 Roadside,602,3983,"http://dd.eionet.europa.eu/vocabulary/aq/pollutant/8 6431 - Greenock A8 Roadside-Nitrogen dioxide (air), Greenock A8 Roadside-Nitrogen dioxide (air)",no2,27.349,2026-02-19 20:00:00+00,0.000,55.944079 -4.734421,,
DUP000127,aurn,aurn_register,,UKA00622,Sheffield Barnsley Road,,,,no2,,,0,53.404950 -1.455815,UKA00622,Automatic Urban and Rural Monitoring Network (AURN); UK Urban NO2 Network
DUP000127,json,openaq,16526,3527,EEA Sheffield Barnsley Road - UKA00622,1909,7819,3527 NO₂ mass,no2,56,2026-02-19 21:00:00+00,0.000,53.404950 -1.455815,,
DUP000127,json,sos,2104,785701,Sheffield Barnsley Road,,,Sheffield Barnsley Road-Nitrogen dioxide (air),no2,,,0.000,53.404950 -1.455815,,
DUP000127,json,sos,7677,6458,Sheffield Barnsley Road,607,4133,"http://dd.eionet.europa.eu/vocabulary/aq/pollutant/8 6458 - Sheffield Barnsley Road-Nitrogen dioxide (air), Sheffield Barnsley Road-Nitrogen dioxide (air)",no2,56.227,2026-02-19 21:00:00+00,0.000,53.404950 -1.455815,,
DUP000128,aurn,aurn_register,,UKA00623,Cannock A5190 Roadside,,,,no2,,,0,52.687298 -1.980821,UKA00623,Automatic Urban and Rural Monitoring Network (AURN)
DUP000128,json,openaq,16528,3529,EEA Cannock A5190 Roadside - UKA00623,1912,5079341,3529 NO₂ mass,no2,20,2026-02-19 21:00:00+00,0.000,52.687298 -1.980821,,
DUP000128,json,sos,480,4101,Cannock A5190 Roadside,,,Cannock A5190 Roadside-Nitrogen dioxide (air),no2,,,0.000,52.687298 -1.980821,,
DUP000128,json,sos,7678,6464,Cannock A5190 Roadside,608,4446,"http://dd.eionet.europa.eu/vocabulary/aq/pollutant/8 6464 - Cannock A5190 Roadside-Nitrogen dioxide (air), Cannock A5190 Roadside-Nitrogen dioxide (air)",no2,19.89,2026-02-19 21:00:00+00,0.000,52.687298 -1.980821,,
DUP000129,aurn,aurn_register,,UKA00624,Christchurch Barrack Road,,,,no2,,,0,50.735454 -1.780888,UKA00624,Automatic Urban and Rural Monitoring Network (AURN); UK Urban NO2 Network
DUP000129,json,openaq,16529,3530,EEA Christchurch Barrack Road - UKA00624,1914,7822,3530 NO₂ mass,no2,24,2026-02-19 21:00:00+00,0.000,50.735454 -1.780888,,
DUP000129,json,sos,641,4087,Christchurch Barrack Road,,,Christchurch Barrack Road-Nitrogen dioxide (air),no2,,,0.000,50.735454 -1.780888,,
DUP000129,json,sos,7674,6444,Christchurch Barrack Road,604,4148,"http://dd.eionet.europa.eu/vocabulary/aq/pollutant/8 6444 - Christchurch Barrack Road-Nitrogen dioxide (air), Christchurch Barrack Road-Nitrogen dioxide (air)",no2,24.098,2026-02-19 21:00:00+00,0.000,50.735454 -1.780888,,
DUP000130,aurn,aurn_register,,UKA00625,Birkenhead Borough Road,,,,no2,,,0,53.388624 -3.024942,UKA00625,Automatic Urban and Rural Monitoring Network (AURN); UK Urban NO2 Network
DUP000130,json,openaq,16525,3526,EEA Birkenhead Borough Road - UKA00625,1907,7818,3526 NO₂ mass,no2,21,2026-02-19 21:00:00+00,13.442,53.388511 -3.025014,,
DUP000130,json,sos,294,4090,Birkenhead Borough Road,,,Birkenhead Borough Road-Nitrogen dioxide (air),no2,,,0.000,53.388624 -3.024942,,
DUP000130,json,sos,7675,6447,Birkenhead Borough Road,605,4158,"http://dd.eionet.europa.eu/vocabulary/aq/pollutant/8 6447 - Birkenhead Borough Road-Nitrogen dioxide (air), Birkenhead Borough Road-Nitrogen dioxide (air)",no2,21.42,2026-02-19 21:00:00+00,0.000,53.388624 -3.024942,,
DUP000131,aurn,aurn_register,,UKA00626,Birmingham A4540 Roadside,,,,no2,,,0,52.476145 -1.874978,UKA00626,Automatic Urban and Rural Monitoring Network (AURN); Black Carbon; Non-Automatic Hydrocarbon Network; UK Urban NO2 Network
DUP000131,json,openaq,16524,3525,EEA Birmingham A4540 Roadside - UKA00626,1903,7817,3525 NO₂ mass,no2,53,2026-02-19 21:00:00+00,6.864,52.476090 -1.875024,,
DUP000131,json,sos,298,4093,Birmingham A4540 Roadside,,,Birmingham A4540 Roadside-Nitrogen dioxide (air),no2,,,0.000,52.476145 -1.874978,,
DUP000131,json,sos,7676,6450,Birmingham A4540 Roadside,606,4162,"http://dd.eionet.europa.eu/vocabulary/aq/pollutant/8 6450 - Birmingham A4540 Roadside-Nitrogen dioxide (air), Birmingham A4540 Roadside-Nitrogen dioxide (air)",no2,52.785,2026-02-19 21:00:00+00,0.000,52.476145 -1.874978,,
DUP000132,aurn,aurn_register,,UKA00627,St Helens Linkway,,,,no2,,,0,53.451826 -2.742134,UKA00627,Automatic Urban and Rural Monitoring Network (AURN); UK Urban NO2 Network
DUP000132,json,openaq,16530,3531,DEFRA St Helens Linkway,1916,7824,3531 NO₂ mass,no2,50,2026-02-19 20:00:00+00,0.000,53.451826 -2.742134,,
DUP000132,json,sos,2204,785732,St Helens Linkway,,,St Helens Linkway-Nitrogen dioxide (air),no2,,,0.000,53.451826 -2.742134,,
DUP000132,json,sos,7679,6483,St Helens Linkway,609,4454,"http://dd.eionet.europa.eu/vocabulary/aq/pollutant/8 6483 - St Helens Linkway-Nitrogen dioxide (air), St Helens Linkway-Nitrogen dioxide (air)",no2,-99,2026-02-19 20:00:00+00,0.000,53.451826 -2.742134,,
DUP000133,aurn,aurn_register,,UKA00628,Worthing A27 Roadside,,,,no2,,,0,50.832947 -0.379916,UKA00628,Automatic Urban and Rural Monitoring Network (AURN)
DUP000133,json,openaq,16522,3522,EEA Worthing A27 Roadside - UKA00628,1899,7810,3522 NO₂ mass,no2,18,2026-02-19 21:00:00+00,0.000,50.832947 -0.379916,,
DUP000133,json,sos,2397,785748,Worthing A27 Roadside,,,Worthing A27 Roadside-Nitrogen dioxide (air),no2,,,0.000,50.832947 -0.379916,,
DUP000133,json,sos,7680,6486,Worthing A27 Roadside,610,4456,"http://dd.eionet.europa.eu/vocabulary/aq/pollutant/8 6486 - Worthing A27 Roadside-Nitrogen dioxide (air), Worthing A27 Roadside-Nitrogen dioxide (air)",no2,25.436,2026-02-19 20:00:00+00,0.000,50.832947 -0.379916,,
DUP000134,aurn,aurn_register,,UKA00629,Plymouth Tavistock Road,,,,no2,,,0,50.411058 -4.130288,UKA00629,Automatic Urban and Rural Monitoring Network (AURN); UK Urban NO2 Network
DUP000134,json,openaq,16527,3528,EEA Plymouth Tavistock Road - UKA00629,1911,7820,3528 NO₂ mass,no2,39.97125,2026-02-18 22:00:00+00,0.000,50.411058 -4.130288,,
DUP000134,json,sos,1891,785826,Plymouth Tavistock Road,,,Plymouth Tavistock Road-Nitrogen dioxide (air),no2,,,0.000,50.411058 -4.130288,,
DUP000134,json,sos,7687,6825,Plymouth Tavistock Road,617,4472,"http://dd.eionet.europa.eu/vocabulary/aq/pollutant/8 6825 - Plymouth Tavistock Road-Nitrogen dioxide (air), Plymouth Tavistock Road-Nitrogen dioxide (air)",no2,-99,2026-02-19 20:00:00+00,0.000,50.411058 -4.130288,,
DUP000135,aurn,aurn_register,,UKA00630,Derby St Alkmund's Way,,,,no2,,,0,52.922983 -1.469507,UKA00630,Automatic Urban and Rural Monitoring Network (AURN); UK Urban NO2 Network
DUP000135,json,openaq,16523,3523,DEFRA Derby St Alkmund's Way,1901,7811,3523 NO₂ mass,no2,39,2026-02-19 21:00:00+00,0.000,52.922983 -1.469507,,
DUP000135,json,sos,697,785813,Derby St Alkmund's Way,,,Derby St Alkmund's Way-Nitrogen dioxide (air),no2,,,0.000,52.922983 -1.469507,,
DUP000135,json,sos,7684,6812,Derby St Alkmund's Way,614,4485,"http://dd.eionet.europa.eu/vocabulary/aq/pollutant/8 6812 - Derby St Alkmund's Way-Nitrogen dioxide (air), Derby St Alkmund's Way-Nitrogen dioxide (air)",no2,38.824,2026-02-19 21:00:00+00,0.000,52.922983 -1.469507,,
DUP000136,aurn,aurn_register,,UKA00631,Bristol Temple Way,,,,no2,,,0,51.457968 -2.583975,UKA00631,Automatic Urban and Rural Monitoring Network (AURN); UK Urban NO2 Network
DUP000136,json,openaq,16886,2659912,EEA Bristol Temple Way - UKA00631,3048,8622232,2659912 NO₂ mass,no2,25.43625,2026-02-19 15:00:00+00,0.000,51.457968 -2.583975,,
DUP000136,json,sos,445,785806,Bristol Temple Way,,,Bristol Temple Way-Nitrogen dioxide (air),no2,,,0.000,51.457968 -2.583975,,
DUP000136,json,sos,7682,6805,Bristol Temple Way,612,4633,"http://dd.eionet.europa.eu/vocabulary/aq/pollutant/8 6805 - Bristol Temple Way-Nitrogen dioxide (air), Bristol Temple Way-Nitrogen dioxide (air)",no2,45.9,2026-02-19 21:00:00+00,0.000,51.457968 -2.583975,,
DUP000137,aurn,aurn_register,,UKA00632,Northampton Spring Park,,,,no2,,,0,52.272257 -0.916605,UKA00632,Automatic Urban and Rural Monitoring Network (AURN)
DUP000137,json,openaq,16901,2659936,EEA Northampton Spring Park - UKA00632,3066,8622255,2659936 NO₂ mass,no2,9.75375,2026-02-19 15:00:00+00,0.000,52.272257 -0.916605,,
DUP000137,json,sos,1812,785821,Northampton Spring Park,,,Northampton Spring Park-Nitrogen dioxide (air),no2,,,0.000,52.272257 -0.916605,,
DUP000137,json,sos,7686,6820,Northampton Spring Park,616,4511,"http://dd.eionet.europa.eu/vocabulary/aq/pollutant/8 6820 - Northampton Spring Park-Nitrogen dioxide (air), Northampton Spring Park-Nitrogen dioxide (air)",no2,22.95,2026-02-19 21:00:00+00,0.000,52.272257 -0.916605,,
DUP000138,aurn,aurn_register,,UKA00633,Ballymena Antrim Road,,,,no2,,,0,54.851491 -6.274961,UKA00633,Automatic Urban and Rural Monitoring Network (AURN)
DUP000138,json,openaq,16881,2659904,EEA Ballymena Antrim Road - UKA00633,3039,8622320,2659904 NO₂ mass,no2,23.14125,2026-02-19 15:00:00+00,0.000,54.851491 -6.274961,,
DUP000138,json,sos,195,785803,Ballymena Antrim Road,,,Ballymena Antrim Road-Nitrogen dioxide (air),no2,,,0.000,54.851491 -6.274961,,
DUP000138,json,sos,7681,6802,Ballymena Antrim Road,611,4551,"http://dd.eionet.europa.eu/vocabulary/aq/pollutant/8 6802 - Ballymena Antrim Road-Nitrogen dioxide (air), Ballymena Antrim Road-Nitrogen dioxide (air)",no2,35.764,2026-02-19 21:00:00+00,0.000,54.851491 -6.274961,,
DUP000139,aurn,aurn_register,,UKA00634,Coventry Binley Road,,,,no2,,,0,52.407708 -1.490082,UKA00634,Automatic Urban and Rural Monitoring Network (AURN); UK Urban NO2 Network
DUP000139,json,openaq,16889,2659918,EEA Coventry Binley Road - UKA00634,3053,8622263,2659918 NO₂ mass,no2,23.3325,2026-02-19 15:00:00+00,0.000,52.407708 -1.490082,,
DUP000139,json,sos,663,785810,Coventry Binley Road,,,Coventry Binley Road-Nitrogen dioxide (air),no2,,,0.000,52.407708 -1.490082,,
DUP000139,json,sos,7683,6809,Coventry Binley Road,613,4529,"http://dd.eionet.europa.eu/vocabulary/aq/pollutant/8 6809 - Coventry Binley Road-Nitrogen dioxide (air), Coventry Binley Road-Nitrogen dioxide (air)",no2,44.752,2026-02-19 21:00:00+00,0.000,52.407708 -1.490082,,
DUP000140,aurn,aurn_register,,UKA00643,Dundee Mains Loan,,,,no2,,,0,56.475434 -2.959861,UKA00643,Automatic Urban and Rural Monitoring Network (AURN)
DUP000140,json,openaq,16895,2659928,EEA Dundee Mains Loan - UKA00643,3060,8622258,2659928 NO₂ mass,no2,,,0.000,56.475434 -2.959861,,
DUP000140,json,sos,770,785816,Dundee Mains Loan,,,Dundee Mains Loan-Nitrogen dioxide (air),no2,,,0.000,56.475434 -2.959861,,
DUP000140,json,sos,7685,6815,Dundee Mains Loan,615,4554,"http://dd.eionet.europa.eu/vocabulary/aq/pollutant/8 6815 - Dundee Mains Loan-Nitrogen dioxide (air), Dundee Mains Loan-Nitrogen dioxide (air)",no2,-99,2026-02-19 20:00:00+00,0.000,56.475434 -2.959861,,
DUP000141,aurn,aurn_register,,UKA00644,Borehamwood Meadow Park,,,,no2,,,0,51.661229 -0.270550,UKA00644,Automatic Urban and Rural Monitoring Network (AURN)
DUP000141,json,openaq,16885,2659910,EEA Borehamwood Meadow Park - UKA00644,3047,8622236,2659910 NO₂ mass,no2,13.3875,2026-02-19 15:00:00+00,8.346,51.661229 -0.270671,,
DUP000141,json,sos,404,785876,Borehamwood Meadow Park,,,Borehamwood Meadow Park-Nitrogen dioxide (air),no2,,,0.000,51.661229 -0.270550,,
DUP000141,json,sos,7688,6875,Borehamwood Meadow Park,618,4565,"http://dd.eionet.europa.eu/vocabulary/aq/pollutant/8 6875 - Borehamwood Meadow Park-Nitrogen dioxide (air), Borehamwood Meadow Park-Nitrogen dioxide (air)",no2,19.508,2026-02-19 21:00:00+00,0.000,51.661229 -0.270550,,
DUP000142,aurn,aurn_register,,UKA00645,Hartlepool St Abbs Walk,,,,no2,,,0,54.683242 -1.203838,UKA00645,Automatic Urban and Rural Monitoring Network (AURN)
DUP000142,json,openaq,16897,2659932,EEA Hartlepool St Abbs Walk - UKA00645,3062,8622299,2659932 NO₂ mass,no2,,,0.000,54.683242 -1.203838,,
DUP000142,json,openaq,16898,2659933,EEA Hartlepool St Abbs Walk - UKA00645,3063,9909573,2659933 NO₂ mass,no2,4.39875,2026-02-19 15:00:00+00,0.000,54.683242 -1.203838,,
DUP000142,json,sos,939,785882,Hartlepool St Abbs Walk,,,Hartlepool St Abbs Walk-Nitrogen dioxide (air),no2,,,0.000,54.683242 -1.203838,,
DUP000142,json,sos,7689,6881,Hartlepool St Abbs Walk,619,4582,"http://dd.eionet.europa.eu/vocabulary/aq/pollutant/8 6881 - Hartlepool St Abbs Walk-Nitrogen dioxide (air), Hartlepool St Abbs Walk-Nitrogen dioxide (air)",no2,27.157,2026-02-19 21:00:00+00,0.000,54.683242 -1.203838,,
DUP000143,aurn,aurn_register,,UKA00647,Immingham Woodlands Avenue,,,,no2,,,0,53.619241 -0.213324,UKA00647,Automatic Urban and Rural Monitoring Network (AURN)
DUP000143,json,openaq,16899,2659934,EEA Immingham Woodlands Avenue - UKA00647,3064,8622214,2659934 NO₂ mass,no2,,,0.000,53.619241 -0.213324,,
DUP000143,json,openaq,16900,2659935,EEA Immingham Woodlands Avenue - UKA00647,3065,9909574,2659935 NO₂ mass,no2,19.89,2026-02-19 15:00:00+00,0.000,53.619241 -0.213324,,
DUP000143,json,sos,1174,785885,Immingham Woodlands Avenue,,,Immingham Woodlands Avenue-Nitrogen dioxide (air),no2,,,0.000,53.619241 -0.213324,,
DUP000143,json,sos,7690,6884,Immingham Woodlands Avenue,620,4609,"http://dd.eionet.europa.eu/vocabulary/aq/pollutant/8 6884 - Immingham Woodlands Avenue-Nitrogen dioxide (air), Immingham Woodlands Avenue-Nitrogen dioxide (air)",no2,24.48,2026-02-19 21:00:00+00,0.000,53.619241 -0.213324,,
DUP000144,aurn,aurn_register,,UKA00648,Telford Hollinswood,,,,no2,,,0,52.673471 -2.436692,UKA00648,Automatic Urban and Rural Monitoring Network (AURN)
DUP000144,json,openaq,16904,2659942,EEA Telford Hollinswood - UKA00648,3072,8622268,2659942 NO₂ mass,no2,21.61125,2026-02-19 15:00:00+00,0.000,52.673471 -2.436692,,
DUP000144,json,sos,2323,785889,Telford Hollinswood,,,Telford Hollinswood-Nitrogen dioxide (air),no2,,,0.000,52.673471 -2.436692,,
DUP000144,json,sos,7691,6888,Telford Hollinswood,621,4624,"http://dd.eionet.europa.eu/vocabulary/aq/pollutant/8 6888 - Telford Hollinswood-Nitrogen dioxide (air), Telford Hollinswood-Nitrogen dioxide (air)",no2,25.436,2026-02-19 21:00:00+00,0.000,52.673471 -2.436692,,
DUP000145,aurn,aurn_register,,UKA00649,Edinburgh Nicolson Street,,,,no2,,,0,55.944760 -3.183991,UKA00649,Automatic Urban and Rural Monitoring Network (AURN); UK Urban NO2 Network
DUP000145,json,openaq,16896,2659930,EEA Edinburgh Nicolson Street - UKA00649,3061,8622317,2659930 NO₂ mass,no2,35.955,2026-02-19 15:00:00+00,0.000,55.944760 -3.183991,,
DUP000145,json,sos,786,786036,Edinburgh Nicolson Street,,,Edinburgh Nicolson Street-Nitrogen dioxide (air),no2,,,0.000,55.944760 -3.183991,,
DUP000145,json,sos,7692,7035,Edinburgh Nicolson Street,622,4652,"http://dd.eionet.europa.eu/vocabulary/aq/pollutant/8 7035 - Edinburgh Nicolson Street-Nitrogen dioxide (air), Edinburgh Nicolson Street-Nitrogen dioxide (air)",no2,32.321,2026-02-19 20:00:00+00,0.000,55.944760 -3.183991,,
DUP000146,aurn,aurn_register,,UKA00650,Swindon Walcot,,,,no2,,,0,51.558061 -1.765678,UKA00650,Automatic Urban and Rural Monitoring Network (AURN)
DUP000146,json,openaq,16903,2659940,EEA Swindon Walcot - UKA00650,3071,8622310,2659940 NO₂ mass,no2,21.22875,2026-02-19 15:00:00+00,0.000,51.558061 -1.765678,,
DUP000146,json,sos,2313,786081,Swindon Walcot,,,Swindon Walcot-Nitrogen dioxide (air),no2,,,0.000,51.558061 -1.765678,,
DUP000146,json,sos,7698,7100,Swindon Walcot,628,4673,"http://dd.eionet.europa.eu/vocabulary/aq/pollutant/8 7100 - Swindon Walcot-Nitrogen dioxide (air), Swindon Walcot-Nitrogen dioxide (air)",no2,25.436,2026-02-19 21:00:00+00,0.000,51.558061 -1.765678,,
DUP000147,aurn,aurn_register,,UKA00651,Portsmouth Anglesea Road,,,,no2,,,0,50.798339 -1.095558,UKA00651,Automatic Urban and Rural Monitoring Network (AURN); UK Urban NO2 Network
DUP000147,json,openaq,16902,2659938,EEA Portsmouth Anglesea Road - UKA00651,3069,8622274,2659938 NO₂ mass,no2,29.07,2026-02-19 15:00:00+00,0.000,50.798339 -1.095558,,
DUP000147,json,sos,1894,786077,Portsmouth Anglesea Road,,,Portsmouth Anglesea Road-Nitrogen dioxide (air),no2,,,0.000,50.798339 -1.095558,,
DUP000147,json,sos,7697,7096,Portsmouth Anglesea Road,627,4668,"http://dd.eionet.europa.eu/vocabulary/aq/pollutant/8 7096 - Portsmouth Anglesea Road-Nitrogen dioxide (air), Portsmouth Anglesea Road-Nitrogen dioxide (air)",no2,-99,2026-02-19 21:00:00+00,0.000,50.798339 -1.095558,,
DUP000148,aurn,aurn_register,,UKA00652,Burton-on-Trent Horninglow,,,,no2,,,0,52.821050 -1.635718,UKA00652,Automatic Urban and Rural Monitoring Network (AURN)
DUP000148,json,openaq,16887,2659914,EEA Burton-on-Trent Horninglow - UKA00652,3050,8622277,2659914 NO₂ mass,no2,16.83,2026-02-19 15:00:00+00,0.000,52.821050 -1.635718,,
DUP000148,json,sos,449,786063,Burton-on-Trent Horninglow,,,Burton-on-Trent Horninglow-Nitrogen dioxide (air),no2,,,0.000,52.821050 -1.635718,,
DUP000148,json,sos,7694,7082,Burton-on-Trent Horninglow,624,4671,"http://dd.eionet.europa.eu/vocabulary/aq/pollutant/8 7082 - Burton-on-Trent Horninglow-Nitrogen dioxide (air), Burton-on-Trent Horninglow-Nitrogen dioxide (air)",no2,28.688,2026-02-19 21:00:00+00,0.000,52.821050 -1.635718,,
DUP000149,aurn,aurn_register,,UKA00653,Cardiff Newport Road,,,,no2,,,0,51.490960 -3.152305,UKA00653,Automatic Urban and Rural Monitoring Network (AURN); UK Urban NO2 Network
DUP000149,json,openaq,16888,2659916,EEA Cardiff Newport Road - UKA00653,3051,8622323,2659916 NO₂ mass,no2,12.81375,2026-02-19 15:00:00+00,0.000,51.490960 -3.152305,,
DUP000149,json,sos,534,786066,Cardiff Newport Road,,,Cardiff Newport Road-Nitrogen dioxide (air),no2,,,0.000,51.490960 -3.152305,,
DUP000149,json,sos,7695,7085,Cardiff Newport Road,625,4687,"http://dd.eionet.europa.eu/vocabulary/aq/pollutant/8 7085 - Cardiff Newport Road-Nitrogen dioxide (air), Cardiff Newport Road-Nitrogen dioxide (air)",no2,27.54,2026-02-19 21:00:00+00,0.000,51.490960 -3.152305,,
DUP000150,aurn,aurn_register,,UKA00654,Dewsbury Ashworth Grange,,,,no2,,,0,53.693104 -1.637111,UKA00654,Automatic Urban and Rural Monitoring Network (AURN)
DUP000150,json,openaq,16892,2659924,EEA Dewsbury Ashworth Grove - UKA00654,3057,8622322,2659924 NO₂ mass,no2,17.9775,2026-02-18 10:00:00+00,0.000,53.693104 -1.637111,,
DUP000150,json,sos,754,786070,Dewsbury Ashworth Grange,,,Dewsbury Ashworth Grange-Nitrogen dioxide (air),no2,,,0.000,53.693104 -1.637111,,
DUP000150,json,sos,7696,7089,Dewsbury Ashworth Grange,626,4700,"http://dd.eionet.europa.eu/vocabulary/aq/pollutant/8 7089 - Dewsbury Ashworth Grange-Nitrogen dioxide (air), Dewsbury Ashworth Grange-Nitrogen dioxide (air)",no2,45.709,2026-02-19 21:00:00+00,0.000,53.693104 -1.637111,,
DUP000151,aurn,aurn_register,,UKA00655,Birmingham Ladywood,,,,no2,,,0,52.481346 -1.918235,UKA00655,Automatic Urban and Rural Monitoring Network (AURN); Black Carbon; Non-Automatic Hydrocarbon Network; PAH Digitel (solid phase)
DUP000151,json,openaq,16883,2659908,EEA Birmingham Ladywood - UKA00655,3041,8622287,2659908 NO₂ mass,no2,,,0.000,52.481346 -1.918235,,
DUP000151,json,openaq,16884,2659909,EEA Birmingham Ladywood - UKA00655,3044,8622638,2659909 NO₂ mass,no2,21.42,2026-02-19 15:00:00+00,0.000,52.481346 -1.918235,,
DUP000151,json,sos,317,786057,Birmingham Ladywood,,,Birmingham Ladywood-Nitrogen dioxide (air),no2,,,0.000,52.481346 -1.918235,,
DUP000151,json,sos,7693,7076,Birmingham Ladywood,623,4730,"http://dd.eionet.europa.eu/vocabulary/aq/pollutant/8 7076 - Birmingham Ladywood-Nitrogen dioxide (air), Birmingham Ladywood-Nitrogen dioxide (air)",no2,39.971,2026-02-19 20:00:00+00,0.000,52.481346 -1.918235,,
DUP000152,aurn,aurn_register,,UKA00656,London Honor Oak Park,,,,no2,,,0,51.449674 -0.037418,UKA00656,Automatic Hydrocarbon Network; Automatic Urban and Rural Monitoring Network (AURN); Black Carbon; Particle Size Composition
DUP000152,json,openaq,16776,225803,EEA London Honor Oak Park - UKA00656,2670,1304885,225803 NO₂ mass,no2,24.7,2026-02-19 20:00:00+00,0.000,51.449674 -0.037418,,
DUP000153,aurn,aurn_register,,UKA00658,West Bromwich Kenrick Park,,,,no2,,,0,52.508342 -1.986070,UKA00658,Automatic Urban and Rural Monitoring Network (AURN)
DUP000153,json,openaq,16905,2659944,EEA West Bromwich Kenrick Park - UKA00658,3073,8622290,2659944 NO₂ mass,no2,,,4.233,52.508337 -1.986008,,
DUP000153,json,openaq,16906,2659945,EEA West Bromwich Kenrick Park - UKA00658,3074,8622635,2659945 NO₂ mass,no2,26.775,2026-02-19 15:00:00+00,4.233,52.508337 -1.986008,,
DUP000153,json,sos,2363,786292,West Bromwich Kenrick Park,,,West Bromwich Kenrick Park-Nitrogen dioxide (air),no2,,,0.000,52.508342 -1.986070,,
DUP000153,json,sos,7703,7571,West Bromwich Kenrick Park,637,4755,"http://dd.eionet.europa.eu/vocabulary/aq/pollutant/8 7571 - West Bromwich Kenrick Park-Nitrogen dioxide (air), West Bromwich Kenrick Park-Nitrogen dioxide (air)",no2,-99,2026-02-19 20:00:00+00,0.000,52.508342 -1.986070,,
DUP000154,aurn,aurn_register,,UKA00659,Crewe Coppenhall,,,,no2,,,0,53.115941 -2.453492,UKA00659,Automatic Urban and Rural Monitoring Network (AURN)
DUP000154,json,openaq,16890,2659920,EEA Crewe Coppenhall - UKA00659,3054,8622221,2659920 NO₂ mass,no2,15.10875,2026-02-19 15:00:00+00,0.000,53.115941 -2.453492,,
DUP000154,json,sos,673,786376,Crewe Coppenhall,,,Crewe Coppenhall-Nitrogen dioxide (air),no2,,,0.000,53.115941 -2.453492,,
DUP000154,json,sos,7720,7717,Crewe Coppenhall,658,4813,"http://dd.eionet.europa.eu/vocabulary/aq/pollutant/8 7717 - Crewe Coppenhall-Nitrogen dioxide (air), Crewe Coppenhall-Nitrogen dioxide (air)",no2,26.201,2026-02-19 21:00:00+00,0.000,53.115941 -2.453492,,
DUP000155,aurn,aurn_register,,UKA00660,Bath A4 Roadside,,,,no2,,,0,51.390922 -2.355030,UKA00660,Automatic Urban and Rural Monitoring Network (AURN); Non-Automatic Hydrocarbon Network; UK Urban NO2 Network
DUP000155,json,openaq,16882,2659906,EEA Bath A4 Roadside - UKA00660,3040,8622303,2659906 NO₂ mass,no2,26.96625,2026-02-19 15:00:00+00,0.000,51.390922 -2.355030,,
DUP000155,json,sos,252,786297,Bath A4 Roadside,,,Bath A4 Roadside-Nitrogen dioxide (air),no2,,,0.000,51.390922 -2.355030,,
DUP000155,json,sos,7705,7615,Bath A4 Roadside,640,4828,"http://dd.eionet.europa.eu/vocabulary/aq/pollutant/8 7615 - Bath A4 Roadside-Nitrogen dioxide (air), Bath A4 Roadside-Nitrogen dioxide (air)",no2,31.556,2026-02-19 21:00:00+00,0.000,51.390922 -2.355030,,
DUP000156,aurn,aurn_register,,UKA00819,Cwmbran Crownbridge,,,,no2,,,0,51.653819 -3.006370,UKA00819,Automatic Urban and Rural Monitoring Network (AURN)
DUP000156,json,openaq,16891,2659922,EEA Cwmbran Crownbridge - UKA00819,3055,8622264,2659922 NO₂ mass,no2,5.7375,2026-02-19 15:00:00+00,0.000,51.653819 -3.006370,,
DUP000156,json,sos,679,786380,Cwmbran Crownbridge,,,Cwmbran Crownbridge-Nitrogen dioxide (air),no2,,,0.000,51.653819 -3.006370,,
DUP000156,json,sos,7721,7804,Cwmbran Crownbridge,659,4863,"http://dd.eionet.europa.eu/vocabulary/aq/pollutant/8 7804 - Cwmbran Crownbridge-Nitrogen dioxide (air), Cwmbran Crownbridge-Nitrogen dioxide (air)",no2,-99,2026-02-19 21:00:00+00,0.000,51.653819 -3.006370,,
DUP000157,aurn,aurn_register,,UKA00932,Carlisle Morton A595,,,,no2,,,0,54.885823 -2.964955,UKA00932,Automatic Urban and Rural Monitoring Network (AURN); Non-Automatic Hydrocarbon Network
DUP000157,json,sos,538,786703,Carlisle Morton A595,,,Carlisle Morton A595-Nitrogen dioxide (air),no2,,,0.000,54.885823 -2.964955,,
DUP000157,json,sos,7723,8129,Carlisle Morton A595,668,4869,"http://dd.eionet.europa.eu/vocabulary/aq/pollutant/8 8129 - Carlisle Morton A595-Nitrogen dioxide (air), Carlisle Morton A595-Nitrogen dioxide (air)",no2,20.655,2026-02-19 19:00:00+00,0.000,54.885823 -2.964955,,
DUP000158,aurn,aurn_register,,UKA00933,Aberdeen Erroll Park,,,,no2,,,0,57.157400 -2.094770,UKA00933,Automatic Urban and Rural Monitoring Network (AURN)
DUP000158,json,sos,1,786698,Aberdeen Erroll Park,,,Aberdeen Erroll Park-Nitrogen dioxide (air),no2,,,0.000,57.157400 -2.094770,,
DUP000158,json,sos,7722,8124,Aberdeen Erroll Park,667,4886,"http://dd.eionet.europa.eu/vocabulary/aq/pollutant/8 8124 - Aberdeen Erroll Park-Nitrogen dioxide (air), Aberdeen Erroll Park-Nitrogen dioxide (air)",no2,11.475,2026-02-19 21:00:00+00,0.000,57.157400 -2.094770,,
DUP000159,aurn,aurn_register,,UKA01026,Toft Newton,,,,no2,,,0,53.374133 -0.449788,UKA01026,Automatic Urban and Rural Monitoring Network (AURN)
DUP000159,json,sos,2338,788037,Toft Newton,,,Toft Newton-Nitrogen dioxide (air),no2,,,0.000,53.374133 -0.449788,,
DUP000159,json,sos,7649,10528,Toft Newton,532,5127,"http://dd.eionet.europa.eu/vocabulary/aq/pollutant/8 10528 - Toft Newton-Nitrogen dioxide (air), Toft Newton-Nitrogen dioxide (air)",no2,6.503,2026-02-19 20:00:00+00,0.000,53.374133 -0.449788,,
DUP000160,aurn,aurn_register,,UKA01037,Hafod-yr-ynys Hill Roadside,,,,no2,,,0,51.680493 -3.133516,UKA01037,Automatic Urban and Rural Monitoring Network (AURN); UK Urban NO2 Network
DUP000160,json,openaq,16461,2414,DEFRA Hafod-yr-ynys Roadside,1685,5079290,2414 NO₂ mass,no2,,,9.579,51.680579 -3.133508,,
DUP000160,json,sos,926,787423,Hafod-yr-ynys Hill Roadside,,,Hafod-yr-ynys Hill Roadside-Nitrogen dioxide (air),no2,,,0.000,51.680493 -3.133516,,
DUP000160,json,sos,7724,9911,Hafod-yr-ynys Hill Roadside,700,5114,"http://dd.eionet.europa.eu/vocabulary/aq/pollutant/8 9911 - Hafod-yr-ynys Hill Roadside-Nitrogen dioxide (air), Hafod-yr-ynys Hill Roadside-Nitrogen dioxide (air)",no2,-99,2026-02-19 21:00:00+00,0.000,51.680493 -3.133516,,
DUP000160,json,sos,929,784139,Hafod-yr-ynys Roadside,,,Hafod-yr-ynys Roadside-Nitrogen dioxide (air),no2,,,9.579,51.680579 -3.133508,,
DUP000160,json,sos,7657,5673,Hafod-yr-ynys Roadside,585,2396,"http://dd.eionet.europa.eu/vocabulary/aq/pollutant/8 5673 - Hafod-yr-ynys Roadside-Nitrogen dioxide (air), Hafod-yr-ynys Roadside-Nitrogen dioxide (air)",no2,,,9.579,51.680579 -3.133508,,
DUP000161,aurn,aurn_register,,UKA01048,Nottingham Kenmore Gardens,,,,no2,,,0,52.959441 -1.138650,UKA01048,Automatic Urban and Rural Monitoring Network (AURN); Non-Automatic Hydrocarbon Network; PAH Digitel (solid phase)
DUP000161,json,sos,1841,788049,Nottingham Kenmore Gardens,,,Nottingham Kenmore Gardens-Nitrogen dioxide (air),no2,,,0.000,52.959441 -1.138650,,
DUP000161,json,sos,7650,10542,Nottingham Kenmore Gardens,533,5176,"http://dd.eionet.europa.eu/vocabulary/aq/pollutant/8 10542 - Nottingham Kenmore Gardens-Nitrogen dioxide (air), Nottingham Kenmore Gardens-Nitrogen dioxide (air)",no2,31.556,2026-02-19 20:00:00+00,0.000,52.959441 -1.138650,,
DUP000162,aurn,aurn_register,,UKA01062,Birmingham Hall Green,,,,no2,,,0,52.437553 -1.830956,UKA01062,Automatic Urban and Rural Monitoring Network (AURN)
DUP000162,json,sos,311,788115,Birmingham Hall Green,,,Birmingham Hall Green-Nitrogen dioxide (air),no2,,,0.000,52.437553 -1.830956,,
DUP000162,json,sos,7651,10637,Birmingham Hall Green,536,5230,"http://dd.eionet.europa.eu/vocabulary/aq/pollutant/8 10637 - Birmingham Hall Green-Nitrogen dioxide (air), Birmingham Hall Green-Nitrogen dioxide (air)",no2,36.911,2026-02-19 20:00:00+00,0.000,52.437553 -1.830956,,
DUP000163,json,openaq,16379,151,LAQN Tower Hamlets - Mile End Road,1438,234,151 NO₂ mass,no2,20.2,2026-02-19 20:00:00+00,0,51.522529 -0.042155,,
DUP000163,json,sos,2345,1158,Tower Hamlets Roadside,555,492,"http://dd.eionet.europa.eu/vocabulary/aq/pollutant/8 1158 - Tower Hamlets Roadside-Nitrogen dioxide (air), Tower Hamlets Roadside-Nitrogen dioxide (air)",no2,,,0.111,51.522530 -0.042155,,
DUP000164,json,breathelondon,7745,CLDP0022,Elephant and Castle (reference co-location),47828,CLDP0022:INO2,Elephant and Castle (reference co-location) NO2,no2,48.2864614167844,2026-02-19 19:00:00+00,0,51.493156 -0.101527,,
DUP000164,json,openaq,16768,225793,LAQN Southwark - Elephant and Castle,2646,1304685,225793 NO₂ mass,no2,,,0.000,51.493156 -0.101527,,
DUP000164,json,openaq,16559,223686,london stationary Brook Drive,2006,1295901,223686 NO₂,no2,,,6.714,51.493213 -0.101559,,
DUP000164,json,openaq,16565,223692,london stationary Brook Drive,2025,1295919,223692 NO₂,no2,,,6.714,51.493213 -0.101559,,
DUP000165,json,breathelondon,7751,CLDP0028,Brent Ikea (reference co-location),47832,CLDP0028:INO2,Brent Ikea (reference co-location) NO2,no2,20.0804870466919,2026-02-19 19:00:00+00,0,51.552475 -0.258089,,
DUP000165,json,openaq,16706,225723,LAQN Brent - Ikea,2496,1304508,225723 NO₂ mass,no2,28.4,2026-02-19 20:00:00+00,0.111,51.552476 -0.258089,,
DUP000166,json,breathelondon,7748,CLDP0025,Rainham (reference co-location),47830,CLDP0025:INO2,Rainham (reference co-location) NO2,no2,30.4902788411959,2026-02-19 19:00:00+00,0,51.520786 0.205461,,
DUP000166,json,openaq,16738,225763,LAQN Havering - Rainham,2572,1304657,225763 NO₂ mass,no2,32.9,2026-02-17 22:00:00+00,0.111,51.520787 0.205461,,
DUP000167,json,breathelondon,7743,CLDP0020,A2 Falconwood (reference co-location),47824,CLDP0020:INO2,A2 Falconwood (reference co-location) NO2,no2,38.0106736653996,2026-02-19 19:00:00+00,0,51.456299 0.085606,,
DUP000167,json,openaq,16771,225796,LAQN Greenwich - Falconwood,2655,1304714,225796 NO₂ mass,no2,28.5,2026-02-19 20:00:00+00,0.111,51.456300 0.085606,,
DUP000168,json,breathelondon,7735,CLDP0011,Westhorne Avenue (reference co-location),47820,CLDP0011:INO2,Westhorne Avenue (reference co-location) NO2,no2,13.2089448802229,2026-02-15 01:00:00+00,0,51.456356 0.040725,,
DUP000168,json,openaq,16772,225797,LAQN Greenwich - Westhorne Avenue,2659,1304708,225797 NO₂ mass,no2,22.2,2026-02-19 20:00:00+00,0.111,51.456357 0.040725,,
DUP000169,json,breathelondon,8364,CLDP0656,Station Walk,48170,CLDP0656:INO2,Station Walk NO2,no2,24.7032852242366,2026-02-19 19:00:00+00,0,51.514072 -0.216380,,
DUP000169,json,openaq,17097,5738875,LAQN Kensington and Chelsea - Station Walk,3821,14084832,5738875 NO₂ mass,no2,24.5,2026-02-19 20:00:00+00,9.872,51.514052 -0.216519,,
DUP000169,json,openaq,17098,5738876,LAQN Kensington and Chelsea - Station Walk,3824,14124220,5738876 NO₂ mass,no2,,,10.819,51.514052 -0.216533,,
DUP000170,aurn,aurn_register,,UKA00012,Sibton,,,,o3,,,0,52.294400 1.463497,UKA00012,Automatic Urban and Rural Monitoring Network (AURN); UKEAP: National Ammonia Monitoring Network
DUP000170,json,openaq,16427,2309,DEFRA Sibton,1593,4184,2309 O₃ mass,o3,36,2026-02-19 21:00:00+00,0.000,52.294400 1.463497,,
DUP000170,json,sos,2140,2735,Sibton,464,458,"http://dd.eionet.europa.eu/vocabulary/aq/pollutant/7 2735 - Sibton-Ozone (air), Sibton-Ozone (air)",o3,34.725,2026-02-19 21:00:00+00,0.000,52.294400 1.463497,,
DUP000171,aurn,aurn_register,,UKA00128,Bush Estate,,,,o3,,,0,55.862281 -3.205782,UKA00128,Automatic Urban and Rural Monitoring Network (AURN); UKEAP: Acid Gases & Aerosol Network; UKEAP: National Ammonia Monitoring Network
DUP000171,json,openaq,16475,2443,EEA Bush Estate - UKA00128,1725,4673,2443 O₃ mass,o3,70,2026-02-19 21:00:00+00,0.000,55.862281 -3.205782,,
DUP000171,json,sos,465,2683,Bush Estate,452,113,"http://dd.eionet.europa.eu/vocabulary/aq/pollutant/7 2683 - Bush Estate-Ozone (air), Bush Estate-Ozone (air)",o3,59.073,2026-02-19 21:00:00+00,0.000,55.862281 -3.205782,,
DUP000172,aurn,aurn_register,,UKA00130,Eskdalemuir,,,,o3,,,0,55.315310 -3.206111,UKA00130,Automatic Urban and Rural Monitoring Network (AURN); Heavy Metals; UKEAP: Acid Gases & Aerosol Network; UKEAP: National Ammonia Monitoring Network; UKEAP: Precip-Net; UKEAP: Rural NO2
DUP000172,json,openaq,16421,2291,DEFRA Eskdalemuir,1582,4140,2291 O₃ mass,o3,58,2026-02-19 21:00:00+00,0.000,55.315310 -3.206111,,
DUP000172,json,sos,831,2686,Eskdalemuir,453,200,"http://dd.eionet.europa.eu/vocabulary/aq/pollutant/7 2686 - Eskdalemuir-Ozone (air), Eskdalemuir-Ozone (air)",o3,52.487,2026-02-19 21:00:00+00,0.000,55.315310 -3.206111,,
DUP000173,aurn,aurn_register,,UKA00137,Aston Hill,,,,o3,,,0,52.503850 -3.034178,UKA00137,Automatic Urban and Rural Monitoring Network (AURN)
DUP000173,json,openaq,16454,2394,DEFRA Aston Hill,1668,4481,2394 O₃ mass,o3,47,2026-02-19 21:00:00+00,0.000,52.503850 -3.034178,,
DUP000173,json,sos,31,2679,Aston Hill,451,39,"http://dd.eionet.europa.eu/vocabulary/aq/pollutant/7 2679 - Aston Hill-Ozone (air), Aston Hill-Ozone (air)",o3,55.081,2026-02-19 21:00:00+00,0.000,52.503850 -3.034178,,
DUP000174,aurn,aurn_register,,UKA00152,Lullington Heath,,,,o3,,,0,50.793700 0.181250,UKA00152,Automatic Urban and Rural Monitoring Network (AURN); UKEAP: Acid Gases & Aerosol Network; UKEAP: National Ammonia Monitoring Network; UKEAP: Precip-Net; UKEAP: Rural NO2
DUP000174,json,openaq,16481,2455,EEA Lullington Heath - UKA00152,1738,4709,2455 O₃ mass,o3,42,2026-02-19 21:00:00+00,0.000,50.793700 0.181250,,
DUP000174,json,sos,1613,2709,Lullington Heath,458,314,"http://dd.eionet.europa.eu/vocabulary/aq/pollutant/7 2709 - Lullington Heath-Ozone (air), Lullington Heath-Ozone (air)",o3,41.111,2026-02-19 21:00:00+00,0.000,50.793700 0.181250,,
DUP000175,aurn,aurn_register,,UKA00162,Strathvaich,,,,o3,,,0,57.734456 -4.776583,UKA00162,Automatic Urban and Rural Monitoring Network (AURN); UKEAP: Acid Gases & Aerosol Network; UKEAP: National Ammonia Monitoring Network; UKEAP: Precip-Net; UKEAP: Rural NO2
DUP000175,json,openaq,16393,425,EEA Strathvaich - UKA00162,1489,738,425 O₃ mass,o3,78,2026-02-19 21:00:00+00,0.000,57.734456 -4.776583,,
DUP000175,json,sos,2271,2736,Strathvaich,465,483,"http://dd.eionet.europa.eu/vocabulary/aq/pollutant/7 2736 - Strathvaich-Ozone (air), Strathvaich-Ozone (air)",o3,70.249,2026-02-19 21:00:00+00,0.000,57.734456 -4.776583,,
DUP000176,aurn,aurn_register,,UKA00166,Lough Navar,,,,o3,,,0,54.439510 -7.900328,UKA00166,Automatic Urban and Rural Monitoring Network (AURN); Heavy Metals; UKEAP: Acid Gases & Aerosol Network; UKEAP: National Ammonia Monitoring Network; UKEAP: Precip-Net; UKEAP: Rural NO2
DUP000176,json,openaq,16445,2361,DEFRA Lough Navar,1645,4347,2361 O₃ mass,o3,56,2026-02-19 21:00:00+00,0.000,54.439510 -7.900328,,
DUP000176,json,sos,1605,2713,Lough Navar,459,319,"http://dd.eionet.europa.eu/vocabulary/aq/pollutant/7 2713 - Lough Navar-Ozone (air), Lough Navar-Ozone (air)",o3,25.545,2026-02-19 20:00:00+00,0.000,54.439510 -7.900328,,
DUP000177,aurn,aurn_register,,UKA00168,Yarner Wood,,,,o3,,,0,50.597600 -3.716510,UKA00168,Automatic Urban and Rural Monitoring Network (AURN); Heavy Metals; UKEAP: Acid Gases & Aerosol Network; UKEAP: National Ammonia Monitoring Network; UKEAP: Precip-Net; UKEAP: Rural NO2
DUP000177,json,openaq,16472,2436,DEFRA Yarner Wood,1715,4626,2436 O₃ mass,o3,65,2026-02-19 21:00:00+00,0.000,50.597600 -3.716510,,
DUP000177,json,sos,2429,2746,Yarner Wood,468,530,"http://dd.eionet.europa.eu/vocabulary/aq/pollutant/7 2746 - Yarner Wood-Ozone (air), Yarner Wood-Ozone (air)",o3,73.043,2026-02-19 21:00:00+00,0.000,50.597600 -3.716510,,
DUP000178,aurn,aurn_register,,UKA00169,High Muffles,,,,o3,,,0,54.334497 -0.808820,UKA00169,Automatic Urban and Rural Monitoring Network (AURN); PAH Digitel (solid phase); TOMPs; UKEAP: Acid Gases & Aerosol Network; UKEAP: National Ammonia Monitoring Network; UKEAP: Precip-Net; UKEAP: Rural NO2
DUP000178,json,sos,1116,2701,High Muffles,455,246,"http://dd.eionet.europa.eu/vocabulary/aq/pollutant/7 2701 - High Muffles-Ozone (air), High Muffles-Ozone (air)",o3,47.897,2026-02-19 21:00:00+00,0.000,54.334497 -0.808820,,
DUP000179,aurn,aurn_register,,UKA00170,Glazebury,,,,o3,,,0,53.460080 -2.472056,UKA00170,Automatic Urban and Rural Monitoring Network (AURN); Black Carbon
DUP000179,json,openaq,16471,2431,EEA Glazebury - UKA00170,1711,4598,2431 O₃ mass,o3,34,2026-02-19 21:00:00+00,0.000,53.460080 -2.472056,,
DUP000179,json,sos,901,2690,Glazebury,454,214,"http://dd.eionet.europa.eu/vocabulary/aq/pollutant/7 2690 - Glazebury-Ozone (air), Glazebury-Ozone (air)",o3,30.534,2026-02-19 21:00:00+00,0.000,53.460080 -2.472056,,
DUP000180,aurn,aurn_register,,UKA00171,Ladybower,,,,o3,,,0,53.403370 -1.752006,UKA00171,Automatic Urban and Rural Monitoring Network (AURN); Black Carbon; UKEAP: Acid Gases & Aerosol Network; UKEAP: National Ammonia Monitoring Network
DUP000180,json,openaq,16438,2337,EEA Ladybower - UKA00171,1622,4277,2337 O₃ mass,o3,40,2026-02-19 21:00:00+00,0.000,53.403370 -1.752006,,
DUP000180,json,sos,1242,2704,Ladybower,456,282,"http://dd.eionet.europa.eu/vocabulary/aq/pollutant/7 2704 - Ladybower-Ozone (air), Ladybower-Ozone (air)",o3,30.335,2026-02-19 21:00:00+00,0.000,53.403370 -1.752006,,
DUP000181,aurn,aurn_register,,UKA00181,Sheffield Tinsley,,,,o3,,,0,53.410580 -1.396139,UKA00181,Automatic Urban and Rural Monitoring Network (AURN); Heavy Metals; PAH Digitel (solid phase)
DUP000181,json,openaq,16480,2454,EEA Sheffield Tinsley - UKA00181,1734,3506052,2454 O₃ mass,o3,21,2026-02-19 21:00:00+00,0.000,53.410580 -1.396139,,
DUP000181,json,sos,2135,787434,Sheffield Tinsley,,,Sheffield Tinsley-Ozone (air),o3,,,0.000,53.410580 -1.396139,,
DUP000181,json,sos,7644,9924,Sheffield Tinsley,517,5047,"http://dd.eionet.europa.eu/vocabulary/aq/pollutant/7 9924 - Sheffield Tinsley-Ozone (air), Sheffield Tinsley-Ozone (air)",o3,4.79,2026-02-19 21:00:00+00,0.000,53.410580 -1.396139,,
DUP000182,aurn,aurn_register,,UKA00211,London Bloomsbury,,,,o3,,,0,51.522290 -0.125889,UKA00211,Automatic Urban and Rural Monitoring Network (AURN); Non-Automatic Hydrocarbon Network
DUP000182,json,openaq,16376,148,EEA London Bloomsbury - UKA00211,1428,229,148 O₃ mass,o3,16,2026-02-19 21:00:00+00,0.000,51.522290 -0.125889,,
DUP000182,json,sos,1384,840,London Bloomsbury,492,150,"http://dd.eionet.europa.eu/vocabulary/aq/pollutant/7 840 - London Bloomsbury-Ozone (air), London Bloomsbury-Ozone (air)",o3,15.766,2026-02-19 21:00:00+00,0.000,51.522290 -0.125889,,
DUP000183,aurn,aurn_register,,UKA00212,Belfast Centre,,,,o3,,,0,54.599650 -5.928833,UKA00212,Automatic Urban and Rural Monitoring Network (AURN); Black Carbon; Heavy Metals; Non-Automatic Hydrocarbon Network; UKEAP: National Ammonia Monitoring Network
DUP000183,json,openaq,16503,2527,EEA Belfast Centre - UKA00212,1828,5027,2527 O₃ mass,o3,36,2026-02-19 21:00:00+00,0.000,54.599650 -5.928833,,
DUP000183,json,sos,281,758,Belfast Centre,482,63,"http://dd.eionet.europa.eu/vocabulary/aq/pollutant/7 758 - Belfast Centre-Ozone (air), Belfast Centre-Ozone (air)",o3,33.727,2026-02-19 21:00:00+00,0.000,54.599650 -5.928833,,
DUP000184,aurn,aurn_register,,UKA00213,Newcastle Centre,,,,o3,,,0,54.978250 -1.610528,UKA00213,Automatic Urban and Rural Monitoring Network (AURN); Black Carbon; Non-Automatic Hydrocarbon Network; PAH Digitel (solid phase)
DUP000184,json,openaq,16418,2051,DEFRA Newcastle Centre,1572,5079252,2051 O₃ mass,o3,61,2026-02-19 21:00:00+00,0.000,54.978250 -1.610528,,
DUP000184,json,sos,1763,1040,Newcastle Centre,427,368,"http://dd.eionet.europa.eu/vocabulary/aq/pollutant/7 1040 - Newcastle Centre-Ozone (air), Newcastle Centre-Ozone (air)",o3,42.309,2026-02-19 21:00:00+00,0.000,54.978250 -1.610528,,
DUP000185,aurn,aurn_register,,UKA00217,Cardiff Centre,,,,o3,,,0,51.481780 -3.176250,UKA00217,Automatic Urban and Rural Monitoring Network (AURN); Black Carbon
DUP000185,json,openaq,16486,2485,DEFRA Cardiff Centre,1758,4785,2485 O₃ mass,o3,41,2026-02-19 21:00:00+00,0.000,51.481780 -3.176250,,
DUP000185,json,sos,500,813,Cardiff Centre,491,127,"http://dd.eionet.europa.eu/vocabulary/aq/pollutant/7 813 - Cardiff Centre-Ozone (air), Cardiff Centre-Ozone (air)",o3,31.133,2026-02-19 20:00:00+00,0.000,51.481780 -3.176250,,
DUP000186,aurn,aurn_register,,UKA00220,Middlesbrough,,,,o3,,,0,54.569297 -1.220874,UKA00220,Automatic Urban and Rural Monitoring Network (AURN); Non-Automatic Hydrocarbon Network; PAH Digitel (solid phase)
DUP000186,json,openaq,16405,824,DEFRA Middlesbrough,1531,5309,824 O₃ mass,o3,65,2026-02-19 21:00:00+00,0.000,54.569297 -1.220874,,
DUP000186,json,sos,1704,1019,Middlesbrough,425,348,"http://dd.eionet.europa.eu/vocabulary/aq/pollutant/7 1019 - Middlesbrough-Ozone (air), Middlesbrough-Ozone (air)",o3,53.285,2026-02-19 21:00:00+00,0.000,54.569297 -1.220874,,
DUP000187,aurn,aurn_register,,UKA00222,Leeds Centre,,,,o3,,,0,53.803780 -1.546472,UKA00222,Automatic Urban and Rural Monitoring Network (AURN); Non-Automatic Hydrocarbon Network
DUP000187,json,openaq,16501,2523,DEFRA Leeds Centre,1818,4977,2523 O₃ mass,o3,31,2026-02-19 21:00:00+00,0.000,53.803780 -1.546472,,
DUP000187,json,sos,1272,978,Leeds Centre,502,305,"http://dd.eionet.europa.eu/vocabulary/aq/pollutant/7 978 - Leeds Centre-Ozone (air), Leeds Centre-Ozone (air)",o3,15.566,2026-02-19 21:00:00+00,0.000,53.803780 -1.546472,,
DUP000188,aurn,aurn_register,,UKA00235,Southampton Centre,,,,o3,,,0,50.908173 -1.395757,UKA00235,Automatic Urban and Rural Monitoring Network (AURN); Non-Automatic Hydrocarbon Network; PAH Digitel (solid phase)
DUP000188,json,openaq,16394,698,EEA Southampton Centre - UKA00235,1491,1212,698 O₃ mass,o3,33,2026-02-19 21:00:00+00,3.954,50.908140 -1.395778,,
DUP000188,json,sos,2155,1133,Southampton Centre,443,467,"http://dd.eionet.europa.eu/vocabulary/aq/pollutant/7 1133 - Southampton Centre-Ozone (air), Southampton Centre-Ozone (air)",o3,31.332,2026-02-19 21:00:00+00,0.000,50.908173 -1.395757,,
DUP000189,aurn,aurn_register,,UKA00238,London Bexley,,,,o3,,,0,51.466030 0.184806,UKA00238,Automatic Urban and Rural Monitoring Network (AURN)
DUP000189,json,openaq,16385,157,LAQN Bexley - Slade Green Fidas,1462,1304510,157 O₃ mass,o3,27.8,2026-02-19 20:00:00+00,7.177,51.465983 0.184877,,
DUP000190,aurn,aurn_register,,UKA00247,Liverpool Speke,,,,o3,,,0,53.346330 -2.844333,UKA00247,Automatic Urban and Rural Monitoring Network (AURN); Non-Automatic Hydrocarbon Network; PAH Digitel (solid phase)
DUP000190,json,openaq,16492,2507,EEA Liverpool Speke - UKA00247,1781,4867,2507 O₃ mass,o3,27,2026-02-19 21:00:00+00,0.000,53.346330 -2.844333,,
DUP000190,json,sos,1363,1006,Liverpool Speke,423,331,"http://dd.eionet.europa.eu/vocabulary/aq/pollutant/7 1006 - Liverpool Speke-Ozone (air), Liverpool Speke-Ozone (air)",o3,30.335,2026-02-19 21:00:00+00,0.000,53.346330 -2.844333,,
DUP000191,aurn,aurn_register,,UKA00248,Manchester Piccadilly,,,,o3,,,0,53.481520 -2.237881,UKA00248,Automatic Urban and Rural Monitoring Network (AURN); Non-Automatic Hydrocarbon Network
DUP000191,json,openaq,16429,2312,DEFRA Manchester Piccadilly,1600,5267,2312 O₃ mass,o3,20,2026-02-19 21:00:00+00,0.000,53.481520 -2.237881,,
DUP000191,json,sos,1650,1011,Manchester Piccadilly,424,339,"http://dd.eionet.europa.eu/vocabulary/aq/pollutant/7 1011 - Manchester Piccadilly-Ozone (air), Manchester Piccadilly-Ozone (air)",o3,12.174,2026-02-19 21:00:00+00,0.000,53.481520 -2.237881,,
DUP000192,aurn,aurn_register,,UKA00251,Rochester Stoke,,,,o3,,,0,51.456170 0.634889,UKA00251,Automatic Urban and Rural Monitoring Network (AURN)
DUP000192,json,openaq,16514,2558,DEFRA Rochester Stoke,1869,5198,2558 O₃ mass,o3,36,2026-02-19 21:00:00+00,0.000,51.456170 0.634889,,
DUP000192,json,sos,1967,2729,Rochester Stoke,463,434,"http://dd.eionet.europa.eu/vocabulary/aq/pollutant/7 2729 - Rochester Stoke-Ozone (air), Rochester Stoke-Ozone (air)",o3,23.749,2026-02-19 21:00:00+00,0.000,51.456170 0.634889,,
DUP000193,aurn,aurn_register,,UKA00253,London N. Kensington,,,,o3,,,0,51.521050 -0.213419,UKA00253,Automatic Urban and Rural Monitoring Network (AURN); Black Carbon
DUP000193,json,openaq,16383,155,DEFRA London N. Kensington,1455,247,155 O₃ mass,o3,31,2026-02-19 21:00:00+00,5.051,51.521050 -0.213492,,
DUP000193,json,sos,1573,956,London N. Kensington,500,277,"http://dd.eionet.europa.eu/vocabulary/aq/pollutant/7 956 - London N. Kensington-Ozone (air), London N. Kensington-Ozone (air)",o3,22.352,2026-02-19 21:00:00+00,0.000,51.521050 -0.213419,,
DUP000194,aurn,aurn_register,,UKA00263,Exeter Roadside,,,,o3,,,0,50.725083 -3.532465,UKA00263,Automatic Urban and Rural Monitoring Network (AURN)
DUP000194,json,openaq,16419,2282,DEFRA Exeter Roadside,1576,4122,2282 O₃ mass,o3,43,2026-02-19 21:00:00+00,0.000,50.725083 -3.532465,,
DUP000194,json,sos,836,886,Exeter Roadside,494,203,"http://dd.eionet.europa.eu/vocabulary/aq/pollutant/7 886 - Exeter Roadside-Ozone (air), Exeter Roadside-Ozone (air)",o3,51.09,2026-02-19 21:00:00+00,0.000,50.725083 -3.532465,,
DUP000195,aurn,aurn_register,,UKA00265,Leamington Spa,,,,o3,,,0,52.288810 -1.533119,UKA00265,Automatic Urban and Rural Monitoring Network (AURN); Non-Automatic Hydrocarbon Network
DUP000195,json,openaq,16507,2535,DEFRA Leamington Spa,1844,5036,2535 O₃ mass,o3,22,2026-02-19 21:00:00+00,0.000,52.288810 -1.533119,,
DUP000195,json,sos,7627,7635,Leamington Spa,483,2144,"http://dd.eionet.europa.eu/vocabulary/aq/pollutant/7 7635 - Leamington Spa-Ozone (air), Leamington Spa-Ozone (air)",o3,13.371,2026-02-19 21:00:00+00,0.000,52.288810 -1.533119,,
DUP000195,json,sos,1252,964,Leamington Spa,501,287,"http://dd.eionet.europa.eu/vocabulary/aq/pollutant/7 964 - Leamington Spa-Ozone (air), Leamington Spa-Ozone (air)",o3,,,0.000,52.288810 -1.533119,,
DUP000196,aurn,aurn_register,,UKA00266,London Hillingdon,,,,o3,,,0,51.496330 -0.460861,UKA00266,Automatic Urban and Rural Monitoring Network (AURN)
DUP000196,json,openaq,16381,153,DEFRA London Hillingdon,1444,240,153 O₃ mass,o3,28,2026-02-19 21:00:00+00,0.000,51.496330 -0.460861,,
DUP000196,json,sos,1494,920,London Hillingdon,497,243,"http://dd.eionet.europa.eu/vocabulary/aq/pollutant/7 920 - London Hillingdon-Ozone (air), London Hillingdon-Ozone (air)",o3,24.946,2026-02-19 21:00:00+00,0.000,51.496330 -0.460861,,
DUP000197,aurn,aurn_register,,UKA00272,Thurrock,,,,o3,,,0,51.477070 0.317969,UKA00272,Automatic Urban and Rural Monitoring Network (AURN)
DUP000197,json,openaq,16455,2395,EEA Thurrock - UKA00272,1670,4478,2395 O₃ mass,o3,27,2026-02-19 21:00:00+00,0.000,51.477070 0.317969,,
DUP000197,json,sos,2333,1161,Thurrock,446,497,"http://dd.eionet.europa.eu/vocabulary/aq/pollutant/7 1161 - Thurrock-Ozone (air), Thurrock-Ozone (air)",o3,22.352,2026-02-19 21:00:00+00,0.000,51.477070 0.317969,,
DUP000198,aurn,aurn_register,,UKA00315,London Marylebone Road,,,,o3,,,0,51.522530 -0.154611,UKA00315,Automatic Hydrocarbon Network; Automatic Urban and Rural Monitoring Network (AURN); Black Carbon; Heavy Metals; PAH Digitel (solid phase); Particle Concentrations and Numbers Network; UK Urban NO2 Network
DUP000198,json,openaq,16382,154,DEFRA London Marylebone Road,1449,243,154 O₃ mass,o3,26,2026-02-19 21:00:00+00,0.000,51.522530 -0.154611,,
DUP000198,json,sos,1552,1028,London Marylebone Road,426,358,"http://dd.eionet.europa.eu/vocabulary/aq/pollutant/7 1028 - London Marylebone Road-Ozone (air), London Marylebone Road-Ozone (air)",o3,16.564,2026-02-19 21:00:00+00,0.000,51.522530 -0.154611,,
DUP000199,aurn,aurn_register,,UKA00323,Narberth,,,,o3,,,0,51.782616 -4.692370,UKA00323,Automatic Urban and Rural Monitoring Network (AURN); UKEAP: Acid Gases & Aerosol Network; UKEAP: National Ammonia Monitoring Network
DUP000199,json,sos,1732,2724,Narberth,462,403,"http://dd.eionet.europa.eu/vocabulary/aq/pollutant/7 2724 - Narberth-Ozone (air), Narberth-Ozone (air)",o3,68.253,2026-02-19 21:00:00+00,0.000,51.782616 -4.692370,,
DUP000200,aurn,aurn_register,,UKA00337,Stoke-on-Trent Centre,,,,o3,,,0,53.028210 -2.175133,UKA00337,Automatic Urban and Rural Monitoring Network (AURN); Non-Automatic Hydrocarbon Network
DUP000200,json,openaq,16520,2579,DEFRA Stoke-on-Trent Centre,1891,5314,2579 O₃ mass,o3,20,2026-02-19 21:00:00+00,0.000,53.028210 -2.175133,,
DUP000200,json,sos,2253,1140,Stoke-on-Trent Centre,444,473,"http://dd.eionet.europa.eu/vocabulary/aq/pollutant/7 1140 - Stoke-on-Trent Centre-Ozone (air), Stoke-on-Trent Centre-Ozone (air)",o3,20.356,2026-02-19 21:00:00+00,0.000,53.028210 -2.175133,,
DUP000201,aurn,aurn_register,,UKA00339,Salford Eccles,,,,o3,,,0,53.484810 -2.334139,UKA00339,Automatic Urban and Rural Monitoring Network (AURN); PAH Digitel (solid phase)
DUP000201,json,openaq,16395,718,DEFRA Salford Eccles,1496,3515725,718 O₃ mass,o3,21,2026-02-19 21:00:00+00,0.000,53.484810 -2.334139,,
DUP000201,json,sos,2031,872,Salford Eccles,,,Salford Eccles-Ozone (air),o3,,,0.000,53.484810 -2.334139,,
DUP000201,json,sos,7643,9923,Salford Eccles,516,1285,"http://dd.eionet.europa.eu/vocabulary/aq/pollutant/7 9923 - Salford Eccles-Ozone (air), Salford Eccles-Ozone (air)",o3,7.185,2026-02-19 20:00:00+00,0.000,53.484810 -2.334139,,
DUP000202,aurn,aurn_register,,UKA00353,Barnsley Gawber,,,,o3,,,0,53.562920 -1.510436,UKA00353,Automatic Urban and Rural Monitoring Network (AURN); Black Carbon; Non-Automatic Hydrocarbon Network
DUP000202,json,openaq,16434,2323,EEA Barnsley Gawber - UKA00353,1609,4273,2323 O₃ mass,o3,44,2026-02-19 21:00:00+00,0.000,53.562920 -1.510436,,
DUP000202,json,sos,241,752,Barnsley Gawber,481,46,"http://dd.eionet.europa.eu/vocabulary/aq/pollutant/7 752 - Barnsley Gawber-Ozone (air), Barnsley Gawber-Ozone (air)",o3,28.539,2026-02-19 21:00:00+00,0.000,53.562920 -1.510436,,
DUP000203,aurn,aurn_register,,UKA00360,Plymouth Centre,,,,o3,,,0,50.371670 -4.142361,UKA00360,Automatic Urban and Rural Monitoring Network (AURN); PAH Digitel (solid phase)
DUP000203,json,openaq,16488,2488,EEA Plymouth Centre - UKA00360,1766,4794,2488 O₃ mass,o3,53,2026-02-19 21:00:00+00,0.000,50.371670 -4.142361,,
DUP000203,json,sos,1888,1082,Plymouth Centre,437,408,"http://dd.eionet.europa.eu/vocabulary/aq/pollutant/7 1082 - Plymouth Centre-Ozone (air), Plymouth Centre-Ozone (air)",o3,70.847,2026-02-19 21:00:00+00,0.000,50.371670 -4.142361,,
DUP000204,aurn,aurn_register,,UKA00362,Wicken Fen,,,,o3,,,0,52.298500 0.290917,UKA00362,Automatic Urban and Rural Monitoring Network (AURN); Black Carbon
DUP000204,json,openaq,16404,804,EEA Wicken Fen - UKA00362,1526,4953,804 O₃ mass,o3,34,2026-02-19 21:00:00+00,0.000,52.298500 0.290917,,
DUP000204,json,sos,2373,2742,Wicken Fen,467,513,"http://dd.eionet.europa.eu/vocabulary/aq/pollutant/7 2742 - Wicken Fen-Ozone (air), Wicken Fen-Ozone (air)",o3,26.144,2026-02-19 21:00:00+00,0.000,52.298500 0.290917,,
DUP000205,aurn,aurn_register,,UKA00406,Wirral Tranmere,,,,o3,,,0,53.372870 -3.022722,UKA00406,Automatic Urban and Rural Monitoring Network (AURN)
DUP000205,json,openaq,16505,2533,EEA Wirral Tranmere - UKA00406,1837,5023,2533 O₃ mass,o3,33,2026-02-19 21:00:00+00,0.000,53.372870 -3.022722,,
DUP000205,json,sos,2391,1166,Wirral Tranmere,447,501,"http://dd.eionet.europa.eu/vocabulary/aq/pollutant/7 1166 - Wirral Tranmere-Ozone (air), Wirral Tranmere-Ozone (air)",o3,-99,2026-02-19 21:00:00+00,0.000,53.372870 -3.022722,,
DUP000206,aurn,aurn_register,,UKA00408,Preston,,,,o3,,,0,53.765590 -2.680353,UKA00408,Automatic Urban and Rural Monitoring Network (AURN); PAH Digitel (solid phase)
DUP000206,json,openaq,16499,2517,EEA Preston - UKA00408,1809,5074,2517 O₃ mass,o3,26,2026-02-19 21:00:00+00,0.000,53.765590 -2.680353,,
DUP000206,json,sos,1943,1092,Preston,439,417,"http://dd.eionet.europa.eu/vocabulary/aq/pollutant/7 1092 - Preston-Ozone (air), Preston-Ozone (air)",o3,16.165,2026-02-19 21:00:00+00,0.000,53.765590 -2.680353,,
DUP000207,aurn,aurn_register,,UKA00409,Southend-on-Sea,,,,o3,,,0,51.544166 0.678331,UKA00409,Automatic Urban and Rural Monitoring Network (AURN)
DUP000207,json,openaq,16504,2530,EEA Southend-on-Sea - UKA00409,1833,5008,2530 O₃ mass,o3,31,2026-02-19 21:00:00+00,6.938,51.544206 0.678408,,
DUP000207,json,sos,2164,1117,Southend-on-Sea,442,449,"http://dd.eionet.europa.eu/vocabulary/aq/pollutant/7 1117 - Southend-on-Sea-Ozone (air), Southend-on-Sea-Ozone (air)",o3,28.938,2026-02-19 21:00:00+00,0.000,51.544166 0.678331,,
DUP000208,aurn,aurn_register,,UKA00421,Portsmouth,,,,o3,,,0,50.828810 -1.068583,UKA00421,Automatic Urban and Rural Monitoring Network (AURN); PAH Digitel (solid phase)
DUP000208,json,openaq,16502,2526,EEA Portsmouth - UKA00421,1823,5024,2526 O₃ mass,o3,38,2026-02-19 21:00:00+00,0.000,50.828810 -1.068583,,
DUP000208,json,sos,1902,1089,Portsmouth,438,413,"http://dd.eionet.europa.eu/vocabulary/aq/pollutant/7 1089 - Portsmouth-Ozone (air), Portsmouth-Ozone (air)",o3,49.693,2026-02-19 21:00:00+00,0.000,50.828810 -1.068583,,
DUP000209,aurn,aurn_register,,UKA00429,Bournemouth,,,,o3,,,0,50.739570 -1.826744,UKA00429,Automatic Urban and Rural Monitoring Network (AURN)
DUP000209,json,openaq,16428,2310,DEFRA Bournemouth,1597,4190,2310 O₃ mass,o3,36,2026-02-19 21:00:00+00,0.000,50.739570 -1.826744,,
DUP000209,json,sos,413,790,Bournemouth,486,94,"http://dd.eionet.europa.eu/vocabulary/aq/pollutant/7 790 - Bournemouth-Ozone (air), Bournemouth-Ozone (air)",o3,27.142,2026-02-19 21:00:00+00,0.000,50.739570 -1.826744,,
DUP000210,aurn,aurn_register,,UKA00433,Weybourne,,,,o3,,,0,52.950490 1.122017,UKA00433,Automatic Urban and Rural Monitoring Network (AURN); Ozone / UV; TOMPs
DUP000210,json,openaq,16435,2333,EEA Weybourne - UKA00433,1613,4262,2333 O₃ mass,o3,50,2026-02-19 21:00:00+00,0.000,52.950490 1.122017,,
DUP000210,json,sos,2367,2741,Weybourne,466,510,"http://dd.eionet.europa.eu/vocabulary/aq/pollutant/7 2741 - Weybourne-Ozone (air), Weybourne-Ozone (air)",o3,41.311,2026-02-19 21:00:00+00,0.000,52.950490 1.122017,,
DUP000211,aurn,aurn_register,,UKA00435,London Westminster,,,,o3,,,0,51.494670 -0.131931,UKA00435,Automatic Urban and Rural Monitoring Network (AURN); Heavy Metals
DUP000211,json,openaq,16387,159,DEFRA London Westminster,1469,3327179,159 O₃ mass,o3,25,2026-02-19 21:00:00+00,0.000,51.494670 -0.131931,,
DUP000211,json,sos,1594,932,London Westminster,,,London Westminster-Ozone (air),o3,,,0.000,51.494670 -0.131931,,
DUP000211,json,sos,7641,9921,London Westminster,514,1296,"http://dd.eionet.europa.eu/vocabulary/aq/pollutant/7 9921 - London Westminster-Ozone (air), London Westminster-Ozone (air)",o3,24.148,2026-02-19 20:00:00+00,0.000,51.494670 -0.131931,,
DUP000212,aurn,aurn_register,,UKA00445,St Osyth,,,,o3,,,0,51.777874 1.049010,UKA00445,Automatic Urban and Rural Monitoring Network (AURN); Black Carbon
DUP000212,json,openaq,16417,1795,EEA St Osyth - UKA00445,1568,4682,1795 O₃ mass,o3,39,2026-02-19 21:00:00+00,11.875,51.777980 1.049031,,
DUP000212,json,sos,2267,2721,St Osyth,461,390,"http://dd.eionet.europa.eu/vocabulary/aq/pollutant/7 2721 - St Osyth-Ozone (air), St Osyth-Ozone (air)",o3,35.723,2026-02-19 21:00:00+00,0.000,51.777874 1.049010,,
DUP000213,aurn,aurn_register,,UKA00450,Hull Freetown,,,,o3,,,0,53.748780 -0.341222,UKA00450,Automatic Urban and Rural Monitoring Network (AURN)
DUP000213,json,openaq,16494,2509,EEA Hull Freetown - UKA00450,1790,5067,2509 O₃ mass,o3,40,2026-02-19 21:00:00+00,0.000,53.748780 -0.341222,,
DUP000213,json,sos,1164,946,Hull Freetown,499,265,"http://dd.eionet.europa.eu/vocabulary/aq/pollutant/7 946 - Hull Freetown-Ozone (air), Hull Freetown-Ozone (air)",o3,27.74,2026-02-19 21:00:00+00,0.000,53.748780 -0.341222,,
DUP000214,aurn,aurn_register,,UKA00451,Auchencorth Moss,,,,o3,,,0,55.792160 -3.242900,UKA00451,Automatic Hydrocarbon Network; Automatic Urban and Rural Monitoring Network (AURN); Black Carbon; Heavy Metals; PAH Deposition; PAH Digitel (solid phase); Particle Size Composition; Rural Automatic Mercury network; TOMPs; UKEAP: Acid Gases & Aerosol Network; UKEAP: MARGA Network; UKEAP: National Ammonia Monitoring Network; UKEAP: Precip-Net; UKEAP: Precip-Net; UKEAP: Rural NO2
DUP000214,json,openaq,16511,2550,DEFRA Auchencorth Moss,1858,5149,2550 O₃ mass,o3,57,2026-02-19 21:00:00+00,0.000,55.792160 -3.242900,,
DUP000214,json,sos,169,2674,Auchencorth Moss,450,24,"http://dd.eionet.europa.eu/vocabulary/aq/pollutant/7 2674 - Auchencorth Moss-Ozone (air), Auchencorth Moss-Ozone (air)",o3,50.292,2026-02-19 21:00:00+00,0.000,55.792160 -3.242900,,
DUP000215,aurn,aurn_register,,UKA00454,Edinburgh St Leonards,,,,o3,,,0,55.945589 -3.182186,UKA00454,Automatic Urban and Rural Monitoring Network (AURN); PAH Digitel (solid phase)
DUP000215,json,openaq,16409,955,DEFRA Edinburgh St Leonards,1551,4404,955 O₃ mass,o3,56,2026-02-19 21:00:00+00,0.000,55.945589 -3.182186,,
DUP000215,json,sos,816,881,Edinburgh St Leonards,493,195,"http://dd.eionet.europa.eu/vocabulary/aq/pollutant/7 881 - Edinburgh St Leonards-Ozone (air), Edinburgh St Leonards-Ozone (air)",o3,52.287,2026-02-19 20:00:00+00,0.000,55.945589 -3.182186,,
DUP000216,aurn,aurn_register,,UKA00462,Reading New Town,,,,o3,,,0,51.453090 -0.944067,UKA00462,Automatic Urban and Rural Monitoring Network (AURN)
DUP000216,json,openaq,16484,2479,DEFRA Reading New Town,1750,4770,2479 O₃ mass,o3,26,2026-02-19 21:00:00+00,0.000,51.453090 -0.944067,,
DUP000216,json,openaq,16753,225778,LAQN Reading - New Town,2610,1304748,225778 O₃ mass,o3,,,29.693,51.452985 -0.944461,,
DUP000216,json,sos,1956,1105,Reading New Town,441,429,"http://dd.eionet.europa.eu/vocabulary/aq/pollutant/7 1105 - Reading New Town-Ozone (air), Reading New Town-Ozone (air)",o3,19.159,2026-02-19 21:00:00+00,0.000,51.453090 -0.944067,,
DUP000217,aurn,aurn_register,,UKA00472,London Harlington,,,,o3,,,0,51.488790 -0.441614,UKA00472,Automatic Urban and Rural Monitoring Network (AURN)
DUP000217,json,openaq,16373,141,EEA London Harlington - UKA00472,1417,259,141 O₃ mass,o3,29,2026-02-19 21:00:00+00,0.000,51.488790 -0.441614,,
DUP000217,json,sos,1481,940,London Harlington,498,261,"http://dd.eionet.europa.eu/vocabulary/aq/pollutant/7 940 - London Harlington-Ozone (air), London Harlington-Ozone (air)",o3,26.942,2026-02-19 21:00:00+00,0.000,51.488790 -0.441614,,
DUP000218,aurn,aurn_register,,UKA00482,Wigan Centre,,,,o3,,,0,53.549140 -2.638139,UKA00482,Automatic Urban and Rural Monitoring Network (AURN)
DUP000218,json,openaq,16422,2293,EEA Wigan Centre - UKA00482,1584,4981,2293 O₃ mass,o3,30,2026-02-19 21:00:00+00,0.000,53.549140 -2.638139,,
DUP000218,json,sos,2384,1178,Wigan Centre,449,517,"http://dd.eionet.europa.eu/vocabulary/aq/pollutant/7 1178 - Wigan Centre-Ozone (air), Wigan Centre-Ozone (air)",o3,23.948,2026-02-19 21:00:00+00,0.000,53.549140 -2.638139,,
DUP000219,aurn,aurn_register,,UKA00483,Brighton Preston Park,,,,o3,,,0,50.840836 -0.147572,UKA00483,Automatic Urban and Rural Monitoring Network (AURN)
DUP000219,json,openaq,16444,2360,EEA Brighton Preston Park - UKA00483,1642,4337,2360 O₃ mass,o3,30,2026-02-19 21:00:00+00,0.000,50.840836 -0.147572,,
DUP000219,json,openaq,16691,225706,LAQN Brighton and Hove - Preston Park,2466,1304532,225706 O₃ mass,o3,,,12.233,50.840726 -0.147575,,
DUP000219,json,sos,424,801,Brighton Preston Park,488,105,"http://dd.eionet.europa.eu/vocabulary/aq/pollutant/7 801 - Brighton Preston Park-Ozone (air), Brighton Preston Park-Ozone (air)",o3,30.734,2026-02-19 21:00:00+00,0.000,50.840836 -0.147572,,
DUP000220,aurn,aurn_register,,UKA00484,Sunderland Silksworth,,,,o3,,,0,54.883610 -1.406878,UKA00484,Automatic Urban and Rural Monitoring Network (AURN)
DUP000220,json,openaq,16519,2578,EEA Sunderland Silksworth - UKA00484,1887,5079318,2578 O₃ mass,o3,58,2026-02-19 21:00:00+00,0.000,54.883610 -1.406878,,
DUP000220,json,sos,2277,1150,Sunderland Silksworth,445,481,"http://dd.eionet.europa.eu/vocabulary/aq/pollutant/7 1150 - Sunderland Silksworth-Ozone (air), Sunderland Silksworth-Ozone (air)",o3,10.378,2026-02-19 21:00:00+00,0.000,54.883610 -1.406878,,
DUP000221,aurn,aurn_register,,UKA00486,Lerwick,,,,o3,,,0,60.139220 -1.185319,UKA00486,Automatic Urban and Rural Monitoring Network (AURN); Ozone / UV
DUP000221,json,openaq,16463,2417,DEFRA Lerwick,1687,4542,2417 O₃ mass,o3,90,2026-02-19 21:00:00+00,0.000,60.139220 -1.185319,,
DUP000221,json,sos,1329,2708,Lerwick,457,311,"http://dd.eionet.europa.eu/vocabulary/aq/pollutant/7 2708 - Lerwick-Ozone (air), Lerwick-Ozone (air)",o3,87.611,2026-02-19 21:00:00+00,0.000,60.139220 -1.185319,,
DUP000222,aurn,aurn_register,,UKA00488,Blackpool Marton,,,,o3,,,0,53.804890 -3.007175,UKA00488,Automatic Urban and Rural Monitoring Network (AURN)
DUP000222,json,openaq,16437,2336,DEFRA Blackpool Marton,1618,4916,2336 O₃ mass,o3,43,2026-02-19 21:00:00+00,0.000,53.804890 -3.007175,,
DUP000222,json,sos,377,784,Blackpool Marton,485,87,"http://dd.eionet.europa.eu/vocabulary/aq/pollutant/7 784 - Blackpool Marton-Ozone (air), Blackpool Marton-Ozone (air)",o3,42.708,2026-02-19 21:00:00+00,0.000,53.804890 -3.007175,,
DUP000223,aurn,aurn_register,,UKA00489,Leominster,,,,o3,,,0,52.221593 -2.736840,UKA00489,Automatic Urban and Rural Monitoring Network (AURN)
DUP000223,json,openaq,16468,2427,EEA Leominster - UKA00489,1704,4588,2427 O₃ mass,o3,33,2026-02-19 21:00:00+00,20.231,52.221740 -2.736665,,
DUP000223,json,sos,1327,993,Leominster,522,310,"http://dd.eionet.europa.eu/vocabulary/aq/pollutant/7 993 - Leominster-Ozone (air), Leominster-Ozone (air)",o3,28.139,2026-02-19 21:00:00+00,0.000,52.221593 -2.736840,,
DUP000224,aurn,aurn_register,,UKA00494,Bristol St Paul's,,,,o3,,,0,51.462839 -2.584482,UKA00494,Automatic Urban and Rural Monitoring Network (AURN); PAH Digitel (solid phase)
DUP000224,json,openaq,16397,731,DEFRA Bristol St Paul's,1502,5079230,731 O₃ mass,o3,29,2026-02-19 21:00:00+00,0.000,51.462839 -2.584482,,
DUP000224,json,sos,439,795,Bristol St Paul's,487,101,"http://dd.eionet.europa.eu/vocabulary/aq/pollutant/7 795 - Bristol St Paul's-Ozone (air), Bristol St Paul's-Ozone (air)",o3,20.356,2026-02-19 21:00:00+00,0.000,51.462839 -2.584482,,
DUP000225,aurn,aurn_register,,UKA00495,Fort William,,,,o3,,,0,56.822660 -5.101102,UKA00495,Automatic Urban and Rural Monitoring Network (AURN)
DUP000225,json,openaq,16473,2438,DEFRA Fort William,1719,4651,2438 O₃ mass,o3,62,2026-02-19 21:00:00+00,0.000,56.822660 -5.101102,,
DUP000225,json,sos,842,890,Fort William,495,206,"http://dd.eionet.europa.eu/vocabulary/aq/pollutant/7 890 - Fort William-Ozone (air), Fort William-Ozone (air)",o3,55.48,2026-02-19 21:00:00+00,0.000,56.822660 -5.101102,,
DUP000226,aurn,aurn_register,,UKA00501,Port Talbot Margam,,,,o3,,,0,51.583950 -3.770822,UKA00501,Automatic Urban and Rural Monitoring Network (AURN); Heavy Metals; Non-Automatic Hydrocarbon Network; PAH Digitel (solid phase)
DUP000226,json,openaq,16408,946,DEFRA Port Talbot Margam,1545,5095,946 O₃ mass,o3,32,2026-02-19 21:00:00+00,0.000,51.583950 -3.770822,,
DUP000226,json,sos,1932,1097,Port Talbot Margam,440,423,"http://dd.eionet.europa.eu/vocabulary/aq/pollutant/7 1097 - Port Talbot Margam-Ozone (air), Port Talbot Margam-Ozone (air)",o3,19.159,2026-02-19 20:00:00+00,0.000,51.583950 -3.770822,,
DUP000227,aurn,aurn_register,,UKA00518,Oxford St Ebbes,,,,o3,,,0,51.744806 -1.260278,UKA00518,Automatic Urban and Rural Monitoring Network (AURN); Non-Automatic Hydrocarbon Network
DUP000227,json,openaq,16482,2469,DEFRA Oxford St Ebbes,1743,5833174,2469 O₃ mass,o3,28,2026-02-19 21:00:00+00,0.000,51.744806 -1.260278,,
DUP000227,json,sos,1870,787433,Oxford St Ebbes,,,Oxford St Ebbes-Ozone (air),o3,,,0.000,51.744806 -1.260278,,
DUP000227,json,sos,7642,9922,Oxford St Ebbes,515,5088,"http://dd.eionet.europa.eu/vocabulary/aq/pollutant/7 9922 - Oxford St Ebbes-Ozone (air), Oxford St Ebbes-Ozone (air)",o3,25.545,2026-02-19 20:00:00+00,0.000,51.744806 -1.260278,,
DUP000228,aurn,aurn_register,,UKA00523,York Bootham,,,,o3,,,0,53.967513 -1.086514,UKA00523,Automatic Urban and Rural Monitoring Network (AURN); Non-Automatic Hydrocarbon Network
DUP000228,json,openaq,16398,742,DEFRA York Bootham,1506,5968020,742 O₃ mass,o3,35,2026-02-19 21:00:00+00,0.000,53.967513 -1.086514,,
DUP000228,json,sos,2438,787438,York Bootham,,,York Bootham-Ozone (air),o3,,,0.000,53.967513 -1.086514,,
DUP000228,json,sos,7648,9928,York Bootham,521,5089,"http://dd.eionet.europa.eu/vocabulary/aq/pollutant/7 9928 - York Bootham-Ozone (air), York Bootham-Ozone (air)",o3,22.352,2026-02-19 20:00:00+00,0.000,53.967513 -1.086514,,
DUP000229,aurn,aurn_register,,UKA00537,Charlton Mackrell,,,,o3,,,0,51.056250 -2.683450,UKA00537,Automatic Urban and Rural Monitoring Network (AURN)
DUP000229,json,openaq,16453,2389,EEA Charlton Mackrell - UKA00537,1664,4448,2389 O₃ mass,o3,44,2026-02-19 21:00:00+00,0.000,51.056250 -2.683450,,
DUP000229,json,sos,556,2717,Charlton Mackrell,460,336,"http://dd.eionet.europa.eu/vocabulary/aq/pollutant/7 2717 - Charlton Mackrell-Ozone (air), Charlton Mackrell-Ozone (air)",o3,,,0.000,51.056250 -2.683450,,
DUP000229,json,sos,7626,7489,Charlton Mackrell,480,2193,"http://dd.eionet.europa.eu/vocabulary/aq/pollutant/7 7489 - Charlton Mackrell-Ozone (air), Charlton Mackrell-Ozone (air)",o3,46.101,2026-02-19 21:00:00+00,0.000,51.056250 -2.683450,,
DUP000230,aurn,aurn_register,,UKA00546,Eastbourne,,,,o3,,,0,50.805778 0.271611,UKA00546,Automatic Urban and Rural Monitoring Network (AURN)
DUP000230,json,openaq,16500,2520,EEA Eastbourne - UKA00546,1813,7502727,2520 O₃ mass,o3,36,2026-02-19 21:00:00+00,0.000,50.805778 0.271611,,
DUP000230,json,sos,781,787429,Eastbourne,,,Eastbourne-Ozone (air),o3,,,0.000,50.805778 0.271611,,
DUP000230,json,sos,7637,9917,Eastbourne,510,5131,"http://dd.eionet.europa.eu/vocabulary/aq/pollutant/7 9917 - Eastbourne-Ozone (air), Eastbourne-Ozone (air)",o3,33.528,2026-02-19 20:00:00+00,0.000,50.805778 0.271611,,
DUP000231,aurn,aurn_register,,UKA00549,Norwich Lakenfields,,,,o3,,,0,52.614823 1.302686,UKA00549,Automatic Urban and Rural Monitoring Network (AURN); Non-Automatic Hydrocarbon Network
DUP000231,json,sos,1824,1048,Norwich Lakenfields,428,373,"http://dd.eionet.europa.eu/vocabulary/aq/pollutant/7 1048 - Norwich Lakenfields-Ozone (air), Norwich Lakenfields-Ozone (air)",o3,23.35,2026-02-19 21:00:00+00,0.000,52.614823 1.302686,,
DUP000232,aurn,aurn_register,,UKA00551,Peebles,,,,o3,,,0,55.657472 -3.196527,UKA00551,Automatic Urban and Rural Monitoring Network (AURN)
DUP000232,json,openaq,16426,2308,DEFRA Peebles,1592,4183,2308 O₃ mass,o3,59,2026-02-19 21:00:00+00,0.000,55.657472 -3.196527,,
DUP000232,json,sos,1878,1080,Peebles,436,399,"http://dd.eionet.europa.eu/vocabulary/aq/pollutant/7 1080 - Peebles-Ozone (air), Peebles-Ozone (air)",o3,53.086,2026-02-19 21:00:00+00,0.000,55.657472 -3.196527,,
DUP000233,aurn,aurn_register,,UKA00565,Walsall Woodlands,,,,o3,,,0,52.605641 -2.030371,UKA00565,Automatic Urban and Rural Monitoring Network (AURN)
DUP000233,json,openaq,16478,2450,DEFRA Walsall Woodlands,1730,4689,2450 O₃ mass,o3,28,2026-02-19 21:00:00+00,10.502,52.605621 -2.030523,,
DUP000233,json,sos,2353,1171,Walsall Woodlands,448,505,"http://dd.eionet.europa.eu/vocabulary/aq/pollutant/7 1171 - Walsall Woodlands-Ozone (air), Walsall Woodlands-Ozone (air)",o3,27.541,2026-02-19 21:00:00+00,0.000,52.605641 -2.030371,,
DUP000234,aurn,aurn_register,,UKA00566,Honiton,,,,o3,,,0,50.792287 -3.196702,UKA00566,Automatic Urban and Rural Monitoring Network (AURN)
DUP000234,json,openaq,16440,2339,EEA Honiton - UKA00566,1630,5079268,2339 O₃ mass,o3,38,2026-02-19 15:00:00+00,0.000,50.792287 -3.196702,,
DUP000234,json,sos,1123,787431,Honiton,,,Honiton-Ozone (air),o3,,,0.000,50.792287 -3.196702,,
DUP000234,json,sos,7639,9919,Honiton,512,5078,"http://dd.eionet.europa.eu/vocabulary/aq/pollutant/7 9919 - Honiton-Ozone (air), Honiton-Ozone (air)",o3,-99,2026-02-19 21:00:00+00,0.000,50.792287 -3.196702,,
DUP000235,aurn,aurn_register,,UKA00568,London Haringey Priory Park South,,,,o3,,,0,51.584128 -0.125254,UKA00568,Automatic Urban and Rural Monitoring Network (AURN)
DUP000235,json,openaq,16378,150,EEA London Haringey Priory Park South - UKA00568,1435,260,150 O₃ mass,o3,30,2026-02-19 21:00:00+00,0.000,51.584128 -0.125254,,
DUP000235,json,openaq,16752,225777,LAQN Haringey  - Priory Park South,2608,1306069,225777 O₃ mass,o3,,,19.588,51.583977 -0.125400,,
DUP000235,json,sos,1475,918,London Haringey Priory Park South,496,240,"http://dd.eionet.europa.eu/vocabulary/aq/pollutant/7 918 - London Haringey Priory Park South-Ozone (air), London Haringey Priory Park South-Ozone (air)",o3,26.543,2026-02-19 21:00:00+00,0.000,51.584128 -0.125254,,
DUP000236,aurn,aurn_register,,UKA00573,Leicester University,,,,o3,,,0,52.619904 -1.127182,UKA00573,Automatic Urban and Rural Monitoring Network (AURN)
DUP000236,json,openaq,16498,2516,DEFRA Leicester University,1805,4927,2516 O₃ mass,o3,20,2026-02-19 21:00:00+00,12.528,52.619823 -1.127311,,
DUP000236,json,sos,1321,3899,Leicester University,469,295,"http://dd.eionet.europa.eu/vocabulary/aq/pollutant/7 3899 - Leicester University-Ozone (air), Leicester University-Ozone (air)",o3,12.373,2026-02-19 21:00:00+00,0.000,52.619904 -1.127182,,
DUP000237,aurn,aurn_register,,UKA00575,Sheffield Devonshire Green,,,,o3,,,0,53.378622 -1.478096,UKA00575,Automatic Urban and Rural Monitoring Network (AURN); Heavy Metals; Non-Automatic Hydrocarbon Network
DUP000237,json,openaq,16493,2508,EEA Sheffield Devonshire Green - UKA00575,1786,5079296,2508 O₃ mass,o3,29,2026-02-19 21:00:00+00,0.000,53.378622 -1.478096,,
DUP000237,json,sos,2127,3904,Sheffield Devonshire Green,470,454,"http://dd.eionet.europa.eu/vocabulary/aq/pollutant/7 3904 - Sheffield Devonshire Green-Ozone (air), Sheffield Devonshire Green-Ozone (air)",o3,28.938,2026-02-19 21:00:00+00,0.000,53.378622 -1.478096,,
DUP000238,aurn,aurn_register,,UKA00576,Glasgow Townhead,,,,o3,,,0,55.865782 -4.243631,UKA00576,Automatic Urban and Rural Monitoring Network (AURN); Black Carbon; PAH Digitel (solid phase)
DUP000238,json,openaq,16517,2574,DEFRA Glasgow Townhead,1880,5079314,2574 O₃ mass,o3,60,2026-02-19 21:00:00+00,0.000,55.865782 -4.243631,,
DUP000238,json,sos,894,3910,Glasgow Townhead,471,218,"http://dd.eionet.europa.eu/vocabulary/aq/pollutant/7 3910 - Glasgow Townhead-Ozone (air), Glasgow Townhead-Ozone (air)",o3,56.079,2026-02-19 21:00:00+00,0.000,55.865782 -4.243631,,
DUP000239,aurn,aurn_register,,UKA00592,Coventry Allesley,,,,o3,,,0,52.411628 -1.560189,UKA00592,Automatic Urban and Rural Monitoring Network (AURN)
DUP000239,json,openaq,16491,2494,EEA Coventry Allesley - UKA00592,1777,4823,2494 O₃ mass,o3,23,2026-02-19 21:00:00+00,7.697,52.411563 -1.560228,,
DUP000239,json,sos,659,780427,Coventry Allesley,472,156,"http://dd.eionet.europa.eu/vocabulary/aq/pollutant/7 3958 - Coventry Allesley-Ozone (air), Coventry Allesley-Ozone (air)",o3,14.169,2026-02-19 21:00:00+00,0.000,52.411628 -1.560189,,
DUP000240,aurn,aurn_register,,UKA00604,Chesterfield Loundsley Green,,,,o3,,,0,53.244131 -1.454946,UKA00604,Automatic Urban and Rural Monitoring Network (AURN); Heavy Metals
DUP000240,json,openaq,16512,2551,DEFRA Chesterfield Loundsley Green,1862,3415017,2551 O₃ mass,o3,36,2026-02-19 21:00:00+00,0.000,53.244131 -1.454946,,
DUP000240,json,sos,582,787426,Chesterfield Loundsley Green,,,Chesterfield Loundsley Green-Ozone (air),o3,,,0.000,53.244131 -1.454946,,
DUP000240,json,sos,7634,9914,Chesterfield Loundsley Green,507,5043,"http://dd.eionet.europa.eu/vocabulary/aq/pollutant/7 9914 - Chesterfield Loundsley Green-Ozone (air), Chesterfield Loundsley Green-Ozone (air)",o3,36.122,2026-02-19 20:00:00+00,0.000,53.244131 -1.454946,,
DUP000241,aurn,aurn_register,,UKA00614,Chilbolton Observatory,,,,o3,,,0,51.149617 -1.438228,UKA00614,Automatic Hydrocarbon Network; Automatic Urban and Rural Monitoring Network (AURN); Black Carbon; Heavy Metals; PAH Deposition; PAH Digitel (solid phase); Particle Concentrations and Numbers Network; Rural Automatic Mercury network; UKEAP: Acid Gases & Aerosol Network; UKEAP: MARGA Network; UKEAP: National Ammonia Monitoring Network; UKEAP: Precip-Net; UKEAP: Precip-Net; UKEAP: Rural NO2
DUP000241,json,openaq,16466,2424,EEA Chilbolton Observatory - UKA00614,1696,5100,2424 O₃ mass,o3,44,2026-02-19 21:00:00+00,0.000,51.149617 -1.438228,,
DUP000241,json,sos,630,785629,Chilbolton Observatory,,,Chilbolton Observatory-Ozone (air),o3,,,0.000,51.149617 -1.438228,,
DUP000241,json,sos,7620,6242,Chilbolton Observatory,473,3457,"http://dd.eionet.europa.eu/vocabulary/aq/pollutant/7 6242 - Chilbolton Observatory-Ozone (air), Chilbolton Observatory-Ozone (air)",o3,46.899,2026-02-19 21:00:00+00,0.000,51.149617 -1.438228,,
DUP000242,aurn,aurn_register,,UKA00617,Manchester Sharston,,,,o3,,,0,53.371722 -2.238917,UKA00617,Automatic Urban and Rural Monitoring Network (AURN)
DUP000242,json,sos,1658,4040,Manchester Sharston,,,Manchester Sharston-Ozone (air),o3,,,0.000,53.371722 -2.238917,,
DUP000242,json,sos,7622,6310,Manchester Sharston,475,3520,"http://dd.eionet.europa.eu/vocabulary/aq/pollutant/7 6310 - Manchester Sharston-Ozone (air), Manchester Sharston-Ozone (air)",o3,22.751,2026-02-19 21:00:00+00,0.000,53.371722 -2.238917,,
DUP000243,aurn,aurn_register,,UKA00619,Derry Rosemount,,,,o3,,,0,55.002818 -7.331179,UKA00619,Automatic Urban and Rural Monitoring Network (AURN)
DUP000243,json,openaq,16510,2545,EEA Derry Rosemount - UKA00619,1854,5102,2545 O₃ mass,o3,57,2026-02-19 21:00:00+00,0.000,55.002818 -7.331179,,
DUP000243,json,sos,736,4007,Derry Rosemount,,,Derry Rosemount-Ozone (air),o3,,,0.000,55.002818 -7.331179,,
DUP000243,json,sos,7621,6277,Derry Rosemount,474,3557,"http://dd.eionet.europa.eu/vocabulary/aq/pollutant/7 6277 - Derry Rosemount-Ozone (air), Derry Rosemount-Ozone (air)",o3,61.468,2026-02-19 21:00:00+00,0.000,55.002818 -7.331179,,
DUP000244,aurn,aurn_register,,UKA00626,Birmingham A4540 Roadside,,,,o3,,,0,52.476145 -1.874978,UKA00626,Automatic Urban and Rural Monitoring Network (AURN); Black Carbon; Non-Automatic Hydrocarbon Network; UK Urban NO2 Network
DUP000244,json,openaq,16524,3525,EEA Birmingham A4540 Roadside - UKA00626,1904,7816,3525 O₃ mass,o3,13,2026-02-19 21:00:00+00,6.864,52.476090 -1.875024,,
DUP000244,json,sos,301,4095,Birmingham A4540 Roadside,,,Birmingham A4540 Roadside-Ozone (air),o3,,,0.000,52.476145 -1.874978,,
DUP000244,json,sos,7623,6452,Birmingham A4540 Roadside,476,4166,"http://dd.eionet.europa.eu/vocabulary/aq/pollutant/7 6452 - Birmingham A4540 Roadside-Ozone (air), Birmingham A4540 Roadside-Ozone (air)",o3,11.176,2026-02-19 21:00:00+00,0.000,52.476145 -1.874978,,
DUP000245,aurn,aurn_register,,UKA00632,Northampton Spring Park,,,,o3,,,0,52.272257 -0.916605,UKA00632,Automatic Urban and Rural Monitoring Network (AURN)
DUP000245,json,openaq,16901,2659936,EEA Northampton Spring Park - UKA00632,3067,8622222,2659936 O₃ mass,o3,42.90755,2026-02-19 15:00:00+00,0.000,52.272257 -0.916605,,
DUP000245,json,sos,1815,785823,Northampton Spring Park,,,Northampton Spring Park-Ozone (air),o3,,,0.000,52.272257 -0.916605,,
DUP000245,json,sos,7624,6822,Northampton Spring Park,477,4513,"http://dd.eionet.europa.eu/vocabulary/aq/pollutant/7 6822 - Northampton Spring Park-Ozone (air), Northampton Spring Park-Ozone (air)",o3,23.35,2026-02-19 21:00:00+00,0.000,52.272257 -0.916605,,
DUP000246,aurn,aurn_register,,UKA00645,Hartlepool St Abbs Walk,,,,o3,,,0,54.683242 -1.203838,UKA00645,Automatic Urban and Rural Monitoring Network (AURN)
DUP000246,json,sos,942,787430,Hartlepool St Abbs Walk,,,Hartlepool St Abbs Walk-Ozone (air),o3,,,0.000,54.683242 -1.203838,,
DUP000246,json,sos,7638,9918,Hartlepool St Abbs Walk,511,5045,"http://dd.eionet.europa.eu/vocabulary/aq/pollutant/7 9918 - Hartlepool St Abbs Walk-Ozone (air), Hartlepool St Abbs Walk-Ozone (air)",o3,42.309,2026-02-19 21:00:00+00,0.000,54.683242 -1.203838,,
DUP000247,aurn,aurn_register,,UKA00647,Immingham Woodlands Avenue,,,,o3,,,0,53.619241 -0.213324,UKA00647,Automatic Urban and Rural Monitoring Network (AURN)
DUP000247,json,sos,1177,787432,Immingham Woodlands Avenue,,,Immingham Woodlands Avenue-Ozone (air),o3,,,0.000,53.619241 -0.213324,,
DUP000247,json,sos,7640,9920,Immingham Woodlands Avenue,513,5046,"http://dd.eionet.europa.eu/vocabulary/aq/pollutant/7 9920 - Immingham Woodlands Avenue-Ozone (air), Immingham Woodlands Avenue-Ozone (air)",o3,29.936,2026-02-19 20:00:00+00,0.000,53.619241 -0.213324,,
DUP000248,aurn,aurn_register,,UKA00648,Telford Hollinswood,,,,o3,,,0,52.673471 -2.436692,UKA00648,Automatic Urban and Rural Monitoring Network (AURN)
DUP000248,json,sos,2326,787436,Telford Hollinswood,,,Telford Hollinswood-Ozone (air),o3,,,0.000,52.673471 -2.436692,,
DUP000248,json,sos,7646,9926,Telford Hollinswood,519,5048,"http://dd.eionet.europa.eu/vocabulary/aq/pollutant/7 9926 - Telford Hollinswood-Ozone (air), Telford Hollinswood-Ozone (air)",o3,33.927,2026-02-19 20:00:00+00,0.000,52.673471 -2.436692,,
DUP000249,aurn,aurn_register,,UKA00650,Swindon Walcot,,,,o3,,,0,51.558061 -1.765678,UKA00650,Automatic Urban and Rural Monitoring Network (AURN)
DUP000249,json,sos,2316,787435,Swindon Walcot,,,Swindon Walcot-Ozone (air),o3,,,0.000,51.558061 -1.765678,,
DUP000249,json,sos,7645,9925,Swindon Walcot,518,5050,"http://dd.eionet.europa.eu/vocabulary/aq/pollutant/7 9925 - Swindon Walcot-Ozone (air), Swindon Walcot-Ozone (air)",o3,32.53,2026-02-19 20:00:00+00,0.000,51.558061 -1.765678,,
DUP000250,aurn,aurn_register,,UKA00652,Burton-on-Trent Horninglow,,,,o3,,,0,52.821050 -1.635718,UKA00652,Automatic Urban and Rural Monitoring Network (AURN)
DUP000250,json,sos,452,787425,Burton-on-Trent Horninglow,,,Burton-on-Trent Horninglow-Ozone (air),o3,,,0.000,52.821050 -1.635718,,
DUP000250,json,sos,7633,9913,Burton-on-Trent Horninglow,506,5042,"http://dd.eionet.europa.eu/vocabulary/aq/pollutant/7 9913 - Burton-on-Trent Horninglow-Ozone (air), Burton-on-Trent Horninglow-Ozone (air)",o3,16.764,2026-02-19 20:00:00+00,0.000,52.821050 -1.635718,,
DUP000251,aurn,aurn_register,,UKA00654,Dewsbury Ashworth Grange,,,,o3,,,0,53.693104 -1.637111,UKA00654,Automatic Urban and Rural Monitoring Network (AURN)
DUP000251,json,sos,757,787428,Dewsbury Ashworth Grange,,,Dewsbury Ashworth Grange-Ozone (air),o3,,,0.000,53.693104 -1.637111,,
DUP000251,json,sos,7636,9916,Dewsbury Ashworth Grange,509,5044,"http://dd.eionet.europa.eu/vocabulary/aq/pollutant/7 9916 - Dewsbury Ashworth Grange-Ozone (air), Dewsbury Ashworth Grange-Ozone (air)",o3,1.197,2026-02-19 20:00:00+00,0.000,53.693104 -1.637111,,
DUP000252,aurn,aurn_register,,UKA00655,Birmingham Ladywood,,,,o3,,,0,52.481346 -1.918235,UKA00655,Automatic Urban and Rural Monitoring Network (AURN); Black Carbon; Non-Automatic Hydrocarbon Network; PAH Digitel (solid phase)
DUP000252,json,openaq,16883,2659908,EEA Birmingham Ladywood - UKA00655,3042,8622250,2659908 O₃ mass,o3,,,0.000,52.481346 -1.918235,,
DUP000252,json,openaq,16884,2659909,EEA Birmingham Ladywood - UKA00655,3045,8622619,2659909 O₃ mass,o3,37.71873,2026-02-19 15:00:00+00,0.000,52.481346 -1.918235,,
DUP000252,json,sos,320,786055,Birmingham Ladywood,,,Birmingham Ladywood-Ozone (air),o3,,,0.000,52.481346 -1.918235,,
DUP000252,json,sos,7625,7074,Birmingham Ladywood,478,4732,"http://dd.eionet.europa.eu/vocabulary/aq/pollutant/7 7074 - Birmingham Ladywood-Ozone (air), Birmingham Ladywood-Ozone (air)",o3,23.35,2026-02-19 21:00:00+00,0.000,52.481346 -1.918235,,
DUP000253,aurn,aurn_register,,UKA00656,London Honor Oak Park,,,,o3,,,0,51.449674 -0.037418,UKA00656,Automatic Hydrocarbon Network; Automatic Urban and Rural Monitoring Network (AURN); Black Carbon; Particle Size Composition
DUP000253,json,openaq,16776,225803,EEA London Honor Oak Park - UKA00656,2671,1304739,225803 O₃ mass,o3,29.5,2026-02-19 20:00:00+00,0.000,51.449674 -0.037418,,
DUP000253,json,sos,1497,788122,London Honor Oak Park,,,London Honor Oak Park-Ozone (air),o3,,,0.000,51.449674 -0.037418,,
DUP000253,json,sos,7617,10644,London Honor Oak Park,433,5205,"http://dd.eionet.europa.eu/vocabulary/aq/pollutant/7 10644 - London Honor Oak Park-Ozone (air), London Honor Oak Park-Ozone (air)",o3,-99,2026-02-19 21:00:00+00,0.000,51.449674 -0.037418,,
DUP000254,aurn,aurn_register,,UKA00658,West Bromwich Kenrick Park,,,,o3,,,0,52.508342 -1.986070,UKA00658,Automatic Urban and Rural Monitoring Network (AURN)
DUP000254,json,sos,2366,787437,West Bromwich Kenrick Park,,,West Bromwich Kenrick Park-Ozone (air),o3,,,0.000,52.508342 -1.986070,,
DUP000254,json,sos,7647,9927,West Bromwich Kenrick Park,520,5049,"http://dd.eionet.europa.eu/vocabulary/aq/pollutant/7 9927 - West Bromwich Kenrick Park-Ozone (air), West Bromwich Kenrick Park-Ozone (air)",o3,-99,2026-02-19 20:00:00+00,0.000,52.508342 -1.986070,,
DUP000255,aurn,aurn_register,,UKA00659,Crewe Coppenhall,,,,o3,,,0,53.115941 -2.453492,UKA00659,Automatic Urban and Rural Monitoring Network (AURN)
DUP000255,json,sos,676,787427,Crewe Coppenhall,,,Crewe Coppenhall-Ozone (air),o3,,,0.000,53.115941 -2.453492,,
DUP000255,json,sos,7635,9915,Crewe Coppenhall,508,5035,"http://dd.eionet.europa.eu/vocabulary/aq/pollutant/7 9915 - Crewe Coppenhall-Ozone (air), Crewe Coppenhall-Ozone (air)",o3,11.176,2026-02-19 20:00:00+00,0.000,53.115941 -2.453492,,
DUP000256,aurn,aurn_register,,UKA00819,Cwmbran Crownbridge,,,,o3,,,0,51.653819 -3.006370,UKA00819,Automatic Urban and Rural Monitoring Network (AURN)
DUP000256,json,openaq,16891,2659922,EEA Cwmbran Crownbridge - UKA00819,3056,8622285,2659922 O₃ mass,o3,54.68218,2026-02-19 15:00:00+00,0.000,51.653819 -3.006370,,
DUP000256,json,sos,682,786382,Cwmbran Crownbridge,,,Cwmbran Crownbridge-Ozone (air),o3,,,0.000,51.653819 -3.006370,,
DUP000256,json,sos,7628,7806,Cwmbran Crownbridge,484,4862,"http://dd.eionet.europa.eu/vocabulary/aq/pollutant/7 7806 - Cwmbran Crownbridge-Ozone (air), Cwmbran Crownbridge-Ozone (air)",o3,33.528,2026-02-19 21:00:00+00,0.000,51.653819 -3.006370,,
DUP000257,aurn,aurn_register,,UKA00933,Aberdeen Erroll Park,,,,o3,,,0,57.157400 -2.094770,UKA00933,Automatic Urban and Rural Monitoring Network (AURN)
DUP000257,json,sos,4,786696,Aberdeen Erroll Park,,,Aberdeen Erroll Park-Ozone (air),o3,,,0.000,57.157400 -2.094770,,
DUP000257,json,sos,7629,8122,Aberdeen Erroll Park,490,4888,"http://dd.eionet.europa.eu/vocabulary/aq/pollutant/7 8122 - Aberdeen Erroll Park-Ozone (air), Aberdeen Erroll Park-Ozone (air)",o3,83.021,2026-02-19 20:00:00+00,0.000,57.157400 -2.094770,,
DUP000258,aurn,aurn_register,,UKA00963,Milton Keynes Civic Centre,,,,o3,,,0,52.044076 -0.761013,UKA00963,Automatic Urban and Rural Monitoring Network (AURN)
DUP000258,json,sos,1712,787415,Milton Keynes Civic Centre,,,Milton Keynes Civic Centre-Ozone (air),o3,,,0.000,52.044076 -0.761013,,
DUP000258,json,sos,7630,9903,Milton Keynes Civic Centre,503,5062,"http://dd.eionet.europa.eu/vocabulary/aq/pollutant/7 9903 - Milton Keynes Civic Centre-Ozone (air), Milton Keynes Civic Centre-Ozone (air)",o3,16.764,2026-02-19 21:00:00+00,0.000,52.044076 -0.761013,,
DUP000259,aurn,aurn_register,,UKA01025,Blackburn Audley Park,,,,o3,,,0,53.746730 -2.467873,UKA01025,Automatic Urban and Rural Monitoring Network (AURN); Black Carbon
DUP000259,json,sos,368,787421,Blackburn Audley Park,,,Blackburn Audley Park-Ozone (air),o3,,,0.000,53.746730 -2.467873,,
DUP000259,json,sos,7632,9909,Blackburn Audley Park,505,5098,"http://dd.eionet.europa.eu/vocabulary/aq/pollutant/7 9909 - Blackburn Audley Park-Ozone (air), Blackburn Audley Park-Ozone (air)",o3,17.363,2026-02-19 20:00:00+00,0.000,53.746730 -2.467873,,
DUP000260,aurn,aurn_register,,UKA01026,Toft Newton,,,,o3,,,0,53.374133 -0.449788,UKA01026,Automatic Urban and Rural Monitoring Network (AURN)
DUP000260,json,sos,2341,788039,Toft Newton,,,Toft Newton-Ozone (air),o3,,,0.000,53.374133 -0.449788,,
DUP000260,json,sos,7614,10530,Toft Newton,429,5129,"http://dd.eionet.europa.eu/vocabulary/aq/pollutant/7 10530 - Toft Newton-Ozone (air), Toft Newton-Ozone (air)",o3,42.708,2026-02-19 21:00:00+00,0.000,53.374133 -0.449788,,
DUP000261,aurn,aurn_register,,UKA01027,Derby Stockbrook Park,,,,o3,,,0,52.916059 -1.492166,UKA01027,Automatic Urban and Rural Monitoring Network (AURN); Black Carbon
DUP000261,json,sos,701,787418,Derby Stockbrook Park,,,Derby Stockbrook Park-Ozone (air),o3,,,0.000,52.916059 -1.492166,,
DUP000261,json,sos,7631,9906,Derby Stockbrook Park,504,5140,"http://dd.eionet.europa.eu/vocabulary/aq/pollutant/7 9906 - Derby Stockbrook Park-Ozone (air), Derby Stockbrook Park-Ozone (air)",o3,14.968,2026-02-19 21:00:00+00,0.000,52.916059 -1.492166,,
DUP000262,aurn,aurn_register,,UKA01038,Tallington,,,,o3,,,0,52.656308 -0.381000,UKA01038,Automatic Urban and Rural Monitoring Network (AURN)
DUP000262,json,sos,2319,788042,Tallington,,,Tallington-Ozone (air),o3,,,0.000,52.656308 -0.381000,,
DUP000262,json,sos,7618,10646,Tallington,434,5158,"http://dd.eionet.europa.eu/vocabulary/aq/pollutant/7 10646 - Tallington-Ozone (air), Tallington-Ozone (air)",o3,36.92,2026-02-19 21:00:00+00,0.000,52.656308 -0.381000,,
DUP000263,aurn,aurn_register,,UKA01048,Nottingham Kenmore Gardens,,,,o3,,,0,52.959441 -1.138650,UKA01048,Automatic Urban and Rural Monitoring Network (AURN); Non-Automatic Hydrocarbon Network; PAH Digitel (solid phase)
DUP000263,json,sos,1844,788051,Nottingham Kenmore Gardens,,,Nottingham Kenmore Gardens-Ozone (air),o3,,,0.000,52.959441 -1.138650,,
DUP000263,json,sos,7615,10544,Nottingham Kenmore Gardens,431,5178,"http://dd.eionet.europa.eu/vocabulary/aq/pollutant/7 10544 - Nottingham Kenmore Gardens-Ozone (air), Nottingham Kenmore Gardens-Ozone (air)",o3,9.38,2026-02-19 21:00:00+00,0.000,52.959441 -1.138650,,
DUP000264,aurn,aurn_register,,UKA01062,Birmingham Hall Green,,,,o3,,,0,52.437553 -1.830956,UKA01062,Automatic Urban and Rural Monitoring Network (AURN)
DUP000264,json,sos,314,788119,Birmingham Hall Green,,,Birmingham Hall Green-Ozone (air),o3,,,0.000,52.437553 -1.830956,,
DUP000264,json,sos,7616,10641,Birmingham Hall Green,432,5232,"http://dd.eionet.europa.eu/vocabulary/aq/pollutant/7 10641 - Birmingham Hall Green-Ozone (air), Birmingham Hall Green-Ozone (air)",o3,22.352,2026-02-19 21:00:00+00,0.000,52.437553 -1.830956,,
DUP000265,aurn,aurn_register,,UKA01085,Kielder Water,,,,o3,,,0,55.181580 -2.453170,UKA01085,Automatic Urban and Rural Monitoring Network (AURN)
DUP000265,json,sos,1191,788165,Kielder Water,,,Kielder Water-Ozone (air),o3,,,0.000,55.181580 -2.453170,,
DUP000265,json,sos,7619,10690,Kielder Water,435,5410,"http://dd.eionet.europa.eu/vocabulary/aq/pollutant/7 10690 - Kielder Water-Ozone (air), Kielder Water-Ozone (air)",o3,44.903,2026-02-19 21:00:00+00,0.000,55.181580 -2.453170,,
DUP000266,aurn,aurn_register,,UKA01108,Birmingham University,,,,pm03_count,,,0,52.455515 -1.928937,UKA01108,Automatic Urban and Rural Monitoring Network (AURN)
DUP000266,json,openaq,16875,2453320,AirGradient University of Birmingham 1,3009,7980485,2453320 PM0.3 count,pm03_count,2552.30505952381,2026-02-19 21:00:00+00,5.000,52.455488 -1.928996,,
DUP000266,json,openaq,16872,2453317,AirGradient University of Birmingham 2,2991,7980476,2453317 PM0.3 count,pm03_count,3610.29166666667,2026-02-19 21:00:00+00,4.332,52.455500 -1.928996,,
DUP000266,json,openaq,16870,2453314,AirGradient University of Birmingham 3,2979,7980472,2453314 PM0.3 count,pm03_count,3421,2026-02-19 21:00:00+00,8.260,52.455450 -1.928996,,
DUP000266,json,openaq,16868,2453310,AirGradient University of Birmingham 4,2967,7980461,2453310 PM0.3 count,pm03_count,3003,2026-02-19 21:00:00+00,13.398,52.455400 -1.928996,,
DUP000266,json,openaq,17082,5224957,"AirGradient University of Birmingham, UK",3750,14383282,5224957 PM0.3 count,pm03_count,,,4.300,52.455498 -1.928994,,
DUP000266,json,openaq,17146,6230637,"AirGradient University of Birmingham, UK",4062,15376878,6230637 PM0.3 count,pm03_count,894.291666666667,2026-02-19 21:00:00+00,6.839,52.455532 -1.928840,,
DUP000266,json,openaq,17083,5224958,"AirGradient University of Birmingham, UK - University of Birmingham",3755,14157107,5224958 PM0.3 count,pm03_count,,,6.839,52.455532 -1.928840,,
DUP000266,json,openaq,17084,5225907,"AirGradient University of Birmingham, UK - University of Birmingham",3760,14153216,5225907 PM0.3 count,pm03_count,,,4.300,52.455498 -1.928994,,
DUP000266,json,openaq,17085,5246083,AirGradient Urban Background - University of Birmingham,3765,14153316,5246083 PM0.3 count,pm03_count,3117.59166666667,2026-02-19 21:00:00+00,4.646,52.455500 -1.929001,,
DUP000267,aurn,aurn_register,,UKA00012,Sibton,,,,pm10,,,0,52.294400 1.463497,UKA00012,Automatic Urban and Rural Monitoring Network (AURN); UKEAP: National Ammonia Monitoring Network
DUP000267,json,openaq,16427,2309,DEFRA Sibton,1594,7711610,2309 PM10,pm10,13,2026-02-19 21:00:00+00,0.000,52.294400 1.463497,,
DUP000267,json,sos,7372,10915,Sibton,38,5172,"http://dd.eionet.europa.eu/vocabulary/aq/pollutant/5 10915 - Sibton-Particulate matter less than 10 micro m (aerosol), Sibton-Particulate matter less than 10 micro m (aerosol)",pm10,15.7,2026-02-19 20:00:00+00,0.000,52.294400 1.463497,,
DUP000268,aurn,aurn_register,,UKA00152,Lullington Heath,,,,pm10,,,0,50.793700 0.181250,UKA00152,Automatic Urban and Rural Monitoring Network (AURN); UKEAP: Acid Gases & Aerosol Network; UKEAP: National Ammonia Monitoring Network; UKEAP: Precip-Net; UKEAP: Rural NO2
DUP000268,json,openaq,16481,2455,EEA Lullington Heath - UKA00152,1739,1999693,2455 PM10,pm10,6,2026-02-19 21:00:00+00,0.000,50.793700 0.181250,,
DUP000268,json,sos,7465,8780,Lullington Heath,169,4944,"http://dd.eionet.europa.eu/vocabulary/aq/pollutant/5 8780 - Lullington Heath-Particulate matter less than 10 micro m (aerosol), Lullington Heath-Particulate matter less than 10 micro m (aerosol)",pm10,9.4,2026-02-19 21:00:00+00,0.000,50.793700 0.181250,,
DUP000269,aurn,aurn_register,,UKA00166,Lough Navar,,,,pm10,,,0,54.439510 -7.900328,UKA00166,Automatic Urban and Rural Monitoring Network (AURN); Heavy Metals; UKEAP: Acid Gases & Aerosol Network; UKEAP: National Ammonia Monitoring Network; UKEAP: Precip-Net; UKEAP: Rural NO2
DUP000269,json,openaq,16445,2361,DEFRA Lough Navar,1646,4340,2361 PM10,pm10,12,2026-02-19 21:00:00+00,0.000,54.439510 -7.900328,,
DUP000269,json,sos,1609,785337,Lough Navar,,,Lough Navar-Volatile PM10,pm10,,,0.000,54.439510 -7.900328,,
DUP000269,json,sos,7400,7153,Lough Navar,85,2175,"http://dd.eionet.europa.eu/vocabulary/aq/pollutant/5 7153 - Lough Navar-Particulate matter less than 10 micro m (aerosol), Lough Navar-Particulate matter less than 10 micro m (aerosol)",pm10,8.4,2026-02-19 21:00:00+00,0.000,54.439510 -7.900328,,
DUP000269,json,sos,1604,785336,Lough Navar-Non,,,Lough Navar-Non-volatile PM10,pm10,,,0.000,54.439510 -7.900328,,
DUP000270,aurn,aurn_register,,UKA00168,Yarner Wood,,,,pm10,,,0,50.597600 -3.716510,UKA00168,Automatic Urban and Rural Monitoring Network (AURN); Heavy Metals; UKEAP: Acid Gases & Aerosol Network; UKEAP: National Ammonia Monitoring Network; UKEAP: Precip-Net; UKEAP: Rural NO2
DUP000270,json,openaq,16472,2436,DEFRA Yarner Wood,1716,2012315,2436 PM10,pm10,4,2026-02-19 21:00:00+00,0.000,50.597600 -3.716510,,
DUP000270,json,sos,7468,8786,Yarner Wood,172,4971,"http://dd.eionet.europa.eu/vocabulary/aq/pollutant/5 8786 - Yarner Wood-Particulate matter less than 10 micro m (aerosol), Yarner Wood-Particulate matter less than 10 micro m (aerosol)",pm10,5.4,2026-02-19 20:00:00+00,0.000,50.597600 -3.716510,,
DUP000271,aurn,aurn_register,,UKA00169,High Muffles,,,,pm10,,,0,54.334497 -0.808820,UKA00169,Automatic Urban and Rural Monitoring Network (AURN); PAH Digitel (solid phase); TOMPs; UKEAP: Acid Gases & Aerosol Network; UKEAP: National Ammonia Monitoring Network; UKEAP: Precip-Net; UKEAP: Rural NO2
DUP000271,json,sos,1117,787087,High Muffles,168,4942,"http://dd.eionet.europa.eu/vocabulary/aq/pollutant/5 8778 - High Muffles-Particulate matter less than 10 micro m (aerosol), High Muffles-Particulate matter less than 10 micro m (aerosol)",pm10,19.8,2026-02-19 21:00:00+00,0.000,54.334497 -0.808820,,
DUP000272,aurn,aurn_register,,UKA00170,Glazebury,,,,pm10,,,0,53.460080 -2.472056,UKA00170,Automatic Urban and Rural Monitoring Network (AURN); Black Carbon
DUP000272,json,openaq,16471,2431,EEA Glazebury - UKA00170,1712,1999698,2431 PM10,pm10,11,2026-02-19 21:00:00+00,0.000,53.460080 -2.472056,,
DUP000272,json,sos,7464,8776,Glazebury,167,4940,"http://dd.eionet.europa.eu/vocabulary/aq/pollutant/5 8776 - Glazebury-Particulate matter less than 10 micro m (aerosol), Glazebury-Particulate matter less than 10 micro m (aerosol)",pm10,19.8,2026-02-19 21:00:00+00,0.000,53.460080 -2.472056,,
DUP000273,aurn,aurn_register,,UKA00171,Ladybower,,,,pm10,,,0,53.403370 -1.752006,UKA00171,Automatic Urban and Rural Monitoring Network (AURN); Black Carbon; UKEAP: Acid Gases & Aerosol Network; UKEAP: National Ammonia Monitoring Network
DUP000273,json,openaq,16438,2337,EEA Ladybower - UKA00171,1623,9747494,2337 PM10,pm10,10,2026-02-19 21:00:00+00,0.000,53.403370 -1.752006,,
DUP000273,json,sos,7373,10925,Ladybower,39,5192,"http://dd.eionet.europa.eu/vocabulary/aq/pollutant/5 10925 - Ladybower-Particulate matter less than 10 micro m (aerosol), Ladybower-Particulate matter less than 10 micro m (aerosol)",pm10,19.9,2026-02-19 21:00:00+00,0.000,53.403370 -1.752006,,
DUP000274,aurn,aurn_register,,UKA00181,Sheffield Tinsley,,,,pm10,,,0,53.410580 -1.396139,UKA00181,Automatic Urban and Rural Monitoring Network (AURN); Heavy Metals; PAH Digitel (solid phase)
DUP000274,json,openaq,16480,2454,EEA Sheffield Tinsley - UKA00181,1735,1927062,2454 PM10,pm10,21,2026-02-19 21:00:00+00,0.000,53.410580 -1.396139,,
DUP000274,json,sos,7460,8768,Sheffield Tinsley,162,4912,"http://dd.eionet.europa.eu/vocabulary/aq/pollutant/5 8768 - Sheffield Tinsley-Particulate matter less than 10 micro m (aerosol), Sheffield Tinsley-Particulate matter less than 10 micro m (aerosol)",pm10,24,2026-02-19 21:00:00+00,0.000,53.410580 -1.396139,,
DUP000275,aurn,aurn_register,,UKA00211,London Bloomsbury,,,,pm10,,,0,51.522290 -0.125889,UKA00211,Automatic Urban and Rural Monitoring Network (AURN); Non-Automatic Hydrocarbon Network
DUP000275,json,openaq,16376,148,EEA London Bloomsbury - UKA00211,1429,244,148 PM10,pm10,9,2026-02-19 21:00:00+00,0.000,51.522290 -0.125889,,
DUP000275,json,sos,1388,785228,London Bloomsbury,,,London Bloomsbury-Volatile PM10,pm10,,,0.000,51.522290 -0.125889,,
DUP000275,json,sos,7440,7595,London Bloomsbury,131,2013,"http://dd.eionet.europa.eu/vocabulary/aq/pollutant/5 7595 - London Bloomsbury-Particulate matter less than 10 micro m (aerosol), London Bloomsbury-Particulate matter less than 10 micro m (aerosol)",pm10,10.7,2026-02-19 20:00:00+00,0.000,51.522290 -0.125889,,
DUP000275,json,sos,1385,844,London Bloomsbury,151,147,"http://dd.eionet.europa.eu/vocabulary/aq/pollutant/5 844 - London Bloomsbury-Particulate matter less than 10 micro m (aerosol), London Bloomsbury-Particulate matter less than 10 micro m (aerosol)",pm10,,,0.000,51.522290 -0.125889,,
DUP000275,json,sos,1382,785227,London Bloomsbury-Non,,,London Bloomsbury-Non-volatile PM10,pm10,,,0.000,51.522290 -0.125889,,
DUP000276,aurn,aurn_register,,UKA00212,Belfast Centre,,,,pm10,,,0,54.599650 -5.928833,UKA00212,Automatic Urban and Rural Monitoring Network (AURN); Black Carbon; Heavy Metals; Non-Automatic Hydrocarbon Network; UKEAP: National Ammonia Monitoring Network
DUP000276,json,openaq,16503,2527,EEA Belfast Centre - UKA00212,1829,4998,2527 PM10,pm10,22,2026-02-19 21:00:00+00,0.000,54.599650 -5.928833,,
DUP000276,json,sos,268,1,Belfast Centre,,,Belfast Centre-Arsenic in PM10 in aerosol,pm10,,,0.000,54.599650 -5.928833,,
DUP000276,json,sos,271,29,Belfast Centre,,,Belfast Centre-Cadmium in PM10 in aerosol,pm10,,,0.000,54.599650 -5.928833,,
DUP000276,json,sos,273,266,Belfast Centre,,,Belfast Centre-Lead in PM10 in aerosol,pm10,,,0.000,54.599650 -5.928833,,
DUP000276,json,sos,274,167,Belfast Centre,,,Belfast Centre-Mercury in PM10 in aerosol,pm10,,,0.000,54.599650 -5.928833,,
DUP000276,json,sos,275,238,Belfast Centre,,,Belfast Centre-Nickel in PM10 in aerosol,pm10,,,0.000,54.599650 -5.928833,,
DUP000276,json,sos,286,785209,Belfast Centre,,,Belfast Centre-Volatile PM10,pm10,,,0.000,54.599650 -5.928833,,
DUP000276,json,sos,7413,7502,Belfast Centre,101,1930,"http://dd.eionet.europa.eu/vocabulary/aq/pollutant/5 7502 - Belfast Centre-Particulate matter less than 10 micro m (aerosol), Belfast Centre-Particulate matter less than 10 micro m (aerosol)",pm10,23.1,2026-02-19 21:00:00+00,0.000,54.599650 -5.928833,,
DUP000276,json,sos,282,762,Belfast Centre,136,60,"http://dd.eionet.europa.eu/vocabulary/aq/pollutant/5 762 - Belfast Centre-Particulate matter less than 10 micro m (aerosol), Belfast Centre-Particulate matter less than 10 micro m (aerosol)",pm10,,,0.000,54.599650 -5.928833,,
DUP000276,json,sos,279,785208,Belfast Centre-Non,,,Belfast Centre-Non-volatile PM10,pm10,,,0.000,54.599650 -5.928833,,
DUP000277,aurn,aurn_register,,UKA00213,Newcastle Centre,,,,pm10,,,0,54.978250 -1.610528,UKA00213,Automatic Urban and Rural Monitoring Network (AURN); Black Carbon; Non-Automatic Hydrocarbon Network; PAH Digitel (solid phase)
DUP000277,json,openaq,16418,2051,DEFRA Newcastle Centre,1573,5079250,2051 PM10,pm10,28,2026-02-19 16:00:00+00,0.000,54.978250 -1.610528,,
DUP000277,json,sos,1738,2101,Newcastle Centre,,,Newcastle Centre-Anthanthrene in PM10 in aerosol,pm10,,,0.000,54.978250 -1.610528,,
DUP000277,json,sos,1740,2087,Newcastle Centre,,,Newcastle Centre-Benzoin aanthracene in PM10 in aerosol,pm10,,,0.000,54.978250 -1.610528,,
DUP000277,json,sos,1741,2095,Newcastle Centre,,,Newcastle Centre-Benzoin apyrene in PM10 in aerosol,pm10,,,0.000,54.978250 -1.610528,,
DUP000277,json,sos,1742,2091,Newcastle Centre,,,Newcastle Centre-Benzoin bfluoranthene in PM10 in aerosol,pm10,,,0.000,54.978250 -1.610528,,
DUP000277,json,sos,1744,2086,Newcastle Centre,,,Newcastle Centre-Benzoin cphenanthrene in PM10 in aerosol,pm10,,,0.000,54.978250 -1.610528,,
DUP000277,json,sos,1745,2094,Newcastle Centre,,,Newcastle Centre-Benzoin epyrene in PM10 in aerosol,pm10,,,0.000,54.978250 -1.610528,,
DUP000277,json,sos,1746,2100,Newcastle Centre,,,Newcastle Centre-Benzoin ghiperylene in PM10 in aerosol,pm10,,,0.000,54.978250 -1.610528,,
DUP000277,json,sos,1747,2093,Newcastle Centre,,,Newcastle Centre-Benzoin jfluoranthene in PM10 in aerosol,pm10,,,0.000,54.978250 -1.610528,,
DUP000277,json,sos,1748,2092,Newcastle Centre,,,Newcastle Centre-Benzoin kfluoranthene in PM10 in aerosol,pm10,,,0.000,54.978250 -1.610528,,
DUP000277,json,sos,1750,2089,Newcastle Centre,,,Newcastle Centre-Chrysene in PM10 in aerosol,pm10,,,0.000,54.978250 -1.610528,,
DUP000277,json,sos,1751,2104,Newcastle Centre,,,Newcastle Centre-Coronene in PM10 in aerosol,pm10,,,0.000,54.978250 -1.610528,,
DUP000277,json,sos,1753,2098,Newcastle Centre,,,Newcastle Centre-Dibenzoin acanthracene in PM10 in aerosol,pm10,,,0.000,54.978250 -1.610528,,
DUP000277,json,sos,1754,2103,Newcastle Centre,,,Newcastle Centre-Dibenzoin aepyrene in PM10 in aerosol,pm10,,,0.000,54.978250 -1.610528,,
DUP000277,json,sos,1755,2099,Newcastle Centre,,,Newcastle Centre-Dibenzoin ahanthracene in PM10 in aerosol,pm10,,,0.000,54.978250 -1.610528,,
DUP000277,json,sos,1756,2106,Newcastle Centre,,,Newcastle Centre-Dibenzoin ahpyrene in PM10 in aerosol,pm10,,,0.000,54.978250 -1.610528,,
DUP000277,json,sos,1757,2105,Newcastle Centre,,,Newcastle Centre-Dibenzoin aipyrene in PM10 in aerosol,pm10,,,0.000,54.978250 -1.610528,,
DUP000277,json,sos,1758,2102,Newcastle Centre,,,Newcastle Centre-Dibenzoin alpyrene in PM10 in aerosol,pm10,,,0.000,54.978250 -1.610528,,
DUP000277,json,sos,1759,2097,Newcastle Centre,,,Newcastle Centre-indeno_123cd_pyrene in PM10 in aerosol,pm10,,,0.000,54.978250 -1.610528,,
DUP000277,json,sos,1766,2096,Newcastle Centre,,,Newcastle Centre-Perylene in PM10 in aerosol,pm10,,,0.000,54.978250 -1.610528,,
DUP000277,json,sos,7442,7601,Newcastle Centre,133,2222,"http://dd.eionet.europa.eu/vocabulary/aq/pollutant/5 7601 - Newcastle Centre-Particulate matter less than 10 micro m (aerosol), Newcastle Centre-Particulate matter less than 10 micro m (aerosol)",pm10,-99,2026-02-19 21:00:00+00,0.000,54.978250 -1.610528,,
DUP000277,json,sos,1764,1044,Newcastle Centre,4,365,"http://dd.eionet.europa.eu/vocabulary/aq/pollutant/5 1044 - Newcastle Centre-Particulate matter less than 10 micro m (aerosol), Newcastle Centre-Particulate matter less than 10 micro m (aerosol)",pm10,,,0.000,54.978250 -1.610528,,
DUP000277,json,sos,1737,2090,Newcastle Centre-5,,,Newcastle Centre-5-Methyl Chrysene in PM10 in aerosol,pm10,,,0.000,54.978250 -1.610528,,
DUP000277,json,sos,1743,2085,Newcastle Centre-Benzoin bnaphthoin 2,,,"Newcastle Centre-Benzoin bnaphthoin 2,1-dthiophene in PM10 in aerosol",pm10,,,0.000,54.978250 -1.610528,,
DUP000277,json,sos,1752,2088,Newcastle Centre-Cyclopentain c,,,"Newcastle Centre-Cyclopentain c,dpyrene in PM10 in aerosol",pm10,,,0.000,54.978250 -1.610528,,
DUP000278,aurn,aurn_register,,UKA00217,Cardiff Centre,,,,pm10,,,0,51.481780 -3.176250,UKA00217,Automatic Urban and Rural Monitoring Network (AURN); Black Carbon
DUP000278,json,openaq,16486,2485,DEFRA Cardiff Centre,1759,4786,2485 PM10,pm10,7,2026-02-19 21:00:00+00,0.000,51.481780 -3.176250,,
DUP000278,json,sos,504,785169,Cardiff Centre,,,Cardiff Centre-Volatile PM10,pm10,,,0.000,51.481780 -3.176250,,
DUP000278,json,sos,7444,7799,Cardiff Centre,138,1991,"http://dd.eionet.europa.eu/vocabulary/aq/pollutant/5 7799 - Cardiff Centre-Particulate matter less than 10 micro m (aerosol), Cardiff Centre-Particulate matter less than 10 micro m (aerosol)",pm10,18.358,2026-02-19 21:00:00+00,0.000,51.481780 -3.176250,,
DUP000278,json,sos,501,817,Cardiff Centre,148,124,"http://dd.eionet.europa.eu/vocabulary/aq/pollutant/5 817 - Cardiff Centre-Particulate matter less than 10 micro m (aerosol), Cardiff Centre-Particulate matter less than 10 micro m (aerosol)",pm10,,,0.000,51.481780 -3.176250,,
DUP000278,json,sos,498,785168,Cardiff Centre-Non,,,Cardiff Centre-Non-volatile PM10,pm10,,,0.000,51.481780 -3.176250,,
DUP000279,aurn,aurn_register,,UKA00220,Middlesbrough,,,,pm10,,,0,54.569297 -1.220874,UKA00220,Automatic Urban and Rural Monitoring Network (AURN); Non-Automatic Hydrocarbon Network; PAH Digitel (solid phase)
DUP000279,json,openaq,16405,824,DEFRA Middlesbrough,1532,5308,824 PM10,pm10,6,2026-02-16 21:00:00+00,0.000,54.569297 -1.220874,,
DUP000279,json,sos,1677,2078,Middlesbrough,,,Middlesbrough-Anthanthrene in PM10 in aerosol,pm10,,,0.000,54.569297 -1.220874,,
DUP000279,json,sos,1679,2064,Middlesbrough,,,Middlesbrough-Benzoin aanthracene in PM10 in aerosol,pm10,,,0.000,54.569297 -1.220874,,
DUP000279,json,sos,1680,2072,Middlesbrough,,,Middlesbrough-Benzoin apyrene in PM10 in aerosol,pm10,,,0.000,54.569297 -1.220874,,
DUP000279,json,sos,1681,2068,Middlesbrough,,,Middlesbrough-Benzoin bfluoranthene in PM10 in aerosol,pm10,,,0.000,54.569297 -1.220874,,
DUP000279,json,sos,1683,2063,Middlesbrough,,,Middlesbrough-Benzoin cphenanthrene in PM10 in aerosol,pm10,,,0.000,54.569297 -1.220874,,
DUP000279,json,sos,1684,2071,Middlesbrough,,,Middlesbrough-Benzoin epyrene in PM10 in aerosol,pm10,,,0.000,54.569297 -1.220874,,
DUP000279,json,sos,1685,2077,Middlesbrough,,,Middlesbrough-Benzoin ghiperylene in PM10 in aerosol,pm10,,,0.000,54.569297 -1.220874,,
DUP000279,json,sos,1686,2070,Middlesbrough,,,Middlesbrough-Benzoin jfluoranthene in PM10 in aerosol,pm10,,,0.000,54.569297 -1.220874,,
DUP000279,json,sos,1687,2069,Middlesbrough,,,Middlesbrough-Benzoin kfluoranthene in PM10 in aerosol,pm10,,,0.000,54.569297 -1.220874,,
DUP000279,json,sos,1689,2066,Middlesbrough,,,Middlesbrough-Chrysene in PM10 in aerosol,pm10,,,0.000,54.569297 -1.220874,,
DUP000279,json,sos,1690,2081,Middlesbrough,,,Middlesbrough-Coronene in PM10 in aerosol,pm10,,,0.000,54.569297 -1.220874,,
DUP000279,json,sos,1692,2075,Middlesbrough,,,Middlesbrough-Dibenzoin acanthracene in PM10 in aerosol,pm10,,,0.000,54.569297 -1.220874,,
DUP000279,json,sos,1693,2080,Middlesbrough,,,Middlesbrough-Dibenzoin aepyrene in PM10 in aerosol,pm10,,,0.000,54.569297 -1.220874,,
DUP000279,json,sos,1694,2076,Middlesbrough,,,Middlesbrough-Dibenzoin ahanthracene in PM10 in aerosol,pm10,,,0.000,54.569297 -1.220874,,
DUP000279,json,sos,1695,2083,Middlesbrough,,,Middlesbrough-Dibenzoin ahpyrene in PM10 in aerosol,pm10,,,0.000,54.569297 -1.220874,,
DUP000279,json,sos,1696,2082,Middlesbrough,,,Middlesbrough-Dibenzoin aipyrene in PM10 in aerosol,pm10,,,0.000,54.569297 -1.220874,,
DUP000279,json,sos,1697,2079,Middlesbrough,,,Middlesbrough-Dibenzoin alpyrene in PM10 in aerosol,pm10,,,0.000,54.569297 -1.220874,,
DUP000279,json,sos,1698,2074,Middlesbrough,,,Middlesbrough-indeno_123cd_pyrene in PM10 in aerosol,pm10,,,0.000,54.569297 -1.220874,,
DUP000279,json,sos,1707,2073,Middlesbrough,,,Middlesbrough-Perylene in PM10 in aerosol,pm10,,,0.000,54.569297 -1.220874,,
DUP000279,json,sos,1709,785255,Middlesbrough,,,Middlesbrough-Volatile PM10,pm10,,,0.000,54.569297 -1.220874,,
DUP000279,json,sos,7441,7598,Middlesbrough,132,2202,"http://dd.eionet.europa.eu/vocabulary/aq/pollutant/5 7598 - Middlesbrough-Particulate matter less than 10 micro m (aerosol), Middlesbrough-Particulate matter less than 10 micro m (aerosol)",pm10,-99,2026-02-19 21:00:00+00,0.000,54.569297 -1.220874,,
DUP000279,json,sos,1705,1023,Middlesbrough,2,345,"http://dd.eionet.europa.eu/vocabulary/aq/pollutant/5 1023 - Middlesbrough-Particulate matter less than 10 micro m (aerosol), Middlesbrough-Particulate matter less than 10 micro m (aerosol)",pm10,,,0.000,54.569297 -1.220874,,
DUP000279,json,sos,1676,2067,Middlesbrough-5,,,Middlesbrough-5-Methyl Chrysene in PM10 in aerosol,pm10,,,0.000,54.569297 -1.220874,,
DUP000279,json,sos,1682,2062,Middlesbrough-Benzoin bnaphthoin 2,,,"Middlesbrough-Benzoin bnaphthoin 2,1-dthiophene in PM10 in aerosol",pm10,,,0.000,54.569297 -1.220874,,
DUP000279,json,sos,1691,2065,Middlesbrough-Cyclopentain c,,,"Middlesbrough-Cyclopentain c,dpyrene in PM10 in aerosol",pm10,,,0.000,54.569297 -1.220874,,
DUP000279,json,sos,1702,785254,Middlesbrough-Non,,,Middlesbrough-Non-volatile PM10,pm10,,,0.000,54.569297 -1.220874,,
DUP000280,aurn,aurn_register,,UKA00222,Leeds Centre,,,,pm10,,,0,53.803780 -1.546472,UKA00222,Automatic Urban and Rural Monitoring Network (AURN); Non-Automatic Hydrocarbon Network
DUP000280,json,openaq,16501,2523,DEFRA Leeds Centre,1819,4971,2523 PM10,pm10,27,2026-02-19 21:00:00+00,0.000,53.803780 -1.546472,,
DUP000280,json,sos,7437,7588,Leeds Centre,128,2159,"http://dd.eionet.europa.eu/vocabulary/aq/pollutant/5 7588 - Leeds Centre-Particulate matter less than 10 micro m (aerosol), Leeds Centre-Particulate matter less than 10 micro m (aerosol)",pm10,23.9,2026-02-19 21:00:00+00,0.000,53.803780 -1.546472,,
DUP000280,json,sos,1273,982,Leeds Centre,185,302,"http://dd.eionet.europa.eu/vocabulary/aq/pollutant/5 982 - Leeds Centre-Particulate matter less than 10 micro m (aerosol), Leeds Centre-Particulate matter less than 10 micro m (aerosol)",pm10,,,0.000,53.803780 -1.546472,,
DUP000281,aurn,aurn_register,,UKA00235,Southampton Centre,,,,pm10,,,0,50.908173 -1.395757,UKA00235,Automatic Urban and Rural Monitoring Network (AURN); Non-Automatic Hydrocarbon Network; PAH Digitel (solid phase)
DUP000281,json,openaq,16394,698,EEA Southampton Centre - UKA00235,1492,1215,698 PM10,pm10,7,2026-02-19 21:00:00+00,3.954,50.908140 -1.395778,,
DUP000281,json,sos,2159,785181,Southampton Centre,,,Southampton Centre-Volatile PM10,pm10,,,3.954,50.908140 -1.395778,,
DUP000281,json,sos,2156,1137,Southampton Centre,134,2321,"http://dd.eionet.europa.eu/vocabulary/aq/pollutant/5 7604 - Southampton Centre-Particulate matter less than 10 micro m (aerosol), Southampton Centre-Particulate matter less than 10 micro m (aerosol)",pm10,10.3,2026-02-19 21:00:00+00,0.000,50.908173 -1.395757,,
DUP000281,json,sos,2156,1137,Southampton Centre,53,464,"http://dd.eionet.europa.eu/vocabulary/aq/pollutant/5 1137 - Southampton Centre-Particulate matter less than 10 micro m (aerosol), Southampton Centre-Particulate matter less than 10 micro m (aerosol)",pm10,,,0.000,50.908173 -1.395757,,
DUP000281,json,sos,2153,785176,Southampton Centre-Non,,,Southampton Centre-Non-volatile PM10,pm10,,,3.954,50.908140 -1.395778,,
DUP000282,aurn,aurn_register,,UKA00238,London Bexley,,,,pm10,,,0,51.466030 0.184806,UKA00238,Automatic Urban and Rural Monitoring Network (AURN)
DUP000282,json,openaq,16385,157,LAQN Bexley - Slade Green Fidas,1463,28911,157 PM10,pm10,9,2026-02-19 21:00:00+00,7.177,51.465983 0.184877,,
DUP000282,json,sos,7445,7802,London Bexley,139,4848,"http://dd.eionet.europa.eu/vocabulary/aq/pollutant/5 7802 - London Bexley-Particulate matter less than 10 micro m (aerosol), London Bexley-Particulate matter less than 10 micro m (aerosol)",pm10,11.9,2026-02-19 21:00:00+00,0.000,51.466030 0.184806,,
DUP000283,aurn,aurn_register,,UKA00247,Liverpool Speke,,,,pm10,,,0,53.346330 -2.844333,UKA00247,Automatic Urban and Rural Monitoring Network (AURN); Non-Automatic Hydrocarbon Network; PAH Digitel (solid phase)
DUP000283,json,openaq,16492,2507,EEA Liverpool Speke - UKA00247,1782,4868,2507 PM10,pm10,16,2026-02-19 21:00:00+00,0.000,53.346330 -2.844333,,
DUP000283,json,sos,1336,1986,Liverpool Speke,,,Liverpool Speke-Anthanthrene in PM10 in aerosol,pm10,,,0.000,53.346330 -2.844333,,
DUP000283,json,sos,1338,1972,Liverpool Speke,,,Liverpool Speke-Benzoin aanthracene in PM10 in aerosol,pm10,,,0.000,53.346330 -2.844333,,
DUP000283,json,sos,1339,1980,Liverpool Speke,,,Liverpool Speke-Benzoin apyrene in PM10 in aerosol,pm10,,,0.000,53.346330 -2.844333,,
DUP000283,json,sos,1340,1976,Liverpool Speke,,,Liverpool Speke-Benzoin bfluoranthene in PM10 in aerosol,pm10,,,0.000,53.346330 -2.844333,,
DUP000283,json,sos,1342,1971,Liverpool Speke,,,Liverpool Speke-Benzoin cphenanthrene in PM10 in aerosol,pm10,,,0.000,53.346330 -2.844333,,
DUP000283,json,sos,1343,1979,Liverpool Speke,,,Liverpool Speke-Benzoin epyrene in PM10 in aerosol,pm10,,,0.000,53.346330 -2.844333,,
DUP000283,json,sos,1344,1985,Liverpool Speke,,,Liverpool Speke-Benzoin ghiperylene in PM10 in aerosol,pm10,,,0.000,53.346330 -2.844333,,
DUP000283,json,sos,1345,1978,Liverpool Speke,,,Liverpool Speke-Benzoin jfluoranthene in PM10 in aerosol,pm10,,,0.000,53.346330 -2.844333,,
DUP000283,json,sos,1346,1977,Liverpool Speke,,,Liverpool Speke-Benzoin kfluoranthene in PM10 in aerosol,pm10,,,0.000,53.346330 -2.844333,,
DUP000283,json,sos,1348,1974,Liverpool Speke,,,Liverpool Speke-Chrysene in PM10 in aerosol,pm10,,,0.000,53.346330 -2.844333,,
DUP000283,json,sos,1349,1989,Liverpool Speke,,,Liverpool Speke-Coronene in PM10 in aerosol,pm10,,,0.000,53.346330 -2.844333,,
DUP000283,json,sos,1351,1983,Liverpool Speke,,,Liverpool Speke-Dibenzoin acanthracene in PM10 in aerosol,pm10,,,0.000,53.346330 -2.844333,,
DUP000283,json,sos,1352,1988,Liverpool Speke,,,Liverpool Speke-Dibenzoin aepyrene in PM10 in aerosol,pm10,,,0.000,53.346330 -2.844333,,
DUP000283,json,sos,1353,1984,Liverpool Speke,,,Liverpool Speke-Dibenzoin ahanthracene in PM10 in aerosol,pm10,,,0.000,53.346330 -2.844333,,
DUP000283,json,sos,1354,1991,Liverpool Speke,,,Liverpool Speke-Dibenzoin ahpyrene in PM10 in aerosol,pm10,,,0.000,53.346330 -2.844333,,
DUP000283,json,sos,1355,1990,Liverpool Speke,,,Liverpool Speke-Dibenzoin aipyrene in PM10 in aerosol,pm10,,,0.000,53.346330 -2.844333,,
DUP000283,json,sos,1356,1987,Liverpool Speke,,,Liverpool Speke-Dibenzoin alpyrene in PM10 in aerosol,pm10,,,0.000,53.346330 -2.844333,,
DUP000283,json,sos,1357,1982,Liverpool Speke,,,Liverpool Speke-indeno_123cd_pyrene in PM10 in aerosol,pm10,,,0.000,53.346330 -2.844333,,
DUP000283,json,sos,1366,1981,Liverpool Speke,,,Liverpool Speke-Perylene in PM10 in aerosol,pm10,,,0.000,53.346330 -2.844333,,
DUP000283,json,sos,1368,785177,Liverpool Speke,,,Liverpool Speke-Volatile PM10,pm10,,,0.000,53.346330 -2.844333,,
DUP000283,json,sos,1364,1007,Liverpool Speke,1,328,"http://dd.eionet.europa.eu/vocabulary/aq/pollutant/5 1007 - Liverpool Speke-Particulate matter less than 10 micro m (aerosol), Liverpool Speke-Particulate matter less than 10 micro m (aerosol)",pm10,,,0.000,53.346330 -2.844333,,
DUP000283,json,sos,7391,7109,Liverpool Speke,76,2185,"http://dd.eionet.europa.eu/vocabulary/aq/pollutant/5 7109 - Liverpool Speke-Particulate matter less than 10 micro m (aerosol), Liverpool Speke-Particulate matter less than 10 micro m (aerosol)",pm10,19.324,2026-02-19 21:00:00+00,0.000,53.346330 -2.844333,,
DUP000283,json,sos,1335,1975,Liverpool Speke-5,,,Liverpool Speke-5-Methyl Chrysene in PM10 in aerosol,pm10,,,0.000,53.346330 -2.844333,,
DUP000283,json,sos,1341,1970,Liverpool Speke-Benzoin bnaphthoin 2,,,"Liverpool Speke-Benzoin bnaphthoin 2,1-dthiophene in PM10 in aerosol",pm10,,,0.000,53.346330 -2.844333,,
DUP000283,json,sos,1350,1973,Liverpool Speke-Cyclopentain c,,,"Liverpool Speke-Cyclopentain c,dpyrene in PM10 in aerosol",pm10,,,0.000,53.346330 -2.844333,,
DUP000283,json,sos,1361,785172,Liverpool Speke-Non,,,Liverpool Speke-Non-volatile PM10,pm10,,,0.000,53.346330 -2.844333,,
DUP000284,aurn,aurn_register,,UKA00248,Manchester Piccadilly,,,,pm10,,,0,53.481520 -2.237881,UKA00248,Automatic Urban and Rural Monitoring Network (AURN); Non-Automatic Hydrocarbon Network
DUP000284,json,openaq,16429,2312,DEFRA Manchester Piccadilly,1601,28414,2312 PM10,pm10,17,2026-02-19 21:00:00+00,0.000,53.481520 -2.237881,,
DUP000284,json,sos,7447,7991,Manchester Piccadilly,142,4831,"http://dd.eionet.europa.eu/vocabulary/aq/pollutant/5 7991 - Manchester Piccadilly-Particulate matter less than 10 micro m (aerosol), Manchester Piccadilly-Particulate matter less than 10 micro m (aerosol)",pm10,26.1,2026-02-19 21:00:00+00,0.000,53.481520 -2.237881,,
DUP000285,aurn,aurn_register,,UKA00251,Rochester Stoke,,,,pm10,,,0,51.456170 0.634889,UKA00251,Automatic Urban and Rural Monitoring Network (AURN)
DUP000285,json,openaq,16514,2558,DEFRA Rochester Stoke,1870,5211,2558 PM10,pm10,7,2026-02-19 21:00:00+00,0.000,51.456170 0.634889,,
DUP000285,json,sos,1971,785339,Rochester Stoke,,,Rochester Stoke-Volatile PM10,pm10,,,0.000,51.456170 0.634889,,
DUP000285,json,sos,1968,2732,Rochester Stoke,62,431,"http://dd.eionet.europa.eu/vocabulary/aq/pollutant/5 2732 - Rochester Stoke-Particulate matter less than 10 micro m (aerosol), Rochester Stoke-Particulate matter less than 10 micro m (aerosol)",pm10,,,0.000,51.456170 0.634889,,
DUP000285,json,sos,7401,7159,Rochester Stoke,87,2288,"http://dd.eionet.europa.eu/vocabulary/aq/pollutant/5 7159 - Rochester Stoke-Particulate matter less than 10 micro m (aerosol), Rochester Stoke-Particulate matter less than 10 micro m (aerosol)",pm10,8.1,2026-02-19 20:00:00+00,0.000,51.456170 0.634889,,
DUP000285,json,sos,1965,785338,Rochester Stoke-Non,,,Rochester Stoke-Non-volatile PM10,pm10,,,0.000,51.456170 0.634889,,
DUP000286,aurn,aurn_register,,UKA00253,London N. Kensington,,,,pm10,,,0,51.521050 -0.213419,UKA00253,Automatic Urban and Rural Monitoring Network (AURN); Black Carbon
DUP000286,json,openaq,16383,155,DEFRA London N. Kensington,1456,248,155 PM10,pm10,9,2026-02-19 21:00:00+00,5.051,51.521050 -0.213492,,
DUP000286,json,sos,1577,961,London N. Kensington,,,London N. Kensington-PM10 in aerosol,pm10,,,5.051,51.521050 -0.213492,,
DUP000286,json,sos,1579,785307,London N. Kensington,,,London N. Kensington-Volatile PM10,pm10,,,5.051,51.521050 -0.213492,,
DUP000286,json,sos,1574,960,London N. Kensington,137,2131,"http://dd.eionet.europa.eu/vocabulary/aq/pollutant/5 7797 - London N. Kensington-Particulate matter less than 10 micro m (aerosol), GB_SamplingFeature_missingFOI",pm10,15,2026-02-19 21:00:00+00,5.051,51.521050 -0.213492,,
DUP000286,json,sos,1574,960,London N. Kensington,181,274,"http://dd.eionet.europa.eu/vocabulary/aq/pollutant/5 960 - London N. Kensington-Particulate matter less than 10 micro m (aerosol), London N. Kensington-Particulate matter less than 10 micro m (aerosol)",pm10,,,5.051,51.521050 -0.213492,,
DUP000286,json,sos,1571,785306,London N. Kensington-Non,,,London N. Kensington-Non-volatile PM10,pm10,,,5.051,51.521050 -0.213492,,
DUP000287,aurn,aurn_register,,UKA00259,Camden Kerbside,,,,pm10,,,0,51.544233 -0.175228,UKA00259,Automatic Urban and Rural Monitoring Network (AURN)
DUP000287,json,openaq,16380,152,DEFRA Camden Kerbside,1441,236,152 PM10,pm10,15,2026-02-19 21:00:00+00,3.818,51.544210 -0.175269,,
DUP000287,json,sos,478,785291,Camden Kerbside,,,Camden Kerbside-Volatile PM10,pm10,,,3.818,51.544210 -0.175269,,
DUP000287,json,sos,476,805,Camden Kerbside,143,2,"http://dd.eionet.europa.eu/vocabulary/aq/pollutant/5 805 - Camden Kerbside-Particulate matter less than 10 micro m (aerosol), Camden Kerbside-Particulate matter less than 10 micro m (aerosol)",pm10,,,3.818,51.544210 -0.175269,,
DUP000287,json,sos,476,805,Camden Kerbside,176,1977,"http://dd.eionet.europa.eu/vocabulary/aq/pollutant/5 8906 - Camden Kerbside-Particulate matter less than 10 micro m (aerosol), GB_SamplingFeature_missingFOI",pm10,17.392,2026-02-19 21:00:00+00,3.818,51.544210 -0.175269,,
DUP000287,json,sos,474,785290,Camden Kerbside-Non,,,Camden Kerbside-Non-volatile PM10,pm10,,,3.818,51.544210 -0.175269,,
DUP000288,aurn,aurn_register,,UKA00265,Leamington Spa,,,,pm10,,,0,52.288810 -1.533119,UKA00265,Automatic Urban and Rural Monitoring Network (AURN); Non-Automatic Hydrocarbon Network
DUP000288,json,openaq,16507,2535,DEFRA Leamington Spa,1845,5035,2535 PM10,pm10,11,2026-02-19 21:00:00+00,0.000,52.288810 -1.533119,,
DUP000288,json,sos,1265,785257,Leamington Spa,,,Leamington Spa-Volatile PM10,pm10,,,0.000,52.288810 -1.533119,,
DUP000288,json,sos,7423,7537,Leamington Spa,113,2141,"http://dd.eionet.europa.eu/vocabulary/aq/pollutant/5 7537 - Leamington Spa-Particulate matter less than 10 micro m (aerosol), Leamington Spa-Particulate matter less than 10 micro m (aerosol)",pm10,22.8,2026-02-19 21:00:00+00,0.000,52.288810 -1.533119,,
DUP000288,json,sos,1253,967,Leamington Spa,182,284,"http://dd.eionet.europa.eu/vocabulary/aq/pollutant/5 967 - Leamington Spa-Particulate matter less than 10 micro m (aerosol), Leamington Spa-Particulate matter less than 10 micro m (aerosol)",pm10,,,0.000,52.288810 -1.533119,,
DUP000288,json,sos,1250,785256,Leamington Spa-Non,,,Leamington Spa-Non-volatile PM10,pm10,,,0.000,52.288810 -1.533119,,
DUP000289,aurn,aurn_register,,UKA00266,London Hillingdon,,,,pm10,,,0,51.496330 -0.460861,UKA00266,Automatic Urban and Rural Monitoring Network (AURN)
DUP000289,json,openaq,16381,153,DEFRA London Hillingdon,1445,1928199,153 PM10,pm10,10,2026-02-19 21:00:00+00,0.000,51.496330 -0.460861,,
DUP000289,json,sos,7459,8766,London Hillingdon,161,4911,"http://dd.eionet.europa.eu/vocabulary/aq/pollutant/5 8766 - London Hillingdon-Particulate matter less than 10 micro m (aerosol), London Hillingdon-Particulate matter less than 10 micro m (aerosol)",pm10,15.8,2026-02-19 21:00:00+00,0.000,51.496330 -0.460861,,
DUP000290,aurn,aurn_register,,UKA00272,Thurrock,,,,pm10,,,0,51.477070 0.317969,UKA00272,Automatic Urban and Rural Monitoring Network (AURN)
DUP000290,json,openaq,16455,2395,EEA Thurrock - UKA00272,1671,4479,2395 PM10,pm10,10,2026-02-19 21:00:00+00,0.000,51.477070 0.317969,,
DUP000290,json,sos,2337,785305,Thurrock,,,Thurrock-Volatile PM10,pm10,,,0.000,51.477070 0.317969,,
DUP000290,json,sos,7472,8946,Thurrock,178,2350,"http://dd.eionet.europa.eu/vocabulary/aq/pollutant/5 8946 - Thurrock-Particulate matter less than 10 micro m (aerosol), GB_SamplingFeature_missingFOI",pm10,11.7,2026-02-19 21:00:00+00,0.000,51.477070 0.317969,,
DUP000290,json,sos,2334,1164,Thurrock,55,494,"http://dd.eionet.europa.eu/vocabulary/aq/pollutant/5 1164 - Thurrock-Particulate matter less than 10 micro m (aerosol), Thurrock-Particulate matter less than 10 micro m (aerosol)",pm10,,,0.000,51.477070 0.317969,,
DUP000290,json,sos,2332,785304,Thurrock-Non,,,Thurrock-Non-volatile PM10,pm10,,,0.000,51.477070 0.317969,,
DUP000291,aurn,aurn_register,,UKA00315,London Marylebone Road,,,,pm10,,,0,51.522530 -0.154611,UKA00315,Automatic Hydrocarbon Network; Automatic Urban and Rural Monitoring Network (AURN); Black Carbon; Heavy Metals; PAH Digitel (solid phase); Particle Concentrations and Numbers Network; UK Urban NO2 Network
DUP000291,json,openaq,16382,154,DEFRA London Marylebone Road,1450,245,154 PM10,pm10,10,2026-02-19 21:00:00+00,0.000,51.522530 -0.154611,,
DUP000291,json,sos,1507,2009,London Marylebone Road,,,London Marylebone Road-Anthanthrene in PM10 in aerosol,pm10,,,0.000,51.522530 -0.154611,,
DUP000291,json,sos,1509,1995,London Marylebone Road,,,London Marylebone Road-Benzoin aanthracene in PM10 in aerosol,pm10,,,0.000,51.522530 -0.154611,,
DUP000291,json,sos,1510,2003,London Marylebone Road,,,London Marylebone Road-Benzoin apyrene in PM10 in aerosol,pm10,,,0.000,51.522530 -0.154611,,
DUP000291,json,sos,1511,1999,London Marylebone Road,,,London Marylebone Road-Benzoin bfluoranthene in PM10 in aerosol,pm10,,,0.000,51.522530 -0.154611,,
DUP000291,json,sos,1513,1994,London Marylebone Road,,,London Marylebone Road-Benzoin cphenanthrene in PM10 in aerosol,pm10,,,0.000,51.522530 -0.154611,,
DUP000291,json,sos,1514,2002,London Marylebone Road,,,London Marylebone Road-Benzoin epyrene in PM10 in aerosol,pm10,,,0.000,51.522530 -0.154611,,
DUP000291,json,sos,1515,2008,London Marylebone Road,,,London Marylebone Road-Benzoin ghiperylene in PM10 in aerosol,pm10,,,0.000,51.522530 -0.154611,,
DUP000291,json,sos,1516,2001,London Marylebone Road,,,London Marylebone Road-Benzoin jfluoranthene in PM10 in aerosol,pm10,,,0.000,51.522530 -0.154611,,
DUP000291,json,sos,1517,2000,London Marylebone Road,,,London Marylebone Road-Benzoin kfluoranthene in PM10 in aerosol,pm10,,,0.000,51.522530 -0.154611,,
DUP000291,json,sos,1520,1997,London Marylebone Road,,,London Marylebone Road-Chrysene in PM10 in aerosol,pm10,,,0.000,51.522530 -0.154611,,
DUP000291,json,sos,1522,2012,London Marylebone Road,,,London Marylebone Road-Coronene in PM10 in aerosol,pm10,,,0.000,51.522530 -0.154611,,
DUP000291,json,sos,1524,2006,London Marylebone Road,,,London Marylebone Road-Dibenzoin acanthracene in PM10 in aerosol,pm10,,,0.000,51.522530 -0.154611,,
DUP000291,json,sos,1525,2011,London Marylebone Road,,,London Marylebone Road-Dibenzoin aepyrene in PM10 in aerosol,pm10,,,0.000,51.522530 -0.154611,,
DUP000291,json,sos,1526,2007,London Marylebone Road,,,London Marylebone Road-Dibenzoin ahanthracene in PM10 in aerosol,pm10,,,0.000,51.522530 -0.154611,,
DUP000291,json,sos,1527,2014,London Marylebone Road,,,London Marylebone Road-Dibenzoin ahpyrene in PM10 in aerosol,pm10,,,0.000,51.522530 -0.154611,,
DUP000291,json,sos,1528,2013,London Marylebone Road,,,London Marylebone Road-Dibenzoin aipyrene in PM10 in aerosol,pm10,,,0.000,51.522530 -0.154611,,
DUP000291,json,sos,1529,2010,London Marylebone Road,,,London Marylebone Road-Dibenzoin alpyrene in PM10 in aerosol,pm10,,,0.000,51.522530 -0.154611,,
DUP000291,json,sos,1536,2005,London Marylebone Road,,,London Marylebone Road-indeno_123cd_pyrene in PM10 in aerosol,pm10,,,0.000,51.522530 -0.154611,,
DUP000291,json,sos,1557,2004,London Marylebone Road,,,London Marylebone Road-Perylene in PM10 in aerosol,pm10,,,0.000,51.522530 -0.154611,,
DUP000291,json,sos,1564,785309,London Marylebone Road,,,London Marylebone Road-Volatile PM10,pm10,,,0.000,51.522530 -0.154611,,
DUP000291,json,sos,7471,8908,London Marylebone Road,177,2212,"http://dd.eionet.europa.eu/vocabulary/aq/pollutant/5 8908 - London Marylebone Road-Particulate matter less than 10 micro m (aerosol), GB_SamplingFeature_missingFOI",pm10,19.324,2026-02-19 21:00:00+00,0.000,51.522530 -0.154611,,
DUP000291,json,sos,1554,1032,London Marylebone Road,3,355,"http://dd.eionet.europa.eu/vocabulary/aq/pollutant/5 1032 - London Marylebone Road-Particulate matter less than 10 micro m (aerosol), London Marylebone Road-Particulate matter less than 10 micro m (aerosol)",pm10,,,0.000,51.522530 -0.154611,,
DUP000291,json,sos,1506,1998,London Marylebone Road-5,,,London Marylebone Road-5-Methyl Chrysene in PM10 in aerosol,pm10,,,0.000,51.522530 -0.154611,,
DUP000291,json,sos,1512,1993,London Marylebone Road-Benzoin bnaphthoin 2,,,"London Marylebone Road-Benzoin bnaphthoin 2,1-dthiophene in PM10 in aerosol",pm10,,,0.000,51.522530 -0.154611,,
DUP000291,json,sos,1523,1996,London Marylebone Road-Cyclopentain c,,,"London Marylebone Road-Cyclopentain c,dpyrene in PM10 in aerosol",pm10,,,0.000,51.522530 -0.154611,,
DUP000291,json,sos,1548,785308,London Marylebone Road-Non,,,London Marylebone Road-Non-volatile PM10,pm10,,,0.000,51.522530 -0.154611,,
DUP000292,aurn,aurn_register,,UKA00323,Narberth,,,,pm10,,,0,51.782616 -4.692370,UKA00323,Automatic Urban and Rural Monitoring Network (AURN); UKEAP: Acid Gases & Aerosol Network; UKEAP: National Ammonia Monitoring Network
DUP000292,json,sos,1733,2727,Narberth,61,400,"http://dd.eionet.europa.eu/vocabulary/aq/pollutant/5 2727 - Narberth-Particulate matter less than 10 micro m (aerosol), Narberth-Particulate matter less than 10 micro m (aerosol)",pm10,,,0.000,51.782616 -4.692370,,
DUP000292,json,sos,1733,2727,Narberth,86,2257,"http://dd.eionet.europa.eu/vocabulary/aq/pollutant/5 7155 - Narberth-Particulate matter less than 10 micro m (aerosol), Narberth-Particulate matter less than 10 micro m (aerosol)",pm10,7.9,2026-02-19 20:00:00+00,0.000,51.782616 -4.692370,,
DUP000293,aurn,aurn_register,,UKA00337,Stoke-on-Trent Centre,,,,pm10,,,0,53.028210 -2.175133,UKA00337,Automatic Urban and Rural Monitoring Network (AURN); Non-Automatic Hydrocarbon Network
DUP000293,json,openaq,16520,2579,DEFRA Stoke-on-Trent Centre,1892,30065,2579 PM10,pm10,13,2026-02-19 21:00:00+00,0.000,53.028210 -2.175133,,
DUP000293,json,sos,7406,7412,Stoke-on-Trent Centre,93,3442,"http://dd.eionet.europa.eu/vocabulary/aq/pollutant/5 7412 - Stoke-on-Trent Centre-Particulate matter less than 10 micro m (aerosol), Stoke-on-Trent Centre-Particulate matter less than 10 micro m (aerosol)",pm10,17.6,2026-02-19 21:00:00+00,0.000,53.028210 -2.175133,,
DUP000294,aurn,aurn_register,,UKA00339,Salford Eccles,,,,pm10,,,0,53.484810 -2.334139,UKA00339,Automatic Urban and Rural Monitoring Network (AURN); PAH Digitel (solid phase)
DUP000294,json,openaq,16395,718,DEFRA Salford Eccles,1497,4935,718 PM10,pm10,18,2026-02-19 21:00:00+00,0.000,53.484810 -2.334139,,
DUP000294,json,sos,2005,2193,Salford Eccles,,,Salford Eccles-Anthanthrene in PM10 in aerosol,pm10,,,0.000,53.484810 -2.334139,,
DUP000294,json,sos,2006,2179,Salford Eccles,,,Salford Eccles-Benzoin aanthracene in PM10 in aerosol,pm10,,,0.000,53.484810 -2.334139,,
DUP000294,json,sos,2007,2187,Salford Eccles,,,Salford Eccles-Benzoin apyrene in PM10 in aerosol,pm10,,,0.000,53.484810 -2.334139,,
DUP000294,json,sos,2008,2183,Salford Eccles,,,Salford Eccles-Benzoin bfluoranthene in PM10 in aerosol,pm10,,,0.000,53.484810 -2.334139,,
DUP000294,json,sos,2010,2178,Salford Eccles,,,Salford Eccles-Benzoin cphenanthrene in PM10 in aerosol,pm10,,,0.000,53.484810 -2.334139,,
DUP000294,json,sos,2011,2186,Salford Eccles,,,Salford Eccles-Benzoin epyrene in PM10 in aerosol,pm10,,,0.000,53.484810 -2.334139,,
DUP000294,json,sos,2012,2192,Salford Eccles,,,Salford Eccles-Benzoin ghiperylene in PM10 in aerosol,pm10,,,0.000,53.484810 -2.334139,,
DUP000294,json,sos,2013,2185,Salford Eccles,,,Salford Eccles-Benzoin jfluoranthene in PM10 in aerosol,pm10,,,0.000,53.484810 -2.334139,,
DUP000294,json,sos,2014,2184,Salford Eccles,,,Salford Eccles-Benzoin kfluoranthene in PM10 in aerosol,pm10,,,0.000,53.484810 -2.334139,,
DUP000294,json,sos,2016,2181,Salford Eccles,,,Salford Eccles-Chrysene in PM10 in aerosol,pm10,,,0.000,53.484810 -2.334139,,
DUP000294,json,sos,2017,2196,Salford Eccles,,,Salford Eccles-Coronene in PM10 in aerosol,pm10,,,0.000,53.484810 -2.334139,,
DUP000294,json,sos,2019,2190,Salford Eccles,,,Salford Eccles-Dibenzoin acanthracene in PM10 in aerosol,pm10,,,0.000,53.484810 -2.334139,,
DUP000294,json,sos,2020,2195,Salford Eccles,,,Salford Eccles-Dibenzoin aepyrene in PM10 in aerosol,pm10,,,0.000,53.484810 -2.334139,,
DUP000294,json,sos,2021,2191,Salford Eccles,,,Salford Eccles-Dibenzoin ahanthracene in PM10 in aerosol,pm10,,,0.000,53.484810 -2.334139,,
DUP000294,json,sos,2022,2198,Salford Eccles,,,Salford Eccles-Dibenzoin ahpyrene in PM10 in aerosol,pm10,,,0.000,53.484810 -2.334139,,
DUP000294,json,sos,2023,2197,Salford Eccles,,,Salford Eccles-Dibenzoin aipyrene in PM10 in aerosol,pm10,,,0.000,53.484810 -2.334139,,
DUP000294,json,sos,2024,2194,Salford Eccles,,,Salford Eccles-Dibenzoin alpyrene in PM10 in aerosol,pm10,,,0.000,53.484810 -2.334139,,
DUP000294,json,sos,2025,2189,Salford Eccles,,,Salford Eccles-indeno_123cd_pyrene in PM10 in aerosol,pm10,,,0.000,53.484810 -2.334139,,
DUP000294,json,sos,2034,2188,Salford Eccles,,,Salford Eccles-Perylene in PM10 in aerosol,pm10,,,0.000,53.484810 -2.334139,,
DUP000294,json,sos,2036,785259,Salford Eccles,,,Salford Eccles-Volatile PM10,pm10,,,0.000,53.484810 -2.334139,,
DUP000294,json,sos,2032,876,Salford Eccles,163,187,"http://dd.eionet.europa.eu/vocabulary/aq/pollutant/5 876 - Salford Eccles-Particulate matter less than 10 micro m (aerosol), Salford Eccles-Particulate matter less than 10 micro m (aerosol)",pm10,,,0.000,53.484810 -2.334139,,
DUP000294,json,sos,7390,7107,Salford Eccles,75,2047,"http://dd.eionet.europa.eu/vocabulary/aq/pollutant/5 7107 - Salford Eccles-Particulate matter less than 10 micro m (aerosol), Salford Eccles-Particulate matter less than 10 micro m (aerosol)",pm10,58.5,2026-02-19 20:00:00+00,0.000,53.484810 -2.334139,,
DUP000294,json,sos,2004,2182,Salford Eccles-5,,,Salford Eccles-5-Methyl Chrysene in PM10 in aerosol,pm10,,,0.000,53.484810 -2.334139,,
DUP000294,json,sos,2009,2177,Salford Eccles-Benzoin bnaphthoin 2,,,"Salford Eccles-Benzoin bnaphthoin 2,1-dthiophene in PM10 in aerosol",pm10,,,0.000,53.484810 -2.334139,,
DUP000294,json,sos,2018,2180,Salford Eccles-Cyclopentain c,,,"Salford Eccles-Cyclopentain c,dpyrene in PM10 in aerosol",pm10,,,0.000,53.484810 -2.334139,,
DUP000294,json,sos,2029,785258,Salford Eccles-Non,,,Salford Eccles-Non-volatile PM10,pm10,,,0.000,53.484810 -2.334139,,
DUP000295,aurn,aurn_register,,UKA00353,Barnsley Gawber,,,,pm10,,,0,53.562920 -1.510436,UKA00353,Automatic Urban and Rural Monitoring Network (AURN); Black Carbon; Non-Automatic Hydrocarbon Network
DUP000295,json,openaq,16434,2323,EEA Barnsley Gawber - UKA00353,1610,4663061,2323 PM10,pm10,21,2026-02-19 21:00:00+00,0.000,53.562920 -1.510436,,
DUP000295,json,sos,7473,9899,Barnsley Gawber,186,5073,"http://dd.eionet.europa.eu/vocabulary/aq/pollutant/5 9899 - Barnsley Gawber-Particulate matter less than 10 micro m (aerosol), Barnsley Gawber-Particulate matter less than 10 micro m (aerosol)",pm10,22.4,2026-02-19 21:00:00+00,0.000,53.562920 -1.510436,,
DUP000296,aurn,aurn_register,,UKA00360,Plymouth Centre,,,,pm10,,,0,50.371670 -4.142361,UKA00360,Automatic Urban and Rural Monitoring Network (AURN); PAH Digitel (solid phase)
DUP000296,json,openaq,16488,2488,EEA Plymouth Centre - UKA00360,1767,5322,2488 PM10,pm10,10,2026-02-19 21:00:00+00,0.000,50.371670 -4.142361,,
DUP000296,json,sos,7450,8133,Plymouth Centre,146,2262,"http://dd.eionet.europa.eu/vocabulary/aq/pollutant/5 8133 - Plymouth Centre-Particulate matter less than 10 micro m (aerosol), Plymouth Centre-Particulate matter less than 10 micro m (aerosol)",pm10,21.4,2026-02-19 21:00:00+00,0.000,50.371670 -4.142361,,
DUP000296,json,sos,1889,1084,Plymouth Centre,36,405,"http://dd.eionet.europa.eu/vocabulary/aq/pollutant/5 1084 - Plymouth Centre-Particulate matter less than 10 micro m (aerosol), Plymouth Centre-Particulate matter less than 10 micro m (aerosol)",pm10,,,0.000,50.371670 -4.142361,,
DUP000297,aurn,aurn_register,,UKA00362,Wicken Fen,,,,pm10,,,0,52.298500 0.290917,UKA00362,Automatic Urban and Rural Monitoring Network (AURN); Black Carbon
DUP000297,json,openaq,16404,804,EEA Wicken Fen - UKA00362,1527,1999690,804 PM10,pm10,10,2026-02-19 21:00:00+00,0.000,52.298500 0.290917,,
DUP000297,json,sos,7467,8784,Wicken Fen,171,4956,"http://dd.eionet.europa.eu/vocabulary/aq/pollutant/5 8784 - Wicken Fen-Particulate matter less than 10 micro m (aerosol), Wicken Fen-Particulate matter less than 10 micro m (aerosol)",pm10,11.6,2026-02-19 20:00:00+00,0.000,52.298500 0.290917,,
DUP000298,aurn,aurn_register,,UKA00380,Newport,,,,pm10,,,0,51.601203 -2.977281,UKA00380,Automatic Urban and Rural Monitoring Network (AURN); Non-Automatic Hydrocarbon Network; PAH Digitel (solid phase)
DUP000298,json,openaq,16399,764,DEFRA Newport,1510,4947,764 PM10,pm10,6,2026-02-19 21:00:00+00,0.000,51.601203 -2.977281,,
DUP000298,json,sos,1773,2124,Newport,,,Newport-Anthanthrene in PM10 in aerosol,pm10,,,0.000,51.601203 -2.977281,,
DUP000298,json,sos,1775,2110,Newport,,,Newport-Benzoin aanthracene in PM10 in aerosol,pm10,,,0.000,51.601203 -2.977281,,
DUP000298,json,sos,1776,2118,Newport,,,Newport-Benzoin apyrene in PM10 in aerosol,pm10,,,0.000,51.601203 -2.977281,,
DUP000298,json,sos,1777,2114,Newport,,,Newport-Benzoin bfluoranthene in PM10 in aerosol,pm10,,,0.000,51.601203 -2.977281,,
DUP000298,json,sos,1779,2109,Newport,,,Newport-Benzoin cphenanthrene in PM10 in aerosol,pm10,,,0.000,51.601203 -2.977281,,
DUP000298,json,sos,1780,2117,Newport,,,Newport-Benzoin epyrene in PM10 in aerosol,pm10,,,0.000,51.601203 -2.977281,,
DUP000298,json,sos,1781,2123,Newport,,,Newport-Benzoin ghiperylene in PM10 in aerosol,pm10,,,0.000,51.601203 -2.977281,,
DUP000298,json,sos,1782,2116,Newport,,,Newport-Benzoin jfluoranthene in PM10 in aerosol,pm10,,,0.000,51.601203 -2.977281,,
DUP000298,json,sos,1783,2115,Newport,,,Newport-Benzoin kfluoranthene in PM10 in aerosol,pm10,,,0.000,51.601203 -2.977281,,
DUP000298,json,sos,1784,2112,Newport,,,Newport-Chrysene in PM10 in aerosol,pm10,,,0.000,51.601203 -2.977281,,
DUP000298,json,sos,1785,2127,Newport,,,Newport-Coronene in PM10 in aerosol,pm10,,,0.000,51.601203 -2.977281,,
DUP000298,json,sos,1787,2121,Newport,,,Newport-Dibenzoin acanthracene in PM10 in aerosol,pm10,,,0.000,51.601203 -2.977281,,
DUP000298,json,sos,1788,2126,Newport,,,Newport-Dibenzoin aepyrene in PM10 in aerosol,pm10,,,0.000,51.601203 -2.977281,,
DUP000298,json,sos,1789,2122,Newport,,,Newport-Dibenzoin ahanthracene in PM10 in aerosol,pm10,,,0.000,51.601203 -2.977281,,
DUP000298,json,sos,1790,2129,Newport,,,Newport-Dibenzoin ahpyrene in PM10 in aerosol,pm10,,,0.000,51.601203 -2.977281,,
DUP000298,json,sos,1791,2128,Newport,,,Newport-Dibenzoin aipyrene in PM10 in aerosol,pm10,,,0.000,51.601203 -2.977281,,
DUP000298,json,sos,1792,2125,Newport,,,Newport-Dibenzoin alpyrene in PM10 in aerosol,pm10,,,0.000,51.601203 -2.977281,,
DUP000298,json,sos,1793,2120,Newport,,,Newport-indeno_123cd_pyrene in PM10 in aerosol,pm10,,,0.000,51.601203 -2.977281,,
DUP000298,json,sos,1801,2119,Newport,,,Newport-Perylene in PM10 in aerosol,pm10,,,0.000,51.601203 -2.977281,,
DUP000298,json,sos,1802,785221,Newport,,,Newport-Volatile PM10,pm10,,,0.000,51.601203 -2.977281,,
DUP000298,json,sos,1799,1060,Newport,12,381,"http://dd.eionet.europa.eu/vocabulary/aq/pollutant/5 1060 - Newport-Particulate matter less than 10 micro m (aerosol), Newport-Particulate matter less than 10 micro m (aerosol)",pm10,,,0.000,51.601203 -2.977281,,
DUP000298,json,sos,7392,7111,Newport,77,2238,"http://dd.eionet.europa.eu/vocabulary/aq/pollutant/5 7111 - Newport-Particulate matter less than 10 micro m (aerosol), Newport-Particulate matter less than 10 micro m (aerosol)",pm10,14.8,2026-02-19 21:00:00+00,0.000,51.601203 -2.977281,,
DUP000298,json,sos,1772,2113,Newport-5,,,Newport-5-Methyl Chrysene in PM10 in aerosol,pm10,,,0.000,51.601203 -2.977281,,
DUP000298,json,sos,1778,2108,Newport-Benzoin bnaphthoin 2,,,"Newport-Benzoin bnaphthoin 2,1-dthiophene in PM10 in aerosol",pm10,,,0.000,51.601203 -2.977281,,
DUP000298,json,sos,1786,2111,Newport-Cyclopentain c,,,"Newport-Cyclopentain c,dpyrene in PM10 in aerosol",pm10,,,0.000,51.601203 -2.977281,,
DUP000298,json,sos,1797,785220,Newport-Non,,,Newport-Non-volatile PM10,pm10,,,0.000,51.601203 -2.977281,,
DUP000299,aurn,aurn_register,,UKA00381,Scunthorpe Town,,,,pm10,,,0,53.586340 -0.636811,UKA00381,Automatic Urban and Rural Monitoring Network (AURN); Heavy Metals; Non-Automatic Hydrocarbon Network; PAH Digitel (solid phase)
DUP000299,json,openaq,16400,768,DEFRA Scunthorpe Town,1513,5079,768 PM10,pm10,37,2026-02-19 13:00:00+00,0.000,53.586340 -0.636811,,
DUP000299,json,sos,2071,2239,Scunthorpe Town,,,Scunthorpe Town-Anthanthrene in PM10 in aerosol,pm10,,,0.000,53.586340 -0.636811,,
DUP000299,json,sos,2073,2225,Scunthorpe Town,,,Scunthorpe Town-Benzoin aanthracene in PM10 in aerosol,pm10,,,0.000,53.586340 -0.636811,,
DUP000299,json,sos,2074,2233,Scunthorpe Town,,,Scunthorpe Town-Benzoin apyrene in PM10 in aerosol,pm10,,,0.000,53.586340 -0.636811,,
DUP000299,json,sos,2075,2229,Scunthorpe Town,,,Scunthorpe Town-Benzoin bfluoranthene in PM10 in aerosol,pm10,,,0.000,53.586340 -0.636811,,
DUP000299,json,sos,2077,2224,Scunthorpe Town,,,Scunthorpe Town-Benzoin cphenanthrene in PM10 in aerosol,pm10,,,0.000,53.586340 -0.636811,,
DUP000299,json,sos,2078,2232,Scunthorpe Town,,,Scunthorpe Town-Benzoin epyrene in PM10 in aerosol,pm10,,,0.000,53.586340 -0.636811,,
DUP000299,json,sos,2079,2238,Scunthorpe Town,,,Scunthorpe Town-Benzoin ghiperylene in PM10 in aerosol,pm10,,,0.000,53.586340 -0.636811,,
DUP000299,json,sos,2080,2231,Scunthorpe Town,,,Scunthorpe Town-Benzoin jfluoranthene in PM10 in aerosol,pm10,,,0.000,53.586340 -0.636811,,
DUP000299,json,sos,2081,2230,Scunthorpe Town,,,Scunthorpe Town-Benzoin kfluoranthene in PM10 in aerosol,pm10,,,0.000,53.586340 -0.636811,,
DUP000299,json,sos,2082,2227,Scunthorpe Town,,,Scunthorpe Town-Chrysene in PM10 in aerosol,pm10,,,0.000,53.586340 -0.636811,,
DUP000299,json,sos,2083,2242,Scunthorpe Town,,,Scunthorpe Town-Coronene in PM10 in aerosol,pm10,,,0.000,53.586340 -0.636811,,
DUP000299,json,sos,2085,2236,Scunthorpe Town,,,Scunthorpe Town-Dibenzoin acanthracene in PM10 in aerosol,pm10,,,0.000,53.586340 -0.636811,,
DUP000299,json,sos,2086,2241,Scunthorpe Town,,,Scunthorpe Town-Dibenzoin aepyrene in PM10 in aerosol,pm10,,,0.000,53.586340 -0.636811,,
DUP000299,json,sos,2087,2237,Scunthorpe Town,,,Scunthorpe Town-Dibenzoin ahanthracene in PM10 in aerosol,pm10,,,0.000,53.586340 -0.636811,,
DUP000299,json,sos,2088,2244,Scunthorpe Town,,,Scunthorpe Town-Dibenzoin ahpyrene in PM10 in aerosol,pm10,,,0.000,53.586340 -0.636811,,
DUP000299,json,sos,2089,2243,Scunthorpe Town,,,Scunthorpe Town-Dibenzoin aipyrene in PM10 in aerosol,pm10,,,0.000,53.586340 -0.636811,,
DUP000299,json,sos,2090,2240,Scunthorpe Town,,,Scunthorpe Town-Dibenzoin alpyrene in PM10 in aerosol,pm10,,,0.000,53.586340 -0.636811,,
DUP000299,json,sos,2091,2235,Scunthorpe Town,,,Scunthorpe Town-indeno_123cd_pyrene in PM10 in aerosol,pm10,,,0.000,53.586340 -0.636811,,
DUP000299,json,sos,2098,2234,Scunthorpe Town,,,Scunthorpe Town-Perylene in PM10 in aerosol,pm10,,,0.000,53.586340 -0.636811,,
DUP000299,json,sos,2100,785355,Scunthorpe Town,,,Scunthorpe Town-Volatile PM10,pm10,,,0.000,53.586340 -0.636811,,
DUP000299,json,sos,2096,1109,Scunthorpe Town,50,439,"http://dd.eionet.europa.eu/vocabulary/aq/pollutant/5 1109 - Scunthorpe Town-Particulate matter less than 10 micro m (aerosol), Scunthorpe Town-Particulate matter less than 10 micro m (aerosol)",pm10,,,0.000,53.586340 -0.636811,,
DUP000299,json,sos,7398,7144,Scunthorpe Town,83,2296,"http://dd.eionet.europa.eu/vocabulary/aq/pollutant/5 7144 - Scunthorpe Town-Particulate matter less than 10 micro m (aerosol), Scunthorpe Town-Particulate matter less than 10 micro m (aerosol)",pm10,-99,2026-02-19 20:00:00+00,0.000,53.586340 -0.636811,,
DUP000299,json,sos,2070,2228,Scunthorpe Town-5,,,Scunthorpe Town-5-Methyl Chrysene in PM10 in aerosol,pm10,,,0.000,53.586340 -0.636811,,
DUP000299,json,sos,2076,2223,Scunthorpe Town-Benzoin bnaphthoin 2,,,"Scunthorpe Town-Benzoin bnaphthoin 2,1-dthiophene in PM10 in aerosol",pm10,,,0.000,53.586340 -0.636811,,
DUP000299,json,sos,2084,2226,Scunthorpe Town-Cyclopentain c,,,"Scunthorpe Town-Cyclopentain c,dpyrene in PM10 in aerosol",pm10,,,0.000,53.586340 -0.636811,,
DUP000299,json,sos,2095,785354,Scunthorpe Town-Non,,,Scunthorpe Town-Non-volatile PM10,pm10,,,0.000,53.586340 -0.636811,,
DUP000300,aurn,aurn_register,,UKA00406,Wirral Tranmere,,,,pm10,,,0,53.372870 -3.022722,UKA00406,Automatic Urban and Rural Monitoring Network (AURN)
DUP000300,json,openaq,16505,2533,EEA Wirral Tranmere - UKA00406,1838,28999,2533 PM10,pm10,14,2026-02-19 21:00:00+00,0.000,53.372870 -3.022722,,
DUP000300,json,sos,7434,7576,Wirral Tranmere,125,4788,"http://dd.eionet.europa.eu/vocabulary/aq/pollutant/5 7576 - Wirral Tranmere-Particulate matter less than 10 micro m (aerosol), Wirral Tranmere-Particulate matter less than 10 micro m (aerosol)",pm10,-99,2026-02-19 21:00:00+00,0.000,53.372870 -3.022722,,
DUP000301,aurn,aurn_register,,UKA00408,Preston,,,,pm10,,,0,53.765590 -2.680353,UKA00408,Automatic Urban and Rural Monitoring Network (AURN); PAH Digitel (solid phase)
DUP000301,json,openaq,16499,2517,EEA Preston - UKA00408,1810,28470,2517 PM10,pm10,20,2026-02-19 21:00:00+00,0.000,53.765590 -2.680353,,
DUP000301,json,sos,7428,7553,Preston,119,4786,"http://dd.eionet.europa.eu/vocabulary/aq/pollutant/5 7553 - Preston-Particulate matter less than 10 micro m (aerosol), Preston-Particulate matter less than 10 micro m (aerosol)",pm10,26.4,2026-02-19 21:00:00+00,0.000,53.765590 -2.680353,,
DUP000302,aurn,aurn_register,,UKA00409,Southend-on-Sea,,,,pm10,,,0,51.544166 0.678331,UKA00409,Automatic Urban and Rural Monitoring Network (AURN)
DUP000302,json,openaq,16504,2530,EEA Southend-on-Sea - UKA00409,1834,29969,2530 PM10,pm10,9,2026-02-19 21:00:00+00,6.938,51.544206 0.678408,,
DUP000302,json,sos,7430,7563,Southend-on-Sea,121,4789,"http://dd.eionet.europa.eu/vocabulary/aq/pollutant/5 7563 - Southend-on-Sea-Particulate matter less than 10 micro m (aerosol), Southend-on-Sea-Particulate matter less than 10 micro m (aerosol)",pm10,10.6,2026-02-19 21:00:00+00,0.000,51.544166 0.678331,,
DUP000303,aurn,aurn_register,,UKA00420,Grangemouth,,,,pm10,,,0,56.010319 -3.704399,UKA00420,Automatic Urban and Rural Monitoring Network (AURN); Non-Automatic Hydrocarbon Network
DUP000303,json,openaq,16443,2356,DEFRA Grangemouth,1638,5079274,2356 PM10,pm10,24,2026-02-19 21:00:00+00,0.000,56.010319 -3.704399,,
DUP000303,json,sos,918,785333,Grangemouth,,,Grangemouth-Volatile PM10,pm10,,,0.000,56.010319 -3.704399,,
DUP000303,json,sos,915,907,Grangemouth,179,222,"http://dd.eionet.europa.eu/vocabulary/aq/pollutant/5 907 - Grangemouth-Particulate matter less than 10 micro m (aerosol), Grangemouth-Particulate matter less than 10 micro m (aerosol)",pm10,,,0.000,56.010319 -3.704399,,
DUP000303,json,sos,7399,7145,Grangemouth,84,2082,"http://dd.eionet.europa.eu/vocabulary/aq/pollutant/5 7145 - Grangemouth-Particulate matter less than 10 micro m (aerosol), Grangemouth-Particulate matter less than 10 micro m (aerosol)",pm10,20.29,2026-02-19 21:00:00+00,0.000,56.010319 -3.704399,,
DUP000303,json,sos,913,785332,Grangemouth-Non,,,Grangemouth-Non-volatile PM10,pm10,,,0.000,56.010319 -3.704399,,
DUP000304,aurn,aurn_register,,UKA00421,Portsmouth,,,,pm10,,,0,50.828810 -1.068583,UKA00421,Automatic Urban and Rural Monitoring Network (AURN); PAH Digitel (solid phase)
DUP000304,json,openaq,16502,2526,EEA Portsmouth - UKA00421,1824,5015,2526 PM10,pm10,8,2026-02-19 21:00:00+00,0.000,50.828810 -1.068583,,
DUP000304,json,sos,7427,7551,Portsmouth,118,2267,"http://dd.eionet.europa.eu/vocabulary/aq/pollutant/5 7551 - Portsmouth-Particulate matter less than 10 micro m (aerosol), Portsmouth-Particulate matter less than 10 micro m (aerosol)",pm10,9.9,2026-02-19 20:00:00+00,0.000,50.828810 -1.068583,,
DUP000304,json,sos,1903,1088,Portsmouth,37,410,"http://dd.eionet.europa.eu/vocabulary/aq/pollutant/5 1088 - Portsmouth-Particulate matter less than 10 micro m (aerosol), Portsmouth-Particulate matter less than 10 micro m (aerosol)",pm10,,,0.000,50.828810 -1.068583,,
DUP000305,aurn,aurn_register,,UKA00433,Weybourne,,,,pm10,,,0,52.950490 1.122017,UKA00433,Automatic Urban and Rural Monitoring Network (AURN); Ozone / UV; TOMPs
DUP000305,json,openaq,16435,2333,EEA Weybourne - UKA00433,1614,2609233,2333 PM10,pm10,26,2026-02-19 21:00:00+00,0.000,52.950490 1.122017,,
DUP000305,json,sos,7348,10534,Weybourne,7,5022,"http://dd.eionet.europa.eu/vocabulary/aq/pollutant/5 10534 - Weybourne-Particulate matter less than 10 micro m (aerosol), Weybourne-Particulate matter less than 10 micro m (aerosol)",pm10,30.2,2026-02-19 19:00:00+00,0.000,52.950490 1.122017,,
DUP000306,aurn,aurn_register,,UKA00434,Inverness,,,,pm10,,,0,57.481308 -4.241451,UKA00434,Automatic Urban and Rural Monitoring Network (AURN)
DUP000306,json,openaq,16410,968,DEFRA Inverness,1556,5079236,968 PM10,pm10,25,2026-02-19 21:00:00+00,0.000,57.481308 -4.241451,,
DUP000306,json,sos,1186,950,Inverness,,,Inverness-PM10 in aerosol,pm10,,,0.000,57.481308 -4.241451,,
DUP000306,json,sos,7389,7091,Inverness,73,4714,"http://dd.eionet.europa.eu/vocabulary/aq/pollutant/5 7091 - Inverness-Particulate matter less than 10 micro m (aerosol), Inverness-Particulate matter less than 10 micro m (aerosol)",pm10,8.4,2026-02-19 20:00:00+00,0.000,57.481308 -4.241451,,
DUP000307,aurn,aurn_register,,UKA00440,Wrexham,,,,pm10,,,0,53.042282 -3.002829,UKA00440,Automatic Urban and Rural Monitoring Network (AURN)
DUP000307,json,openaq,16474,2442,EEA Wrexham - UKA00440,1721,29843,2442 PM10,pm10,14,2026-02-19 21:00:00+00,7.691,53.042220 -3.002778,,
DUP000307,json,sos,2409,1181,Wrexham,,,Wrexham-PM10 in aerosol,pm10,,,7.691,53.042220 -3.002778,,
DUP000307,json,sos,2406,786084,Wrexham,74,4715,"http://dd.eionet.europa.eu/vocabulary/aq/pollutant/5 7103 - Wrexham-Particulate matter less than 10 micro m (aerosol), Wrexham-Particulate matter less than 10 micro m (aerosol)",pm10,11.1,2026-02-19 20:00:00+00,0.000,53.042282 -3.002829,,
DUP000308,aurn,aurn_register,,UKA00445,St Osyth,,,,pm10,,,0,51.777874 1.049010,UKA00445,Automatic Urban and Rural Monitoring Network (AURN); Black Carbon
DUP000308,json,openaq,16417,1795,EEA St Osyth - UKA00445,1569,1732640,1795 PM10,pm10,10,2026-02-19 21:00:00+00,11.875,51.777980 1.049031,,
DUP000308,json,sos,7466,8782,St Osyth,170,4909,"http://dd.eionet.europa.eu/vocabulary/aq/pollutant/5 8782 - St Osyth-Particulate matter less than 10 micro m (aerosol), St Osyth-Particulate matter less than 10 micro m (aerosol)",pm10,11.1,2026-02-19 21:00:00+00,0.000,51.777874 1.049010,,
DUP000309,aurn,aurn_register,,UKA00450,Hull Freetown,,,,pm10,,,0,53.748780 -0.341222,UKA00450,Automatic Urban and Rural Monitoring Network (AURN)
DUP000309,json,openaq,16494,2509,EEA Hull Freetown - UKA00450,1791,30530,2509 PM10,pm10,33,2026-02-19 21:00:00+00,0.000,53.748780 -0.341222,,
DUP000309,json,sos,7422,7535,Hull Freetown,112,594,"http://dd.eionet.europa.eu/vocabulary/aq/pollutant/5 7535 - Hull Freetown-Particulate matter less than 10 micro m (aerosol), Hull Freetown-Particulate matter less than 10 micro m (aerosol)",pm10,30,2026-02-19 20:00:00+00,0.000,53.748780 -0.341222,,
DUP000310,aurn,aurn_register,,UKA00451,Auchencorth Moss,,,,pm10,,,0,55.792160 -3.242900,UKA00451,Automatic Hydrocarbon Network; Automatic Urban and Rural Monitoring Network (AURN); Black Carbon; Heavy Metals; PAH Deposition; PAH Digitel (solid phase); Particle Size Composition; Rural Automatic Mercury network; TOMPs; UKEAP: Acid Gases & Aerosol Network; UKEAP: MARGA Network; UKEAP: National Ammonia Monitoring Network; UKEAP: Precip-Net; UKEAP: Precip-Net; UKEAP: Rural NO2
DUP000310,json,openaq,16511,2550,DEFRA Auchencorth Moss,1859,5148,2550 PM10,pm10,16,2026-02-19 21:00:00+00,0.000,55.792160 -3.242900,,
DUP000310,json,sos,101,1584,Auchencorth Moss,,,Auchencorth Moss-Chrysene in PM10 in aerosol,pm10,,,0.000,55.792160 -3.242900,,
DUP000310,json,sos,105,1599,Auchencorth Moss,,,Auchencorth Moss-Coronene in PM10 in aerosol,pm10,,,0.000,55.792160 -3.242900,,
DUP000310,json,sos,111,1593,Auchencorth Moss,,,Auchencorth Moss-Dibenzoin acanthracene in PM10 in aerosol,pm10,,,0.000,55.792160 -3.242900,,
DUP000310,json,sos,112,2345,Auchencorth Moss,,,Auchencorth Moss-Dibenzoin acanthracene in PM10 in air+aerosol,pm10,,,0.000,55.792160 -3.242900,,
DUP000310,json,sos,114,1598,Auchencorth Moss,,,Auchencorth Moss-Dibenzoin aepyrene in PM10 in aerosol,pm10,,,0.000,55.792160 -3.242900,,
DUP000310,json,sos,116,1594,Auchencorth Moss,,,Auchencorth Moss-Dibenzoin ahanthracene in PM10 in aerosol,pm10,,,0.000,55.792160 -3.242900,,
DUP000310,json,sos,117,2346,Auchencorth Moss,,,Auchencorth Moss-Dibenzoin ahanthracene in PM10 in air+aerosol,pm10,,,0.000,55.792160 -3.242900,,
DUP000310,json,sos,119,1601,Auchencorth Moss,,,Auchencorth Moss-Dibenzoin ahpyrene in PM10 in aerosol,pm10,,,0.000,55.792160 -3.242900,,
DUP000310,json,sos,122,1600,Auchencorth Moss,,,Auchencorth Moss-Dibenzoin aipyrene in PM10 in aerosol,pm10,,,0.000,55.792160 -3.242900,,
DUP000310,json,sos,124,1597,Auchencorth Moss,,,Auchencorth Moss-Dibenzoin alpyrene in PM10 in aerosol,pm10,,,0.000,55.792160 -3.242900,,
DUP000310,json,sos,125,2349,Auchencorth Moss,,,Auchencorth Moss-Dibenzoin alpyrene in PM10 in air+aerosol,pm10,,,0.000,55.792160 -3.242900,,
DUP000310,json,sos,139,1592,Auchencorth Moss,,,Auchencorth Moss-indeno_123cd_pyrene in PM10 in aerosol,pm10,,,0.000,55.792160 -3.242900,,
DUP000310,json,sos,140,2344,Auchencorth Moss,,,Auchencorth Moss-indeno_123cd_pyrene in PM10 in air+aerosol,pm10,,,0.000,55.792160 -3.242900,,
DUP000310,json,sos,145,3018,Auchencorth Moss,,,Auchencorth Moss-Lead in PM10 in aerosol,pm10,,,0.000,55.792160 -3.242900,,
DUP000310,json,sos,160,3017,Auchencorth Moss,,,Auchencorth Moss-Nickel in PM10 in aerosol,pm10,,,0.000,55.792160 -3.242900,,
DUP000310,json,sos,174,1591,Auchencorth Moss,,,Auchencorth Moss-Perylene in PM10 in aerosol,pm10,,,0.000,55.792160 -3.242900,,
DUP000310,json,sos,178,2675,Auchencorth Moss,,,Auchencorth Moss-PM10 in aerosol,pm10,,,0.000,55.792160 -3.242900,,
DUP000310,json,sos,192,785187,Auchencorth Moss,,,Auchencorth Moss-Volatile PM10,pm10,,,0.000,55.792160 -3.242900,,
DUP000310,json,sos,58,1596,Auchencorth Moss,,,Auchencorth Moss-Anthanthrene in PM10 in aerosol,pm10,,,0.000,55.792160 -3.242900,,
DUP000310,json,sos,62,3015,Auchencorth Moss,,,Auchencorth Moss-Arsenic in PM10 in aerosol,pm10,,,0.000,55.792160 -3.242900,,
DUP000310,json,sos,65,1582,Auchencorth Moss,,,Auchencorth Moss-Benzoin aanthracene in PM10 in aerosol,pm10,,,0.000,55.792160 -3.242900,,
DUP000310,json,sos,66,2334,Auchencorth Moss,,,Auchencorth Moss-Benzoin aanthracene in PM10 in air+aerosol,pm10,,,0.000,55.792160 -3.242900,,
DUP000310,json,sos,68,1590,Auchencorth Moss,,,Auchencorth Moss-Benzoin apyrene in PM10 in aerosol,pm10,,,0.000,55.792160 -3.242900,,
DUP000310,json,sos,69,2342,Auchencorth Moss,,,Auchencorth Moss-Benzoin apyrene in PM10 in air+aerosol,pm10,,,0.000,55.792160 -3.242900,,
DUP000310,json,sos,72,1586,Auchencorth Moss,,,Auchencorth Moss-Benzoin bfluoranthene in PM10 in aerosol,pm10,,,0.000,55.792160 -3.242900,,
DUP000310,json,sos,73,2338,Auchencorth Moss,,,Auchencorth Moss-Benzoin bfluoranthene in PM10 in air+aerosol,pm10,,,0.000,55.792160 -3.242900,,
DUP000310,json,sos,77,1581,Auchencorth Moss,,,Auchencorth Moss-Benzoin cphenanthrene in PM10 in aerosol,pm10,,,0.000,55.792160 -3.242900,,
DUP000310,json,sos,78,2333,Auchencorth Moss,,,Auchencorth Moss-Benzoin cphenanthrene in PM10 in air+aerosol,pm10,,,0.000,55.792160 -3.242900,,
DUP000310,json,sos,81,1589,Auchencorth Moss,,,Auchencorth Moss-Benzoin epyrene in PM10 in aerosol,pm10,,,0.000,55.792160 -3.242900,,
DUP000310,json,sos,84,1595,Auchencorth Moss,,,Auchencorth Moss-Benzoin ghiperylene in PM10 in aerosol,pm10,,,0.000,55.792160 -3.242900,,
DUP000310,json,sos,86,1588,Auchencorth Moss,,,Auchencorth Moss-Benzoin jfluoranthene in PM10 in aerosol,pm10,,,0.000,55.792160 -3.242900,,
DUP000310,json,sos,87,2340,Auchencorth Moss,,,Auchencorth Moss-Benzoin jfluoranthene in PM10 in air+aerosol,pm10,,,0.000,55.792160 -3.242900,,
DUP000310,json,sos,88,1587,Auchencorth Moss,,,Auchencorth Moss-Benzoin kfluoranthene in PM10 in aerosol,pm10,,,0.000,55.792160 -3.242900,,
DUP000310,json,sos,89,2339,Auchencorth Moss,,,Auchencorth Moss-Benzoin kfluoranthene in PM10 in air+aerosol,pm10,,,0.000,55.792160 -3.242900,,
DUP000310,json,sos,94,3016,Auchencorth Moss,,,Auchencorth Moss-Cadmium in PM10 in aerosol,pm10,,,0.000,55.792160 -3.242900,,
DUP000310,json,sos,98,1602,Auchencorth Moss,,,Auchencorth Moss-Cholanthrene in PM10 in aerosol,pm10,,,0.000,55.792160 -3.242900,,
DUP000310,json,sos,170,2678,Auchencorth Moss,60,23,"http://dd.eionet.europa.eu/vocabulary/aq/pollutant/5 2678 - Auchencorth Moss-Particulate matter less than 10 micro m (aerosol), Auchencorth Moss-Particulate matter less than 10 micro m (aerosol)",pm10,,,0.000,55.792160 -3.242900,,
DUP000310,json,sos,7403,7167,Auchencorth Moss,89,1906,"http://dd.eionet.europa.eu/vocabulary/aq/pollutant/5 7167 - Auchencorth Moss-Particulate matter less than 10 micro m (aerosol), Auchencorth Moss-Particulate matter less than 10 micro m (aerosol)",pm10,11.1,2026-02-19 21:00:00+00,0.000,55.792160 -3.242900,,
DUP000310,json,sos,37,2325,Auchencorth Moss-1,,,Auchencorth Moss-1-Methyl anthracene in PM10 in air+aerosol,pm10,,,0.000,55.792160 -3.242900,,
DUP000310,json,sos,45,2327,Auchencorth Moss-4.5,,,Auchencorth Moss-4.5-Methylene phenanthrene in PM10 in air+aerosol,pm10,,,0.000,55.792160 -3.242900,,
DUP000310,json,sos,47,1585,Auchencorth Moss-5,,,Auchencorth Moss-5-Methyl Chrysene in PM10 in aerosol,pm10,,,0.000,55.792160 -3.242900,,
DUP000310,json,sos,48,2337,Auchencorth Moss-5,,,Auchencorth Moss-5-Methyl Chrysene in PM10 in air+aerosol,pm10,,,0.000,55.792160 -3.242900,,
DUP000310,json,sos,50,2328,Auchencorth Moss-9,,,Auchencorth Moss-9-Methyl anthracene in PM10 in air+aerosol,pm10,,,0.000,55.792160 -3.242900,,
DUP000310,json,sos,74,1580,Auchencorth Moss-Benzoin bnaphthoin 2,,,"Auchencorth Moss-Benzoin bnaphthoin 2,1-dthiophene in PM10 in aerosol",pm10,,,0.000,55.792160 -3.242900,,
DUP000310,json,sos,75,2332,Auchencorth Moss-Benzoin bnaphthoin 2,,,"Auchencorth Moss-Benzoin bnaphthoin 2,1-dthiophene in PM10 in air+aerosol",pm10,,,0.000,55.792160 -3.242900,,
DUP000310,json,sos,108,1583,Auchencorth Moss-Cyclopentain c,,,"Auchencorth Moss-Cyclopentain c,dpyrene in PM10 in aerosol",pm10,,,0.000,55.792160 -3.242900,,
DUP000310,json,sos,164,785186,Auchencorth Moss-Non,,,Auchencorth Moss-Non-volatile PM10,pm10,,,0.000,55.792160 -3.242900,,
DUP000311,aurn,aurn_register,,UKA00454,Edinburgh St Leonards,,,,pm10,,,0,55.945589 -3.182186,UKA00454,Automatic Urban and Rural Monitoring Network (AURN); PAH Digitel (solid phase)
DUP000311,json,openaq,16409,955,DEFRA Edinburgh St Leonards,1552,5247,955 PM10,pm10,23,2026-02-19 21:00:00+00,0.000,55.945589 -3.182186,,
DUP000311,json,sos,790,1757,Edinburgh St Leonards,,,Edinburgh St Leonards-Anthanthrene in PM10 in aerosol,pm10,,,0.000,55.945589 -3.182186,,
DUP000311,json,sos,791,1743,Edinburgh St Leonards,,,Edinburgh St Leonards-Benzoin aanthracene in PM10 in aerosol,pm10,,,0.000,55.945589 -3.182186,,
DUP000311,json,sos,792,1751,Edinburgh St Leonards,,,Edinburgh St Leonards-Benzoin apyrene in PM10 in aerosol,pm10,,,0.000,55.945589 -3.182186,,
DUP000311,json,sos,793,1747,Edinburgh St Leonards,,,Edinburgh St Leonards-Benzoin bfluoranthene in PM10 in aerosol,pm10,,,0.000,55.945589 -3.182186,,
DUP000311,json,sos,795,1742,Edinburgh St Leonards,,,Edinburgh St Leonards-Benzoin cphenanthrene in PM10 in aerosol,pm10,,,0.000,55.945589 -3.182186,,
DUP000311,json,sos,796,1750,Edinburgh St Leonards,,,Edinburgh St Leonards-Benzoin epyrene in PM10 in aerosol,pm10,,,0.000,55.945589 -3.182186,,
DUP000311,json,sos,797,1756,Edinburgh St Leonards,,,Edinburgh St Leonards-Benzoin ghiperylene in PM10 in aerosol,pm10,,,0.000,55.945589 -3.182186,,
DUP000311,json,sos,798,1749,Edinburgh St Leonards,,,Edinburgh St Leonards-Benzoin jfluoranthene in PM10 in aerosol,pm10,,,0.000,55.945589 -3.182186,,
DUP000311,json,sos,799,1748,Edinburgh St Leonards,,,Edinburgh St Leonards-Benzoin kfluoranthene in PM10 in aerosol,pm10,,,0.000,55.945589 -3.182186,,
DUP000311,json,sos,801,1745,Edinburgh St Leonards,,,Edinburgh St Leonards-Chrysene in PM10 in aerosol,pm10,,,0.000,55.945589 -3.182186,,
DUP000311,json,sos,802,1760,Edinburgh St Leonards,,,Edinburgh St Leonards-Coronene in PM10 in aerosol,pm10,,,0.000,55.945589 -3.182186,,
DUP000311,json,sos,804,1754,Edinburgh St Leonards,,,Edinburgh St Leonards-Dibenzoin acanthracene in PM10 in aerosol,pm10,,,0.000,55.945589 -3.182186,,
DUP000311,json,sos,805,1759,Edinburgh St Leonards,,,Edinburgh St Leonards-Dibenzoin aepyrene in PM10 in aerosol,pm10,,,0.000,55.945589 -3.182186,,
DUP000311,json,sos,806,1755,Edinburgh St Leonards,,,Edinburgh St Leonards-Dibenzoin ahanthracene in PM10 in aerosol,pm10,,,0.000,55.945589 -3.182186,,
DUP000311,json,sos,807,1762,Edinburgh St Leonards,,,Edinburgh St Leonards-Dibenzoin ahpyrene in PM10 in aerosol,pm10,,,0.000,55.945589 -3.182186,,
DUP000311,json,sos,808,1761,Edinburgh St Leonards,,,Edinburgh St Leonards-Dibenzoin aipyrene in PM10 in aerosol,pm10,,,0.000,55.945589 -3.182186,,
DUP000311,json,sos,809,1758,Edinburgh St Leonards,,,Edinburgh St Leonards-Dibenzoin alpyrene in PM10 in aerosol,pm10,,,0.000,55.945589 -3.182186,,
DUP000311,json,sos,810,1753,Edinburgh St Leonards,,,Edinburgh St Leonards-indeno_123cd_pyrene in PM10 in aerosol,pm10,,,0.000,55.945589 -3.182186,,
DUP000311,json,sos,819,1752,Edinburgh St Leonards,,,Edinburgh St Leonards-Perylene in PM10 in aerosol,pm10,,,0.000,55.945589 -3.182186,,
DUP000311,json,sos,821,785183,Edinburgh St Leonards,,,Edinburgh St Leonards-Volatile PM10,pm10,,,0.000,55.945589 -3.182186,,
DUP000311,json,sos,7421,7528,Edinburgh St Leonards,111,2052,"http://dd.eionet.europa.eu/vocabulary/aq/pollutant/5 7528 - Edinburgh St Leonards-Particulate matter less than 10 micro m (aerosol), Edinburgh St Leonards-Particulate matter less than 10 micro m (aerosol)",pm10,17.2,2026-02-19 21:00:00+00,0.000,55.945589 -3.182186,,
DUP000311,json,sos,817,882,Edinburgh St Leonards,173,192,"http://dd.eionet.europa.eu/vocabulary/aq/pollutant/5 882 - Edinburgh St Leonards-Particulate matter less than 10 micro m (aerosol), Edinburgh St Leonards-Particulate matter less than 10 micro m (aerosol)",pm10,,,0.000,55.945589 -3.182186,,
DUP000311,json,sos,789,1746,Edinburgh St Leonards-5,,,Edinburgh St Leonards-5-Methyl Chrysene in PM10 in aerosol,pm10,,,0.000,55.945589 -3.182186,,
DUP000311,json,sos,794,1741,Edinburgh St Leonards-Benzoin bnaphthoin 2,,,"Edinburgh St Leonards-Benzoin bnaphthoin 2,1-dthiophene in PM10 in aerosol",pm10,,,0.000,55.945589 -3.182186,,
DUP000311,json,sos,803,1744,Edinburgh St Leonards-Cyclopentain c,,,"Edinburgh St Leonards-Cyclopentain c,dpyrene in PM10 in aerosol",pm10,,,0.000,55.945589 -3.182186,,
DUP000311,json,sos,814,785182,Edinburgh St Leonards-Non,,,Edinburgh St Leonards-Non-volatile PM10,pm10,,,0.000,55.945589 -3.182186,,
DUP000312,aurn,aurn_register,,UKA00462,Reading New Town,,,,pm10,,,0,51.453090 -0.944067,UKA00462,Automatic Urban and Rural Monitoring Network (AURN)
DUP000312,json,openaq,16484,2479,DEFRA Reading New Town,1751,5307,2479 PM10,pm10,9,2026-02-19 21:00:00+00,0.000,51.453090 -0.944067,,
DUP000312,json,openaq,16753,225778,LAQN Reading - New Town,2611,1304624,225778 PM10,pm10,,,29.693,51.452985 -0.944461,,
DUP000312,json,sos,1959,785180,Reading New Town,,,Reading New Town-Volatile PM10,pm10,,,0.000,51.453090 -0.944067,,
DUP000312,json,sos,7351,10547,Reading New Town,10,2283,"http://dd.eionet.europa.eu/vocabulary/aq/pollutant/5 10547 - Reading New Town-Particulate matter less than 10 micro m (aerosol), Reading New Town-Particulate matter less than 10 micro m (aerosol)",pm10,13.6,2026-02-19 21:00:00+00,0.000,51.453090 -0.944067,,
DUP000312,json,sos,1957,1106,Reading New Town,48,426,"http://dd.eionet.europa.eu/vocabulary/aq/pollutant/5 1106 - Reading New Town-Particulate matter less than 10 micro m (aerosol), Reading New Town-Particulate matter less than 10 micro m (aerosol)",pm10,,,0.000,51.453090 -0.944067,,
DUP000312,json,sos,1954,785175,Reading New Town-Non,,,Reading New Town-Non-volatile PM10,pm10,,,0.000,51.453090 -0.944067,,
DUP000313,aurn,aurn_register,,UKA00472,London Harlington,,,,pm10,,,0,51.488790 -0.441614,UKA00472,Automatic Urban and Rural Monitoring Network (AURN)
DUP000313,json,openaq,16373,141,EEA London Harlington - UKA00472,1418,217,141 PM10,pm10,8,2026-02-19 21:00:00+00,0.000,51.488790 -0.441614,,
DUP000313,json,sos,1486,785301,London Harlington,,,London Harlington-Volatile PM10,pm10,,,0.000,51.488790 -0.441614,,
DUP000313,json,sos,7386,7038,London Harlington,70,2118,"http://dd.eionet.europa.eu/vocabulary/aq/pollutant/5 7038 - London Harlington-Particulate matter less than 10 micro m (aerosol), London Harlington-Particulate matter less than 10 micro m (aerosol)",pm10,14.22,2026-02-19 21:00:00+00,0.000,51.488790 -0.441614,,
DUP000313,json,sos,1479,785300,London Harlington-Non,,,London Harlington-Non-volatile PM10,pm10,,,0.000,51.488790 -0.441614,,
DUP000314,aurn,aurn_register,,UKA00482,Wigan Centre,,,,pm10,,,0,53.549140 -2.638139,UKA00482,Automatic Urban and Rural Monitoring Network (AURN)
DUP000314,json,openaq,16422,2293,EEA Wigan Centre - UKA00482,1585,27979,2293 PM10,pm10,17,2026-02-19 21:00:00+00,0.000,53.549140 -2.638139,,
DUP000314,json,sos,7433,7573,Wigan Centre,124,4787,"http://dd.eionet.europa.eu/vocabulary/aq/pollutant/5 7573 - Wigan Centre-Particulate matter less than 10 micro m (aerosol), Wigan Centre-Particulate matter less than 10 micro m (aerosol)",pm10,26,2026-02-19 19:00:00+00,0.000,53.549140 -2.638139,,
DUP000315,aurn,aurn_register,,UKA00483,Brighton Preston Park,,,,pm10,,,0,50.840836 -0.147572,UKA00483,Automatic Urban and Rural Monitoring Network (AURN)
DUP000315,json,openaq,16444,2360,EEA Brighton Preston Park - UKA00483,1643,10488785,2360 PM10,pm10,8,2026-02-19 21:00:00+00,0.000,50.840836 -0.147572,,
DUP000315,json,sos,7352,10620,Brighton Preston Park,13,5215,"http://dd.eionet.europa.eu/vocabulary/aq/pollutant/5 10620 - Brighton Preston Park-Particulate matter less than 10 micro m (aerosol), Brighton Preston Park-Particulate matter less than 10 micro m (aerosol)",pm10,10.1,2026-02-19 20:00:00+00,0.000,50.840836 -0.147572,,
DUP000316,aurn,aurn_register,,UKA00484,Sunderland Silksworth,,,,pm10,,,0,54.883610 -1.406878,UKA00484,Automatic Urban and Rural Monitoring Network (AURN)
DUP000316,json,openaq,16519,2578,EEA Sunderland Silksworth - UKA00484,1888,5079316,2578 PM10,pm10,26,2026-02-19 21:00:00+00,0.000,54.883610 -1.406878,,
DUP000316,json,sos,7431,7567,Sunderland Silksworth,122,4800,"http://dd.eionet.europa.eu/vocabulary/aq/pollutant/5 7567 - Sunderland Silksworth-Particulate matter less than 10 micro m (aerosol), Sunderland Silksworth-Particulate matter less than 10 micro m (aerosol)",pm10,21.4,2026-02-19 21:00:00+00,0.000,54.883610 -1.406878,,
DUP000317,aurn,aurn_register,,UKA00488,Blackpool Marton,,,,pm10,,,0,53.804890 -3.007175,UKA00488,Automatic Urban and Rural Monitoring Network (AURN)
DUP000317,json,openaq,16437,2336,DEFRA Blackpool Marton,1619,29745,2336 PM10,pm10,21,2026-02-19 21:00:00+00,0.000,53.804890 -3.007175,,
DUP000317,json,sos,7418,7511,Blackpool Marton,106,4785,"http://dd.eionet.europa.eu/vocabulary/aq/pollutant/5 7511 - Blackpool Marton-Particulate matter less than 10 micro m (aerosol), Blackpool Marton-Particulate matter less than 10 micro m (aerosol)",pm10,17.8,2026-02-19 21:00:00+00,0.000,53.804890 -3.007175,,
DUP000318,aurn,aurn_register,,UKA00494,Bristol St Paul's,,,,pm10,,,0,51.462839 -2.584482,UKA00494,Automatic Urban and Rural Monitoring Network (AURN); PAH Digitel (solid phase)
DUP000318,json,openaq,16397,731,DEFRA Bristol St Paul's,1503,5079228,731 PM10,pm10,10,2026-02-19 21:00:00+00,0.000,51.462839 -2.584482,,
DUP000318,json,sos,443,785167,Bristol St Paul's,,,Bristol St Paul's-Volatile PM10,pm10,,,0.000,51.462839 -2.584482,,
DUP000318,json,sos,7419,7514,Bristol St Paul's,107,1966,"http://dd.eionet.europa.eu/vocabulary/aq/pollutant/5 7514 - Bristol St Paul's-Particulate matter less than 10 micro m (aerosol), Bristol St Paul's-Particulate matter less than 10 micro m (aerosol)",pm10,9.662,2026-02-19 21:00:00+00,0.000,51.462839 -2.584482,,
DUP000318,json,sos,440,796,Bristol St Paul's,140,98,"http://dd.eionet.europa.eu/vocabulary/aq/pollutant/5 796 - Bristol St Paul's-Particulate matter less than 10 micro m (aerosol), Bristol St Paul's-Particulate matter less than 10 micro m (aerosol)",pm10,,,0.000,51.462839 -2.584482,,
DUP000318,json,sos,437,785166,Bristol St Paul's-Non,,,Bristol St Paul's-Non-volatile PM10,pm10,,,0.000,51.462839 -2.584482,,
DUP000319,aurn,aurn_register,,UKA00497,Swansea Roadside,,,,pm10,,,0,51.632696 -3.947374,UKA00497,Automatic Urban and Rural Monitoring Network (AURN)
DUP000319,json,openaq,16518,2577,EEA Swansea Roadside - UKA00497,1884,5288,2577 PM10,pm10,8,2026-02-19 21:00:00+00,0.000,51.632696 -3.947374,,
DUP000319,json,sos,7432,7569,Swansea Roadside,123,2340,"http://dd.eionet.europa.eu/vocabulary/aq/pollutant/5 7569 - Swansea Roadside-Particulate matter less than 10 micro m (aerosol), Swansea Roadside-Particulate matter less than 10 micro m (aerosol)",pm10,18.358,2026-02-19 21:00:00+00,0.000,51.632696 -3.947374,,
DUP000319,json,sos,2311,1155,Swansea Roadside,54,484,"http://dd.eionet.europa.eu/vocabulary/aq/pollutant/5 1155 - Swansea Roadside-Particulate matter less than 10 micro m (aerosol), Swansea Roadside-Particulate matter less than 10 micro m (aerosol)",pm10,,,0.000,51.632696 -3.947374,,
DUP000320,aurn,aurn_register,,UKA00501,Port Talbot Margam,,,,pm10,,,0,51.583950 -3.770822,UKA00501,Automatic Urban and Rural Monitoring Network (AURN); Heavy Metals; Non-Automatic Hydrocarbon Network; PAH Digitel (solid phase)
DUP000320,json,openaq,16408,946,DEFRA Port Talbot Margam,1546,5092,946 PM10,pm10,6,2026-02-19 21:00:00+00,0.000,51.583950 -3.770822,,
DUP000320,json,sos,1907,2147,Port Talbot Margam,,,Port Talbot Margam-Anthanthrene in PM10 in aerosol,pm10,,,0.000,51.583950 -3.770822,,
DUP000320,json,sos,1908,2133,Port Talbot Margam,,,Port Talbot Margam-Benzoin aanthracene in PM10 in aerosol,pm10,,,0.000,51.583950 -3.770822,,
DUP000320,json,sos,1909,2141,Port Talbot Margam,,,Port Talbot Margam-Benzoin apyrene in PM10 in aerosol,pm10,,,0.000,51.583950 -3.770822,,
DUP000320,json,sos,1910,2137,Port Talbot Margam,,,Port Talbot Margam-Benzoin bfluoranthene in PM10 in aerosol,pm10,,,0.000,51.583950 -3.770822,,
DUP000320,json,sos,1912,2132,Port Talbot Margam,,,Port Talbot Margam-Benzoin cphenanthrene in PM10 in aerosol,pm10,,,0.000,51.583950 -3.770822,,
DUP000320,json,sos,1913,2140,Port Talbot Margam,,,Port Talbot Margam-Benzoin epyrene in PM10 in aerosol,pm10,,,0.000,51.583950 -3.770822,,
DUP000320,json,sos,1914,2146,Port Talbot Margam,,,Port Talbot Margam-Benzoin ghiperylene in PM10 in aerosol,pm10,,,0.000,51.583950 -3.770822,,
DUP000320,json,sos,1915,2139,Port Talbot Margam,,,Port Talbot Margam-Benzoin jfluoranthene in PM10 in aerosol,pm10,,,0.000,51.583950 -3.770822,,
DUP000320,json,sos,1916,2138,Port Talbot Margam,,,Port Talbot Margam-Benzoin kfluoranthene in PM10 in aerosol,pm10,,,0.000,51.583950 -3.770822,,
DUP000320,json,sos,1918,2135,Port Talbot Margam,,,Port Talbot Margam-Chrysene in PM10 in aerosol,pm10,,,0.000,51.583950 -3.770822,,
DUP000320,json,sos,1919,2150,Port Talbot Margam,,,Port Talbot Margam-Coronene in PM10 in aerosol,pm10,,,0.000,51.583950 -3.770822,,
DUP000320,json,sos,1921,2144,Port Talbot Margam,,,Port Talbot Margam-Dibenzoin acanthracene in PM10 in aerosol,pm10,,,0.000,51.583950 -3.770822,,
DUP000320,json,sos,1922,2149,Port Talbot Margam,,,Port Talbot Margam-Dibenzoin aepyrene in PM10 in aerosol,pm10,,,0.000,51.583950 -3.770822,,
DUP000320,json,sos,1923,2145,Port Talbot Margam,,,Port Talbot Margam-Dibenzoin ahanthracene in PM10 in aerosol,pm10,,,0.000,51.583950 -3.770822,,
DUP000320,json,sos,1924,2152,Port Talbot Margam,,,Port Talbot Margam-Dibenzoin ahpyrene in PM10 in aerosol,pm10,,,0.000,51.583950 -3.770822,,
DUP000320,json,sos,1925,2151,Port Talbot Margam,,,Port Talbot Margam-Dibenzoin aipyrene in PM10 in aerosol,pm10,,,0.000,51.583950 -3.770822,,
DUP000320,json,sos,1926,2148,Port Talbot Margam,,,Port Talbot Margam-Dibenzoin alpyrene in PM10 in aerosol,pm10,,,0.000,51.583950 -3.770822,,
DUP000320,json,sos,1927,2143,Port Talbot Margam,,,Port Talbot Margam-indeno_123cd_pyrene in PM10 in aerosol,pm10,,,0.000,51.583950 -3.770822,,
DUP000320,json,sos,1936,2142,Port Talbot Margam,,,Port Talbot Margam-Perylene in PM10 in aerosol,pm10,,,0.000,51.583950 -3.770822,,
DUP000320,json,sos,1938,785185,Port Talbot Margam,,,Port Talbot Margam-Volatile PM10,pm10,,,0.000,51.583950 -3.770822,,
DUP000320,json,sos,7451,8135,Port Talbot Margam,147,2277,"http://dd.eionet.europa.eu/vocabulary/aq/pollutant/5 8135 - Port Talbot Margam-Particulate matter less than 10 micro m (aerosol), Port Talbot Margam-Particulate matter less than 10 micro m (aerosol)",pm10,11.594,2026-02-19 21:00:00+00,0.000,51.583950 -3.770822,,
DUP000320,json,sos,1934,1099,Port Talbot Margam,40,420,"http://dd.eionet.europa.eu/vocabulary/aq/pollutant/5 1099 - Port Talbot Margam-Particulate matter less than 10 micro m (aerosol), Port Talbot Margam-Particulate matter less than 10 micro m (aerosol)",pm10,,,0.000,51.583950 -3.770822,,
DUP000320,json,sos,1906,2136,Port Talbot Margam-5,,,Port Talbot Margam-5-Methyl Chrysene in PM10 in aerosol,pm10,,,0.000,51.583950 -3.770822,,
DUP000320,json,sos,1911,2131,Port Talbot Margam-Benzoin bnaphthoin 2,,,"Port Talbot Margam-Benzoin bnaphthoin 2,1-dthiophene in PM10 in aerosol",pm10,,,0.000,51.583950 -3.770822,,
DUP000320,json,sos,1920,2134,Port Talbot Margam-Cyclopentain c,,,"Port Talbot Margam-Cyclopentain c,dpyrene in PM10 in aerosol",pm10,,,0.000,51.583950 -3.770822,,
DUP000320,json,sos,1931,785184,Port Talbot Margam-Non,,,Port Talbot Margam-Non-volatile PM10,pm10,,,0.000,51.583950 -3.770822,,
DUP000321,aurn,aurn_register,,UKA00511,Horley,,,,pm10,,,0,51.165865 -0.167734,UKA00511,Automatic Urban and Rural Monitoring Network (AURN); Particle Concentrations and Numbers Network
DUP000321,json,openaq,16508,2541,DEFRA Horley,1848,1304649,2541 PM10,pm10,8,2026-02-19 21:00:00+00,0.000,51.165865 -0.167734,,
DUP000321,json,sos,7360,10642,Horley,21,5211,"http://dd.eionet.europa.eu/vocabulary/aq/pollutant/5 10642 - Horley-Particulate matter less than 10 micro m (aerosol), Horley-Particulate matter less than 10 micro m (aerosol)",pm10,14.3,2026-02-19 21:00:00+00,0.000,51.165865 -0.167734,,
DUP000322,aurn,aurn_register,,UKA00515,Chepstow A48,,,,pm10,,,0,51.638094 -2.678731,UKA00515,Automatic Urban and Rural Monitoring Network (AURN)
DUP000322,json,openaq,16513,2553,DEFRA Chepstow A48,1866,5159,2553 PM10,pm10,9,2026-02-19 21:00:00+00,0.000,51.638094 -2.678731,,
DUP000322,json,sos,575,785357,Chepstow A48,,,Chepstow A48-Volatile PM10,pm10,,,0.000,51.638094 -2.678731,,
DUP000322,json,sos,573,829,Chepstow A48,149,138,"http://dd.eionet.europa.eu/vocabulary/aq/pollutant/5 829 - Chepstow A48-Particulate matter less than 10 micro m (aerosol), Chepstow A48-Particulate matter less than 10 micro m (aerosol)",pm10,,,0.000,51.638094 -2.678731,,
DUP000322,json,sos,7394,7123,Chepstow A48,79,2005,"http://dd.eionet.europa.eu/vocabulary/aq/pollutant/5 7123 - Chepstow A48-Particulate matter less than 10 micro m (aerosol), Chepstow A48-Particulate matter less than 10 micro m (aerosol)",pm10,18.358,2026-02-19 21:00:00+00,0.000,51.638094 -2.678731,,
DUP000322,json,sos,571,785356,Chepstow A48-Non,,,Chepstow A48-Non-volatile PM10,pm10,,,0.000,51.638094 -2.678731,,
DUP000323,aurn,aurn_register,,UKA00518,Oxford St Ebbes,,,,pm10,,,0,51.744806 -1.260278,UKA00518,Automatic Urban and Rural Monitoring Network (AURN); Non-Automatic Hydrocarbon Network
DUP000323,json,openaq,16482,2469,DEFRA Oxford St Ebbes,1744,5325,2469 PM10,pm10,9,2026-02-19 21:00:00+00,0.000,51.744806 -1.260278,,
DUP000323,json,sos,1873,785289,Oxford St Ebbes,,,Oxford St Ebbes-Volatile PM10,pm10,,,0.000,51.744806 -1.260278,,
DUP000323,json,sos,7426,7549,Oxford St Ebbes,117,2250,"http://dd.eionet.europa.eu/vocabulary/aq/pollutant/5 7549 - Oxford St Ebbes-Particulate matter less than 10 micro m (aerosol), Oxford St Ebbes-Particulate matter less than 10 micro m (aerosol)",pm10,13.9,2026-02-19 21:00:00+00,0.000,51.744806 -1.260278,,
DUP000323,json,sos,1871,1076,Oxford St Ebbes,35,393,"http://dd.eionet.europa.eu/vocabulary/aq/pollutant/5 1076 - Oxford St Ebbes-Particulate matter less than 10 micro m (aerosol), Oxford St Ebbes-Particulate matter less than 10 micro m (aerosol)",pm10,,,0.000,51.744806 -1.260278,,
DUP000323,json,sos,1868,785288,Oxford St Ebbes-Non,,,Oxford St Ebbes-Non-volatile PM10,pm10,,,0.000,51.744806 -1.260278,,
DUP000324,aurn,aurn_register,,UKA00523,York Bootham,,,,pm10,,,0,53.967513 -1.086514,UKA00523,Automatic Urban and Rural Monitoring Network (AURN); Non-Automatic Hydrocarbon Network
DUP000324,json,openaq,16398,742,DEFRA York Bootham,1507,5083,742 PM10,pm10,32,2026-02-19 21:00:00+00,0.000,53.967513 -1.086514,,
DUP000324,json,sos,2441,785303,York Bootham,,,York Bootham-Volatile PM10,pm10,,,0.000,53.967513 -1.086514,,
DUP000324,json,sos,7443,7608,York Bootham,135,2378,"http://dd.eionet.europa.eu/vocabulary/aq/pollutant/5 7608 - York Bootham-Particulate matter less than 10 micro m (aerosol), York Bootham-Particulate matter less than 10 micro m (aerosol)",pm10,27.054,2026-02-19 19:00:00+00,0.000,53.967513 -1.086514,,
DUP000324,json,sos,2439,1185,York Bootham,57,522,"http://dd.eionet.europa.eu/vocabulary/aq/pollutant/5 1185 - York Bootham-Particulate matter less than 10 micro m (aerosol), York Bootham-Particulate matter less than 10 micro m (aerosol)",pm10,,,0.000,53.967513 -1.086514,,
DUP000324,json,sos,2436,785302,York Bootham-Non,,,York Bootham-Non-volatile PM10,pm10,,,0.000,53.967513 -1.086514,,
DUP000325,aurn,aurn_register,,UKA00524,York Fishergate,,,,pm10,,,0,53.951889 -1.075861,UKA00524,Automatic Urban and Rural Monitoring Network (AURN); Non-Automatic Hydrocarbon Network
DUP000325,json,openaq,16509,2544,DEFRA York Fishergate,1851,5089,2544 PM10,pm10,35,2026-02-19 21:00:00+00,0.000,53.951889 -1.075861,,
DUP000325,json,sos,2447,1188,York Fishergate,58,524,"http://dd.eionet.europa.eu/vocabulary/aq/pollutant/5 1188 - York Fishergate-Particulate matter less than 10 micro m (aerosol), York Fishergate-Particulate matter less than 10 micro m (aerosol)",pm10,,,0.000,53.951889 -1.075861,,
DUP000325,json,sos,7396,7131,York Fishergate,81,2380,"http://dd.eionet.europa.eu/vocabulary/aq/pollutant/5 7131 - York Fishergate-Particulate matter less than 10 micro m (aerosol), York Fishergate-Particulate matter less than 10 micro m (aerosol)",pm10,37.682,2026-02-19 21:00:00+00,0.000,53.951889 -1.075861,,
DUP000326,aurn,aurn_register,,UKA00525,Stanford-le-Hope Roadside,,,,pm10,,,0,51.518167 0.439548,UKA00525,Automatic Urban and Rural Monitoring Network (AURN); UK Urban NO2 Network
DUP000326,json,openaq,16489,2489,DEFRA Stanford-le-Hope Roadside,1770,4801,2489 PM10,pm10,24,2026-02-19 18:00:00+00,0.000,51.518167 0.439548,,
DUP000326,json,sos,7412,7500,Stanford-le-Hope Roadside,100,2109,"http://dd.eionet.europa.eu/vocabulary/aq/pollutant/5 7500 - Stanford-le-Hope Roadside-Particulate matter less than 10 micro m (aerosol), GB_SamplingFeature_missingFOI",pm10,-99,2026-02-19 21:00:00+00,0.000,51.518167 0.439548,,
DUP000326,json,sos,2201,926,Stanford-le-Hope Roadside,180,249,"http://dd.eionet.europa.eu/vocabulary/aq/pollutant/5 926 - Stanford-le-Hope Roadside-Particulate matter less than 10 micro m (aerosol), Stanford-le-Hope Roadside-Particulate matter less than 10 micro m (aerosol)",pm10,,,0.000,51.518167 0.439548,,
DUP000327,aurn,aurn_register,,UKA00527,Leeds Headingley Kerbside,,,,pm10,,,0,53.819972 -1.576361,UKA00527,Automatic Urban and Rural Monitoring Network (AURN); UK Urban NO2 Network
DUP000327,json,openaq,16414,1396,DEFRA Leeds Headingley Kerbside,1562,4940,1396 PM10,pm10,29,2026-02-19 21:00:00+00,0.000,53.819972 -1.576361,,
DUP000327,json,sos,7438,7590,Leeds Headingley Kerbside,129,2154,"http://dd.eionet.europa.eu/vocabulary/aq/pollutant/5 7590 - Leeds Headingley Kerbside-Particulate matter less than 10 micro m (aerosol), Leeds Headingley Kerbside-Particulate matter less than 10 micro m (aerosol)",pm10,30.918,2026-02-19 21:00:00+00,0.000,53.819972 -1.576361,,
DUP000327,json,sos,1279,975,Leeds Headingley Kerbside,184,297,"http://dd.eionet.europa.eu/vocabulary/aq/pollutant/5 975 - Leeds Headingley Kerbside-Particulate matter less than 10 micro m (aerosol), Leeds Headingley Kerbside-Particulate matter less than 10 micro m (aerosol)",pm10,,,0.000,53.819972 -1.576361,,
DUP000328,aurn,aurn_register,,UKA00528,Newcastle Cradlewell Roadside,,,,pm10,,,0,54.986405 -1.595362,UKA00528,Automatic Urban and Rural Monitoring Network (AURN); UK Urban NO2 Network
DUP000328,json,openaq,16439,2338,EEA Newcastle Cradlewell Roadside - UKA00528,1627,28295,2338 PM10,pm10,30,2026-02-19 21:00:00+00,0.000,54.986405 -1.595362,,
DUP000328,json,sos,7366,10710,Newcastle Cradlewell Roadside,29,4689,"http://dd.eionet.europa.eu/vocabulary/aq/pollutant/5 10710 - Newcastle Cradlewell Roadside-Particulate matter less than 10 micro m (aerosol), GB_SamplingFeature_missingFOI",pm10,23.7,2026-02-19 21:00:00+00,0.000,54.986405 -1.595362,,
DUP000329,aurn,aurn_register,,UKA00529,Chesterfield Roadside,,,,pm10,,,0,53.231751 -1.456928,UKA00529,Automatic Urban and Rural Monitoring Network (AURN); Non-Automatic Hydrocarbon Network; UK Urban NO2 Network
DUP000329,json,openaq,16406,865,DEFRA Chesterfield Roadside,1536,5143,865 PM10,pm10,17,2026-02-19 21:00:00+00,3.396,53.231722 -1.456944,,
DUP000329,json,sos,599,785335,Chesterfield Roadside,,,Chesterfield Roadside-Volatile PM10,pm10,,,3.396,53.231722 -1.456944,,
DUP000329,json,sos,597,837,Chesterfield Roadside,109,2009,"http://dd.eionet.europa.eu/vocabulary/aq/pollutant/5 7521 - Chesterfield Roadside-Particulate matter less than 10 micro m (aerosol), Chesterfield Roadside-Particulate matter less than 10 micro m (aerosol)",pm10,20.4,2026-02-19 21:00:00+00,0.000,53.231751 -1.456928,,
DUP000329,json,sos,597,837,Chesterfield Roadside,150,143,"http://dd.eionet.europa.eu/vocabulary/aq/pollutant/5 837 - Chesterfield Roadside-Particulate matter less than 10 micro m (aerosol), Chesterfield Roadside-Particulate matter less than 10 micro m (aerosol)",pm10,,,0.000,53.231751 -1.456928,,
DUP000329,json,sos,595,785334,Chesterfield Roadside-Non,,,Chesterfield Roadside-Non-volatile PM10,pm10,,,3.396,53.231722 -1.456944,,
DUP000330,aurn,aurn_register,,UKA00535,Stockton-on-Tees Eaglescliffe,,,,pm10,,,0,54.516667 -1.358547,UKA00535,Automatic Urban and Rural Monitoring Network (AURN); Non-Automatic Hydrocarbon Network
DUP000330,json,openaq,16392,414,EEA Stockton-on-Tees Eaglescliffe - UKA00535,1487,724,414 PM10,pm10,10,2026-02-17 16:00:00+00,0.000,54.516667 -1.358547,,
DUP000330,json,sos,2218,865,Stockton-on-Tees Eaglescliffe,152,175,"http://dd.eionet.europa.eu/vocabulary/aq/pollutant/5 865 - Stockton-on-Tees Eaglescliffe-Particulate matter less than 10 micro m (aerosol), Stockton-on-Tees Eaglescliffe-Particulate matter less than 10 micro m (aerosol)",pm10,-99,2026-02-19 21:00:00+00,0.000,54.516667 -1.358547,,
DUP000331,aurn,aurn_register,,UKA00537,Charlton Mackrell,,,,pm10,,,0,51.056250 -2.683450,UKA00537,Automatic Urban and Rural Monitoring Network (AURN)
DUP000331,json,openaq,16453,2389,EEA Charlton Mackrell - UKA00537,1665,1999689,2389 PM10,pm10,6,2026-02-19 21:00:00+00,0.000,51.056250 -2.683450,,
DUP000331,json,sos,7463,8774,Charlton Mackrell,166,4954,"http://dd.eionet.europa.eu/vocabulary/aq/pollutant/5 8774 - Charlton Mackrell-Particulate matter less than 10 micro m (aerosol), Charlton Mackrell-Particulate matter less than 10 micro m (aerosol)",pm10,12,2026-02-19 21:00:00+00,0.000,51.056250 -2.683450,,
DUP000332,aurn,aurn_register,,UKA00538,Warrington,,,,pm10,,,0,53.389225 -2.615593,UKA00538,Automatic Urban and Rural Monitoring Network (AURN)
DUP000332,json,openaq,16483,2475,DEFRA Warrington,1747,4757,2475 PM10,pm10,14,2026-02-19 21:00:00+00,16.741,53.389280 -2.615358,,
DUP000332,json,sos,2361,785261,Warrington,,,Warrington-Volatile PM10,pm10,,,16.741,53.389280 -2.615358,,
DUP000332,json,sos,2359,1174,Warrington,56,506,"http://dd.eionet.europa.eu/vocabulary/aq/pollutant/5 1174 - Warrington-Particulate matter less than 10 micro m (aerosol), Warrington-Particulate matter less than 10 micro m (aerosol)",pm10,,,0.000,53.389225 -2.615593,,
DUP000332,json,sos,2359,1174,Warrington,92,2362,"http://dd.eionet.europa.eu/vocabulary/aq/pollutant/5 7395 - Warrington-Particulate matter less than 10 micro m (aerosol), Warrington-Particulate matter less than 10 micro m (aerosol)",pm10,25.121,2026-02-19 21:00:00+00,0.000,53.389225 -2.615593,,
DUP000332,json,sos,2357,785260,Warrington-Non,,,Warrington-Non-volatile PM10,pm10,,,16.741,53.389280 -2.615358,,
DUP000333,aurn,aurn_register,,UKA00541,Armagh Roadside,,,,pm10,,,0,54.353728 -6.654558,UKA00541,Automatic Urban and Rural Monitoring Network (AURN); PAH Digitel (solid phase)
DUP000333,json,openaq,16452,2386,DEFRA Armagh Roadside,1662,5079287,2386 PM10,pm10,25,2026-02-19 21:00:00+00,0.000,54.353728 -6.654558,,
DUP000333,json,sos,7435,7581,Armagh Roadside,126,1916,"http://dd.eionet.europa.eu/vocabulary/aq/pollutant/5 7581 - Armagh Roadside-Particulate matter less than 10 micro m (aerosol), Armagh Roadside-Particulate matter less than 10 micro m (aerosol)",pm10,25.121,2026-02-19 21:00:00+00,0.000,54.353728 -6.654558,,
DUP000333,json,sos,27,747,Armagh Roadside,94,40,"http://dd.eionet.europa.eu/vocabulary/aq/pollutant/5 747 - Armagh Roadside-Particulate matter less than 10 micro m (aerosol), Armagh Roadside-Particulate matter less than 10 micro m (aerosol)",pm10,,,0.000,54.353728 -6.654558,,
DUP000334,aurn,aurn_register,,UKA00546,Eastbourne,,,,pm10,,,0,50.805778 0.271611,UKA00546,Automatic Urban and Rural Monitoring Network (AURN)
DUP000334,json,openaq,16500,2520,EEA Eastbourne - UKA00546,1814,5079298,2520 PM10,pm10,8,2026-02-19 21:00:00+00,0.000,50.805778 0.271611,,
DUP000334,json,sos,784,785361,Eastbourne,,,Eastbourne-Volatile PM10,pm10,,,0.000,50.805778 0.271611,,
DUP000334,json,sos,782,868,Eastbourne,153,183,"http://dd.eionet.europa.eu/vocabulary/aq/pollutant/5 868 - Eastbourne-Particulate matter less than 10 micro m (aerosol), Eastbourne-Particulate matter less than 10 micro m (aerosol)",pm10,,,0.000,50.805778 0.271611,,
DUP000334,json,sos,7408,7494,Eastbourne,96,2043,"http://dd.eionet.europa.eu/vocabulary/aq/pollutant/5 7494 - Eastbourne-Particulate matter less than 10 micro m (aerosol), Eastbourne-Particulate matter less than 10 micro m (aerosol)",pm10,8.8,2026-02-19 21:00:00+00,0.000,50.805778 0.271611,,
DUP000334,json,sos,779,785360,Eastbourne-Non,,,Eastbourne-Non-volatile PM10,pm10,,,0.000,50.805778 0.271611,,
DUP000335,aurn,aurn_register,,UKA00548,Storrington Roadside,,,,pm10,,,0,50.916932 -0.449548,UKA00548,Automatic Urban and Rural Monitoring Network (AURN)
DUP000335,json,openaq,16401,794,DEFRA Storrington Roadside,1517,1389,794 PM10,pm10,9,2026-02-19 21:00:00+00,0.000,50.916932 -0.449548,,
DUP000335,json,sos,2262,785365,Storrington Roadside,,,Storrington Roadside-Volatile PM10,pm10,,,0.000,50.916932 -0.449548,,
DUP000335,json,sos,2260,785364,Storrington Roadside-Non,,,Storrington Roadside-Non-volatile PM10,pm10,,,0.000,50.916932 -0.449548,,
DUP000336,aurn,aurn_register,,UKA00549,Norwich Lakenfields,,,,pm10,,,0,52.614823 1.302686,UKA00549,Automatic Urban and Rural Monitoring Network (AURN); Non-Automatic Hydrocarbon Network
DUP000336,json,sos,1825,1049,Norwich Lakenfields,115,2227,"http://dd.eionet.europa.eu/vocabulary/aq/pollutant/5 7544 - Norwich Lakenfields-Particulate matter less than 10 micro m (aerosol), Norwich Lakenfields-Particulate matter less than 10 micro m (aerosol)",pm10,19,2026-02-19 21:00:00+00,0.000,52.614823 1.302686,,
DUP000336,json,sos,1825,1049,Norwich Lakenfields,5,370,"http://dd.eionet.europa.eu/vocabulary/aq/pollutant/5 1049 - Norwich Lakenfields-Particulate matter less than 10 micro m (aerosol), Norwich Lakenfields-Particulate matter less than 10 micro m (aerosol)",pm10,,,0.000,52.614823 1.302686,,
DUP000337,aurn,aurn_register,,UKA00553,Chatham Roadside,,,,pm10,,,0,51.374264 0.547970,UKA00553,Automatic Urban and Rural Monitoring Network (AURN); Non-Automatic Hydrocarbon Network; UK Urban NO2 Network
DUP000337,json,openaq,16515,2560,DEFRA Chatham Roadside,1874,5079305,2560 PM10,pm10,13,2026-02-19 21:00:00+00,0.000,51.374264 0.547970,,
DUP000337,json,sos,7387,7053,Chatham Roadside,71,2001,"http://dd.eionet.europa.eu/vocabulary/aq/pollutant/5 7053 - Chatham Roadside-Particulate matter less than 10 micro m (aerosol), Chatham Roadside-Particulate matter less than 10 micro m (aerosol)",pm10,14.493,2026-02-19 20:00:00+00,0.000,51.374264 0.547970,,
DUP000338,aurn,aurn_register,,UKA00558,Southwark A2 Old Kent Road,,,,pm10,,,0,51.480499 -0.059550,UKA00558,Automatic Urban and Rural Monitoring Network (AURN)
DUP000338,json,openaq,16374,146,DEFRA Southwark A2 Old Kent Road,1421,227,146 PM10,pm10,19,2026-02-19 21:00:00+00,0.000,51.480499 -0.059550,,
DUP000338,json,sos,2197,4061,Southwark A2 Old Kent Road,,,Southwark A2 Old Kent Road-Volatile PM10,pm10,,,0.000,51.480499 -0.059550,,
DUP000338,json,sos,2196,1131,Southwark A2 Old Kent Road,52,459,"http://dd.eionet.europa.eu/vocabulary/aq/pollutant/5 1131 - Southwark A2 Old Kent Road-Particulate matter less than 10 micro m (aerosol), Southwark A2 Old Kent Road-Particulate matter less than 10 micro m (aerosol)",pm10,,,0.000,51.480499 -0.059550,,
DUP000338,json,sos,7411,7499,Southwark A2 Old Kent Road,99,2316,"http://dd.eionet.europa.eu/vocabulary/aq/pollutant/5 7499 - Southwark A2 Old Kent Road-Particulate matter less than 10 micro m (aerosol), GB_SamplingFeature_missingFOI",pm10,22.223,2026-02-19 21:00:00+00,0.000,51.480499 -0.059550,,
DUP000338,json,sos,2195,4062,Southwark A2 Old Kent Road-Non,,,Southwark A2 Old Kent Road-Non-volatile PM10,pm10,,,0.000,51.480499 -0.059550,,
DUP000339,aurn,aurn_register,,UKA00564,Leamington Spa Rugby Road,,,,pm10,,,0,52.294884 -1.542911,UKA00564,Automatic Urban and Rural Monitoring Network (AURN); UK Urban NO2 Network
DUP000339,json,openaq,16506,2534,DEFRA Leamington Spa Rugby Road,1841,5029,2534 PM10,pm10,11,2026-02-19 21:00:00+00,0.000,52.294884 -1.542911,,
DUP000339,json,sos,1262,4029,Leamington Spa Rugby Road,,,Leamington Spa Rugby Road-Volatile PM10,pm10,,,0.000,52.294884 -1.542911,,
DUP000339,json,sos,7424,7539,Leamington Spa Rugby Road,114,2146,"http://dd.eionet.europa.eu/vocabulary/aq/pollutant/5 7539 - Leamington Spa Rugby Road-Particulate matter less than 10 micro m (aerosol), Leamington Spa Rugby Road-Particulate matter less than 10 micro m (aerosol)",pm10,30.2,2026-02-19 21:00:00+00,0.000,52.294884 -1.542911,,
DUP000339,json,sos,1260,970,Leamington Spa Rugby Road,183,289,"http://dd.eionet.europa.eu/vocabulary/aq/pollutant/5 970 - Leamington Spa Rugby Road-Particulate matter less than 10 micro m (aerosol), Leamington Spa Rugby Road-Particulate matter less than 10 micro m (aerosol)",pm10,,,0.000,52.294884 -1.542911,,
DUP000339,json,sos,1258,4030,Leamington Spa Rugby Road-Non,,,Leamington Spa Rugby Road-Non-volatile PM10,pm10,,,0.000,52.294884 -1.542911,,
DUP000340,aurn,aurn_register,,UKA00566,Honiton,,,,pm10,,,0,50.792287 -3.196702,UKA00566,Automatic Urban and Rural Monitoring Network (AURN)
DUP000340,json,openaq,16440,2339,EEA Honiton - UKA00566,1631,1876803,2339 PM10,pm10,4,2026-02-19 21:00:00+00,0.000,50.792287 -3.196702,,
DUP000340,json,sos,7457,8762,Honiton,159,4907,"http://dd.eionet.europa.eu/vocabulary/aq/pollutant/5 8762 - Honiton-Particulate matter less than 10 micro m (aerosol), Honiton-Particulate matter less than 10 micro m (aerosol)",pm10,-99,2026-02-19 21:00:00+00,0.000,50.792287 -3.196702,,
DUP000341,aurn,aurn_register,,UKA00568,London Haringey Priory Park South,,,,pm10,,,0,51.584128 -0.125254,UKA00568,Automatic Urban and Rural Monitoring Network (AURN)
DUP000341,json,openaq,16378,150,EEA London Haringey Priory Park South - UKA00568,1436,12626389,150 PM10,pm10,8,2026-02-19 21:00:00+00,0.000,51.584128 -0.125254,,
DUP000342,aurn,aurn_register,,UKA00569,Saltash Callington Road,,,,pm10,,,0,50.411463 -4.227678,UKA00569,Automatic Urban and Rural Monitoring Network (AURN)
DUP000342,json,openaq,16495,2510,DEFRA Saltash Callington Road,1794,4879,2510 PM10,pm10,12,2026-02-19 21:00:00+00,0.000,50.411463 -4.227678,,
DUP000342,json,sos,2042,4050,Saltash Callington Road,,,Saltash Callington Road-Volatile PM10,pm10,,,0.000,50.411463 -4.227678,,
DUP000342,json,sos,2040,1271,Saltash Callington Road,59,437,"http://dd.eionet.europa.eu/vocabulary/aq/pollutant/5 1271 - Saltash Callington Road-Particulate matter less than 10 micro m (aerosol), Saltash Callington Road-Particulate matter less than 10 micro m (aerosol)",pm10,,,0.000,50.411463 -4.227678,,
DUP000342,json,sos,7395,7127,Saltash Callington Road,80,2294,"http://dd.eionet.europa.eu/vocabulary/aq/pollutant/5 7127 - Saltash Callington Road-Particulate matter less than 10 micro m (aerosol), Saltash Callington Road-Particulate matter less than 10 micro m (aerosol)",pm10,20.29,2026-02-19 20:00:00+00,0.000,50.411463 -4.227678,,
DUP000342,json,sos,2038,4048,Saltash Callington Road-Non,,,Saltash Callington Road-Non-volatile PM10,pm10,,,0.000,50.411463 -4.227678,,
DUP000343,aurn,aurn_register,,UKA00572,London Teddington Bushy Park,,,,pm10,,,0,51.425286 -0.345606,UKA00572,Automatic Urban and Rural Monitoring Network (AURN); Black Carbon
DUP000343,json,openaq,16386,158,DEFRA London Teddington Bushy Park,1466,28891,158 PM10,pm10,11,2026-02-19 21:00:00+00,0.000,51.425286 -0.345606,,
DUP000343,json,sos,7446,7989,London Teddington Bushy Park,141,4846,"http://dd.eionet.europa.eu/vocabulary/aq/pollutant/5 7989 - London Teddington Bushy Park-Particulate matter less than 10 micro m (aerosol), London Teddington Bushy Park-Particulate matter less than 10 micro m (aerosol)",pm10,17.2,2026-02-19 21:00:00+00,0.000,51.425286 -0.345606,,
DUP000344,aurn,aurn_register,,UKA00573,Leicester University,,,,pm10,,,0,52.619904 -1.127182,UKA00573,Automatic Urban and Rural Monitoring Network (AURN)
DUP000344,json,openaq,16498,2516,DEFRA Leicester University,1806,29061,2516 PM10,pm10,11,2026-02-19 21:00:00+00,12.528,52.619823 -1.127311,,
DUP000344,json,sos,7439,7593,Leicester University,130,4847,"http://dd.eionet.europa.eu/vocabulary/aq/pollutant/5 7593 - Leicester University-Particulate matter less than 10 micro m (aerosol), Leicester University-Particulate matter less than 10 micro m (aerosol)",pm10,18.2,2026-02-19 21:00:00+00,0.000,52.619904 -1.127182,,
DUP000345,aurn,aurn_register,,UKA00574,Barnstaple A39,,,,pm10,,,0,51.074793 -4.041924,UKA00574,Automatic Urban and Rural Monitoring Network (AURN)
DUP000345,json,openaq,16403,803,DEFRA Barnstaple A39,1523,5272,803 PM10,pm10,10,2026-02-19 21:00:00+00,0.000,51.074793 -4.041924,,
DUP000345,json,sos,249,3991,Barnstaple A39,,,Barnstaple A39-Volatile PM10,pm10,,,0.000,51.074793 -4.041924,,
DUP000345,json,sos,247,3915,Barnstaple A39,65,96,"http://dd.eionet.europa.eu/vocabulary/aq/pollutant/5 3915 - Barnstaple A39-Particulate matter less than 10 micro m (aerosol), Barnstaple A39-Particulate matter less than 10 micro m (aerosol)",pm10,,,0.000,51.074793 -4.041924,,
DUP000345,json,sos,7349,10538,Barnstaple A39,8,1964,"http://dd.eionet.europa.eu/vocabulary/aq/pollutant/5 10538 - Barnstaple A39-Particulate matter less than 10 micro m (aerosol), Barnstaple A39-Particulate matter less than 10 micro m (aerosol)",pm10,13.3,2026-02-19 20:00:00+00,0.000,51.074793 -4.041924,,
DUP000345,json,sos,245,3994,Barnstaple A39-Non,,,Barnstaple A39-Non-volatile PM10,pm10,,,0.000,51.074793 -4.041924,,
DUP000346,aurn,aurn_register,,UKA00575,Sheffield Devonshire Green,,,,pm10,,,0,53.378622 -1.478096,UKA00575,Automatic Urban and Rural Monitoring Network (AURN); Heavy Metals; Non-Automatic Hydrocarbon Network
DUP000346,json,openaq,16493,2508,EEA Sheffield Devonshire Green - UKA00575,1787,5079294,2508 PM10,pm10,22,2026-02-19 21:00:00+00,0.000,53.378622 -1.478096,,
DUP000346,json,sos,2130,4055,Sheffield Devonshire Green,,,Sheffield Devonshire Green-Volatile PM10,pm10,,,0.000,53.378622 -1.478096,,
DUP000346,json,sos,7429,7561,Sheffield Devonshire Green,120,2308,"http://dd.eionet.europa.eu/vocabulary/aq/pollutant/5 7561 - Sheffield Devonshire Green-Particulate matter less than 10 micro m (aerosol), Sheffield Devonshire Green-Particulate matter less than 10 micro m (aerosol)",pm10,13.3,2026-02-19 21:00:00+00,0.000,53.378622 -1.478096,,
DUP000346,json,sos,2128,3906,Sheffield Devonshire Green,63,451,"http://dd.eionet.europa.eu/vocabulary/aq/pollutant/5 3906 - Sheffield Devonshire Green-Particulate matter less than 10 micro m (aerosol), Sheffield Devonshire Green-Particulate matter less than 10 micro m (aerosol)",pm10,,,0.000,53.378622 -1.478096,,
DUP000346,json,sos,2125,4053,Sheffield Devonshire Green-Non,,,Sheffield Devonshire Green-Non-volatile PM10,pm10,,,0.000,53.378622 -1.478096,,
DUP000347,aurn,aurn_register,,UKA00576,Glasgow Townhead,,,,pm10,,,0,55.865782 -4.243631,UKA00576,Automatic Urban and Rural Monitoring Network (AURN); Black Carbon; PAH Digitel (solid phase)
DUP000347,json,openaq,16517,2574,DEFRA Glasgow Townhead,1881,5079312,2574 PM10,pm10,19,2026-02-19 21:00:00+00,0.000,55.865782 -4.243631,,
DUP000347,json,sos,870,3936,Glasgow Townhead,,,Glasgow Townhead-Anthanthrene in PM10 in aerosol,pm10,,,0.000,55.865782 -4.243631,,
DUP000347,json,sos,871,3922,Glasgow Townhead,,,Glasgow Townhead-Benzoin aanthracene in PM10 in aerosol,pm10,,,0.000,55.865782 -4.243631,,
DUP000347,json,sos,872,3930,Glasgow Townhead,,,Glasgow Townhead-Benzoin apyrene in PM10 in aerosol,pm10,,,0.000,55.865782 -4.243631,,
DUP000347,json,sos,873,3926,Glasgow Townhead,,,Glasgow Townhead-Benzoin bfluoranthene in PM10 in aerosol,pm10,,,0.000,55.865782 -4.243631,,
DUP000347,json,sos,875,3921,Glasgow Townhead,,,Glasgow Townhead-Benzoin cphenanthrene in PM10 in aerosol,pm10,,,0.000,55.865782 -4.243631,,
DUP000347,json,sos,876,3929,Glasgow Townhead,,,Glasgow Townhead-Benzoin epyrene in PM10 in aerosol,pm10,,,0.000,55.865782 -4.243631,,
DUP000347,json,sos,877,3935,Glasgow Townhead,,,Glasgow Townhead-Benzoin ghiperylene in PM10 in aerosol,pm10,,,0.000,55.865782 -4.243631,,
DUP000347,json,sos,878,3928,Glasgow Townhead,,,Glasgow Townhead-Benzoin jfluoranthene in PM10 in aerosol,pm10,,,0.000,55.865782 -4.243631,,
DUP000347,json,sos,879,3927,Glasgow Townhead,,,Glasgow Townhead-Benzoin kfluoranthene in PM10 in aerosol,pm10,,,0.000,55.865782 -4.243631,,
DUP000347,json,sos,881,3924,Glasgow Townhead,,,Glasgow Townhead-Chrysene in PM10 in aerosol,pm10,,,0.000,55.865782 -4.243631,,
DUP000347,json,sos,882,3939,Glasgow Townhead,,,Glasgow Townhead-Coronene in PM10 in aerosol,pm10,,,0.000,55.865782 -4.243631,,
DUP000347,json,sos,884,3933,Glasgow Townhead,,,Glasgow Townhead-Dibenzoin acanthracene in PM10 in aerosol,pm10,,,0.000,55.865782 -4.243631,,
DUP000347,json,sos,885,3938,Glasgow Townhead,,,Glasgow Townhead-Dibenzoin aepyrene in PM10 in aerosol,pm10,,,0.000,55.865782 -4.243631,,
DUP000347,json,sos,886,3934,Glasgow Townhead,,,Glasgow Townhead-Dibenzoin ahanthracene in PM10 in aerosol,pm10,,,0.000,55.865782 -4.243631,,
DUP000347,json,sos,887,3941,Glasgow Townhead,,,Glasgow Townhead-Dibenzoin ahpyrene in PM10 in aerosol,pm10,,,0.000,55.865782 -4.243631,,
DUP000347,json,sos,888,3940,Glasgow Townhead,,,Glasgow Townhead-Dibenzoin aipyrene in PM10 in aerosol,pm10,,,0.000,55.865782 -4.243631,,
DUP000347,json,sos,889,3937,Glasgow Townhead,,,Glasgow Townhead-Dibenzoin alpyrene in PM10 in aerosol,pm10,,,0.000,55.865782 -4.243631,,
DUP000347,json,sos,890,3932,Glasgow Townhead,,,Glasgow Townhead-indeno_123cd_pyrene in PM10 in aerosol,pm10,,,0.000,55.865782 -4.243631,,
DUP000347,json,sos,897,3931,Glasgow Townhead,,,Glasgow Townhead-Perylene in PM10 in aerosol,pm10,,,0.000,55.865782 -4.243631,,
DUP000347,json,sos,895,3912,Glasgow Townhead,64,215,"http://dd.eionet.europa.eu/vocabulary/aq/pollutant/5 3912 - Glasgow Townhead-Particulate matter less than 10 micro m (aerosol), Glasgow Townhead-Particulate matter less than 10 micro m (aerosol)",pm10,,,0.000,55.865782 -4.243631,,
DUP000347,json,sos,7393,7115,Glasgow Townhead,78,2075,"http://dd.eionet.europa.eu/vocabulary/aq/pollutant/5 7115 - Glasgow Townhead-Particulate matter less than 10 micro m (aerosol), Glasgow Townhead-Particulate matter less than 10 micro m (aerosol)",pm10,10.2,2026-02-19 21:00:00+00,0.000,55.865782 -4.243631,,
DUP000347,json,sos,869,3925,Glasgow Townhead-5,,,Glasgow Townhead-5-Methyl Chrysene in PM10 in aerosol,pm10,,,0.000,55.865782 -4.243631,,
DUP000347,json,sos,874,3920,Glasgow Townhead-Benzoin bnaphthoin 2,,,"Glasgow Townhead-Benzoin bnaphthoin 2,1-dthiophene in PM10 in aerosol",pm10,,,0.000,55.865782 -4.243631,,
DUP000347,json,sos,883,3923,Glasgow Townhead-Cyclopentain c,,,"Glasgow Townhead-Cyclopentain c,dpyrene in PM10 in aerosol",pm10,,,0.000,55.865782 -4.243631,,
DUP000348,aurn,aurn_register,,UKA00591,Ealing Horn Lane,,,,pm10,,,0,51.518950 -0.265617,UKA00591,Automatic Urban and Rural Monitoring Network (AURN)
DUP000348,json,openaq,16377,149,DEFRA Ealing Horn Lane,1433,230,149 PM10,pm10,12,2026-02-19 21:00:00+00,0.000,51.518950 -0.265617,,
DUP000348,json,sos,775,4017,Ealing Horn Lane,,,Ealing Horn Lane-Volatile PM10,pm10,,,0.000,51.518950 -0.265617,,
DUP000348,json,sos,7382,3954,Ealing Horn Lane,66,174,"http://dd.eionet.europa.eu/vocabulary/aq/pollutant/5 3954 - Ealing Horn Lane-Particulate matter less than 10 micro m (aerosol), Ealing Horn Lane-Particulate matter less than 10 micro m (aerosol)",pm10,,,0.000,51.518950 -0.265617,,
DUP000348,json,sos,7407,7492,Ealing Horn Lane,95,2038,"http://dd.eionet.europa.eu/vocabulary/aq/pollutant/5 7492 - Ealing Horn Lane-Particulate matter less than 10 micro m (aerosol), GB_SamplingFeature_missingFOI",pm10,22.223,2026-02-19 20:00:00+00,0.000,51.518950 -0.265617,,
DUP000348,json,sos,773,3876,Ealing Horn Lane-Non,,,Ealing Horn Lane-Non-volatile PM10,pm10,,,0.000,51.518950 -0.265617,,
DUP000349,aurn,aurn_register,,UKA00592,Coventry Allesley,,,,pm10,,,0,52.411628 -1.560189,UKA00592,Automatic Urban and Rural Monitoring Network (AURN)
DUP000349,json,openaq,16491,2494,EEA Coventry Allesley - UKA00592,1778,28572,2494 PM10,pm10,10,2026-02-19 21:00:00+00,7.697,52.411563 -1.560228,,
DUP000349,json,sos,660,786286,Coventry Allesley,110,4784,"http://dd.eionet.europa.eu/vocabulary/aq/pollutant/5 7523 - Coventry Allesley-Particulate matter less than 10 micro m (aerosol), Coventry Allesley-Particulate matter less than 10 micro m (aerosol)",pm10,18,2026-02-19 21:00:00+00,0.000,52.411628 -1.560189,,
DUP000350,aurn,aurn_register,,UKA00594,Belfast Stockman's Lane,,,,pm10,,,0,54.572586 -5.974944,UKA00594,Automatic Urban and Rural Monitoring Network (AURN)
DUP000350,json,openaq,16423,2296,DEFRA Belfast Stockman's Lane,1588,4223,2296 PM10,pm10,29,2026-02-19 21:00:00+00,0.000,54.572586 -5.974944,,
DUP000350,json,sos,7414,7504,Belfast Stockman's Lane,102,2393,"http://dd.eionet.europa.eu/vocabulary/aq/pollutant/5 7504 - Belfast Stockman's Lane-Particulate matter less than 10 micro m (aerosol), Belfast Stockman's Lane-Particulate matter less than 10 micro m (aerosol)",pm10,23.189,2026-02-19 21:00:00+00,0.000,54.572586 -5.974944,,
DUP000350,json,sos,7383,3964,Belfast Stockman's Lane,67,56,"http://dd.eionet.europa.eu/vocabulary/aq/pollutant/5 3964 - Belfast Stockman's Lane-Particulate matter less than 10 micro m (aerosol), Belfast Stockman's Lane-Particulate matter less than 10 micro m (aerosol)",pm10,,,0.000,54.572586 -5.974944,,
DUP000351,aurn,aurn_register,,UKA00595,Oldbury Birmingham Road,,,,pm10,,,0,52.502436 -2.003497,UKA00595,Automatic Urban and Rural Monitoring Network (AURN); UK Urban NO2 Network
DUP000351,json,openaq,16391,406,DEFRA Oldbury Birmingham Road,1484,13117098,406 PM10,pm10,14,2026-02-19 21:00:00+00,0.000,52.502436 -2.003497,,
DUP000351,json,sos,7381,11070,Oldbury Birmingham Road,49,5531,"http://dd.eionet.europa.eu/vocabulary/aq/pollutant/5 11070 - Oldbury Birmingham Road-Particulate matter less than 10 micro m (aerosol), Oldbury Birmingham Road-Particulate matter less than 10 micro m (aerosol)",pm10,17.1,2026-02-19 21:00:00+00,0.000,52.502436 -2.003497,,
DUP000352,aurn,aurn_register,,UKA00598,Bury Whitefield Roadside,,,,pm10,,,0,53.559029 -2.293772,UKA00598,Automatic Urban and Rural Monitoring Network (AURN); Non-Automatic Hydrocarbon Network; UK Urban NO2 Network
DUP000352,json,openaq,16476,2444,DEFRA Bury Whitefield Roadside,1727,4675,2444 PM10,pm10,19,2026-02-19 21:00:00+00,0.000,53.559029 -2.293772,,
DUP000352,json,sos,461,3997,Bury Whitefield Roadside,,,Bury Whitefield Roadside-Volatile PM10,pm10,,,0.000,53.559029 -2.293772,,
DUP000352,json,sos,7404,7389,Bury Whitefield Roadside,90,108,"http://dd.eionet.europa.eu/vocabulary/aq/pollutant/5 7389 - Bury Whitefield Roadside-Particulate matter less than 10 micro m (aerosol), Bury Whitefield Roadside-Particulate matter less than 10 micro m (aerosol)",pm10,27.054,2026-02-19 21:00:00+00,0.000,53.559029 -2.293772,,
DUP000352,json,sos,459,3998,Bury Whitefield Roadside-Non,,,Bury Whitefield Roadside-Non-volatile PM10,pm10,,,0.000,53.559029 -2.293772,,
DUP000353,aurn,aurn_register,,UKA00600,Hull Holderness Road,,,,pm10,,,0,53.759013 -0.305678,UKA00600,Automatic Urban and Rural Monitoring Network (AURN)
DUP000353,json,openaq,16467,2425,EEA Hull Holderness Road - UKA00600,1701,4578,2425 PM10,pm10,30,2026-02-19 21:00:00+00,6.603,53.758971 -0.305749,,
DUP000353,json,sos,1173,4027,Hull Holderness Road,,,Hull Holderness Road-Volatile PM10,pm10,,,6.603,53.758971 -0.305749,,
DUP000353,json,sos,1171,4026,Hull Holderness Road-Non,,,Hull Holderness Road-Non-volatile PM10,pm10,,,6.603,53.758971 -0.305749,,
DUP000354,aurn,aurn_register,,UKA00602,Glasgow High Street,,,,pm10,,,0,55.860936 -4.238214,UKA00602,Automatic Urban and Rural Monitoring Network (AURN); Black Carbon; UK Urban NO2 Network
DUP000354,json,openaq,16516,2571,EEA Glasgow High Street - UKA00602,1877,5260,2571 PM10,pm10,23,2026-02-19 21:00:00+00,0.000,55.860936 -4.238214,,
DUP000354,json,sos,861,4020,Glasgow High Street,,,Glasgow High Street-Volatile PM10,pm10,,,0.000,55.860936 -4.238214,,
DUP000354,json,sos,7405,7392,Glasgow High Street,91,3444,"http://dd.eionet.europa.eu/vocabulary/aq/pollutant/5 7392 - Glasgow High Street-Particulate matter less than 10 micro m (aerosol), Glasgow High Street-Particulate matter less than 10 micro m (aerosol)",pm10,13.8,2026-02-19 21:00:00+00,0.000,55.860936 -4.238214,,
DUP000354,json,sos,857,4018,Glasgow High Street-Non,,,Glasgow High Street-Non-volatile PM10,pm10,,,0.000,55.860936 -4.238214,,
DUP000355,aurn,aurn_register,,UKA00604,Chesterfield Loundsley Green,,,,pm10,,,0,53.244131 -1.454946,UKA00604,Automatic Urban and Rural Monitoring Network (AURN); Heavy Metals
DUP000355,json,openaq,16512,2551,DEFRA Chesterfield Loundsley Green,1863,5151,2551 PM10,pm10,16,2026-02-19 21:00:00+00,0.000,53.244131 -1.454946,,
DUP000355,json,sos,585,4003,Chesterfield Loundsley Green,,,Chesterfield Loundsley Green-Volatile PM10,pm10,,,0.000,53.244131 -1.454946,,
DUP000355,json,sos,7420,7519,Chesterfield Loundsley Green,108,1286,"http://dd.eionet.europa.eu/vocabulary/aq/pollutant/5 7519 - Chesterfield Loundsley Green-Particulate matter less than 10 micro m (aerosol), Chesterfield Loundsley Green-Particulate matter less than 10 micro m (aerosol)",pm10,16.5,2026-02-19 21:00:00+00,0.000,53.244131 -1.454946,,
DUP000355,json,sos,580,4001,Chesterfield Loundsley Green-Non,,,Chesterfield Loundsley Green-Non-volatile PM10,pm10,,,0.000,53.244131 -1.454946,,
DUP000356,aurn,aurn_register,,UKA00609,Leicester A594 Roadside,,,,pm10,,,0,52.638742 -1.124267,UKA00609,Automatic Urban and Rural Monitoring Network (AURN); UK Urban NO2 Network
DUP000356,json,openaq,16441,2343,EEA Leicester A594 Roadside - UKA00609,1634,4294,2343 PM10,pm10,13,2026-02-19 21:00:00+00,7.692,52.638677 -1.124228,,
DUP000356,json,sos,1309,4032,Leicester A594 Roadside,,,Leicester A594 Roadside-Volatile PM10,pm10,,,7.692,52.638677 -1.124228,,
DUP000356,json,sos,1307,785154,Leicester A594 Roadside,27,1403,"http://dd.eionet.europa.eu/vocabulary/aq/pollutant/5 10704 - Leicester A594 Roadside-Particulate matter less than 10 micro m (aerosol), Leicester A594 Roadside-Particulate matter less than 10 micro m (aerosol)",pm10,20.3,2026-02-19 21:00:00+00,0.000,52.638742 -1.124267,,
DUP000356,json,sos,1306,4033,Leicester A594 Roadside-Non,,,Leicester A594 Roadside-Non-volatile PM10,pm10,,,7.692,52.638677 -1.124228,,
DUP000357,aurn,aurn_register,,UKA00610,Stoke-on-Trent A50 Roadside,,,,pm10,,,0,52.980436 -2.111898,UKA00610,Automatic Urban and Rural Monitoring Network (AURN); UK Urban NO2 Network
DUP000357,json,openaq,16465,2423,EEA Stoke-on-Trent A50 Roadside - UKA00610,1693,4639,2423 PM10,pm10,18,2026-02-19 21:00:00+00,0.000,52.980436 -2.111898,,
DUP000357,json,sos,2248,4067,Stoke-on-Trent A50 Roadside,,,Stoke-on-Trent A50 Roadside-Volatile PM10,pm10,,,0.000,52.980436 -2.111898,,
DUP000357,json,sos,7371,10721,Stoke-on-Trent A50 Roadside,34,3443,"http://dd.eionet.europa.eu/vocabulary/aq/pollutant/5 10721 - Stoke-on-Trent A50 Roadside-Particulate matter less than 10 micro m (aerosol), Stoke-on-Trent A50 Roadside-Particulate matter less than 10 micro m (aerosol)",pm10,18.1,2026-02-19 21:00:00+00,0.000,52.980436 -2.111898,,
DUP000357,json,sos,2245,4066,Stoke-on-Trent A50 Roadside-Non,,,Stoke-on-Trent A50 Roadside-Non-volatile PM10,pm10,,,0.000,52.980436 -2.111898,,
DUP000358,aurn,aurn_register,,UKA00613,Southampton A33,,,,pm10,,,0,50.920265 -1.463484,UKA00613,Automatic Urban and Rural Monitoring Network (AURN); UK Urban NO2 Network
DUP000358,json,openaq,16446,2365,EEA Southampton A33 - UKA00613,1649,4350,2365 PM10,pm10,6,2026-02-19 21:00:00+00,0.000,50.920265 -1.463484,,
DUP000358,json,sos,7370,10719,Southampton A33,33,3473,"http://dd.eionet.europa.eu/vocabulary/aq/pollutant/5 10719 - Southampton A33-Particulate matter less than 10 micro m (aerosol), Southampton A33-Particulate matter less than 10 micro m (aerosol)",pm10,9.7,2026-02-19 21:00:00+00,0.000,50.920265 -1.463484,,
DUP000359,aurn,aurn_register,,UKA00614,Chilbolton Observatory,,,,pm10,,,0,51.149617 -1.438228,UKA00614,Automatic Hydrocarbon Network; Automatic Urban and Rural Monitoring Network (AURN); Black Carbon; Heavy Metals; PAH Deposition; PAH Digitel (solid phase); Particle Concentrations and Numbers Network; Rural Automatic Mercury network; UKEAP: Acid Gases & Aerosol Network; UKEAP: MARGA Network; UKEAP: National Ammonia Monitoring Network; UKEAP: Precip-Net; UKEAP: Precip-Net; UKEAP: Rural NO2
DUP000359,json,openaq,16466,2424,EEA Chilbolton Observatory - UKA00614,1697,5097,2424 PM10,pm10,6,2026-02-19 21:00:00+00,0.000,51.149617 -1.438228,,
DUP000359,json,sos,639,785630,Chilbolton Observatory,,,Chilbolton Observatory-Volatile PM10,pm10,,,0.000,51.149617 -1.438228,,
DUP000359,json,sos,7402,7163,Chilbolton Observatory,88,3454,"http://dd.eionet.europa.eu/vocabulary/aq/pollutant/5 7163 - Chilbolton Observatory-Particulate matter less than 10 micro m (aerosol), Chilbolton Observatory-Particulate matter less than 10 micro m (aerosol)",pm10,8.8,2026-02-19 21:00:00+00,0.000,51.149617 -1.438228,,
DUP000359,json,sos,626,785636,Chilbolton Observatory-Non,,,Chilbolton Observatory-Non-volatile PM10,pm10,,,0.000,51.149617 -1.438228,,
DUP000360,aurn,aurn_register,,UKA00617,Manchester Sharston,,,,pm10,,,0,53.371722 -2.238917,UKA00617,Automatic Urban and Rural Monitoring Network (AURN)
DUP000360,json,sos,7354,10624,Manchester Sharston,15,5206,"http://dd.eionet.europa.eu/vocabulary/aq/pollutant/5 10624 - Manchester Sharston-Particulate matter less than 10 micro m (aerosol), Manchester Sharston-Particulate matter less than 10 micro m (aerosol)",pm10,22.2,2026-02-19 21:00:00+00,0.000,53.371722 -2.238917,,
DUP000361,aurn,aurn_register,,UKA00618,Nottingham Western Boulevard,,,,pm10,,,0,52.969377 -1.188851,UKA00618,Automatic Urban and Rural Monitoring Network (AURN); UK Urban NO2 Network
DUP000361,json,openaq,16469,2428,DEFRA Nottingham Western Boulevard,1706,4592,2428 PM10,pm10,17,2026-02-19 21:00:00+00,0.000,52.969377 -1.188851,,
DUP000361,json,sos,1854,4043,Nottingham Western Boulevard,,,Nottingham Western Boulevard-Volatile PM10,pm10,,,0.000,52.969377 -1.188851,,
DUP000361,json,sos,7367,10712,Nottingham Western Boulevard,30,3521,"http://dd.eionet.europa.eu/vocabulary/aq/pollutant/5 10712 - Nottingham Western Boulevard-Particulate matter less than 10 micro m (aerosol), Nottingham Western Boulevard-Particulate matter less than 10 micro m (aerosol)",pm10,22.9,2026-02-19 21:00:00+00,0.000,52.969377 -1.188851,,
DUP000361,json,sos,1851,4045,Nottingham Western Boulevard-Non,,,Nottingham Western Boulevard-Non-volatile PM10,pm10,,,0.000,52.969377 -1.188851,,
DUP000362,aurn,aurn_register,,UKA00619,Derry Rosemount,,,,pm10,,,0,55.002818 -7.331179,UKA00619,Automatic Urban and Rural Monitoring Network (AURN)
DUP000362,json,openaq,16510,2545,EEA Derry Rosemount - UKA00619,1855,5104,2545 PM10,pm10,18,2026-02-19 21:00:00+00,0.000,55.002818 -7.331179,,
DUP000362,json,sos,740,4011,Derry Rosemount,,,Derry Rosemount-Volatile PM10,pm10,,,0.000,55.002818 -7.331179,,
DUP000362,json,sos,7436,7585,Derry Rosemount,127,3552,"http://dd.eionet.europa.eu/vocabulary/aq/pollutant/5 7585 - Derry Rosemount-Particulate matter less than 10 micro m (aerosol), Derry Rosemount-Particulate matter less than 10 micro m (aerosol)",pm10,19.324,2026-02-19 21:00:00+00,0.000,55.002818 -7.331179,,
DUP000362,json,sos,734,4013,Derry Rosemount-Non,,,Derry Rosemount-Non-volatile PM10,pm10,,,0.000,55.002818 -7.331179,,
DUP000363,aurn,aurn_register,,UKA00620,Reading London Road,,,,pm10,,,0,51.454896 -0.940382,UKA00620,Automatic Urban and Rural Monitoring Network (AURN); UK Urban NO2 Network
DUP000363,json,openaq,16459,2410,EEA Reading London Road - UKA00620,1683,4517,2410 PM10,pm10,10.628,2026-02-19 15:00:00+00,0.000,51.454896 -0.940382,,
DUP000363,json,sos,7384,6430,Reading London Road,68,3598,"http://dd.eionet.europa.eu/vocabulary/aq/pollutant/5 6430 - Reading London Road-Particulate matter less than 10 micro m (aerosol), Reading London Road-Particulate matter less than 10 micro m (aerosol)",pm10,19.324,2026-02-19 21:00:00+00,0.000,51.454896 -0.940382,,
DUP000364,aurn,aurn_register,,UKA00621,Greenock A8 Roadside,,,,pm10,,,0,55.944079 -4.734421,UKA00621,Automatic Urban and Rural Monitoring Network (AURN)
DUP000364,json,sos,7385,6817,Greenock A8 Roadside,69,4598,"http://dd.eionet.europa.eu/vocabulary/aq/pollutant/5 6817 - Greenock A8 Roadside-Particulate matter less than 10 micro m (aerosol), Greenock A8 Roadside-Particulate matter less than 10 micro m (aerosol)",pm10,35.2,2026-02-19 21:00:00+00,0.000,55.944079 -4.734421,,
DUP000365,aurn,aurn_register,,UKA00626,Birmingham A4540 Roadside,,,,pm10,,,0,52.476145 -1.874978,UKA00626,Automatic Urban and Rural Monitoring Network (AURN); Black Carbon; Non-Automatic Hydrocarbon Network; UK Urban NO2 Network
DUP000365,json,openaq,16524,3525,EEA Birmingham A4540 Roadside - UKA00626,1905,7815,3525 PM10,pm10,14,2026-02-19 21:00:00+00,6.864,52.476090 -1.875024,,
DUP000365,json,sos,7415,7505,Birmingham A4540 Roadside,103,4160,"http://dd.eionet.europa.eu/vocabulary/aq/pollutant/5 7505 - Birmingham A4540 Roadside-Particulate matter less than 10 micro m (aerosol), Birmingham A4540 Roadside-Particulate matter less than 10 micro m (aerosol)",pm10,20.9,2026-02-19 21:00:00+00,0.000,52.476145 -1.874978,,
DUP000366,aurn,aurn_register,,UKA00627,St Helens Linkway,,,,pm10,,,0,53.451826 -2.742134,UKA00627,Automatic Urban and Rural Monitoring Network (AURN); UK Urban NO2 Network
DUP000366,json,openaq,16530,3531,DEFRA St Helens Linkway,1917,7825,3531 PM10,pm10,11,2026-02-19 21:00:00+00,0.000,53.451826 -2.742134,,
DUP000366,json,sos,7397,7142,St Helens Linkway,82,4506,"http://dd.eionet.europa.eu/vocabulary/aq/pollutant/5 7142 - St Helens Linkway-Particulate matter less than 10 micro m (aerosol), St Helens Linkway-Particulate matter less than 10 micro m (aerosol)",pm10,-99,2026-02-19 20:00:00+00,0.000,53.451826 -2.742134,,
DUP000367,aurn,aurn_register,,UKA00631,Bristol Temple Way,,,,pm10,,,0,51.457968 -2.583975,UKA00631,Automatic Urban and Rural Monitoring Network (AURN); UK Urban NO2 Network
DUP000367,json,openaq,16886,2659912,EEA Bristol Temple Way - UKA00631,3049,8622316,2659912 PM10,pm10,,,0.000,51.457968 -2.583975,,
DUP000367,json,sos,7353,10622,Bristol Temple Way,14,4635,"http://dd.eionet.europa.eu/vocabulary/aq/pollutant/5 10622 - Bristol Temple Way-Particulate matter less than 10 micro m (aerosol), GB_SamplingFeature_missingFOI",pm10,14.6,2026-02-19 20:00:00+00,0.000,51.457968 -2.583975,,
DUP000368,aurn,aurn_register,,UKA00634,Coventry Binley Road,,,,pm10,,,0,52.407708 -1.490082,UKA00634,Automatic Urban and Rural Monitoring Network (AURN); UK Urban NO2 Network
DUP000368,json,sos,7364,10698,Coventry Binley Road,25,4527,"http://dd.eionet.europa.eu/vocabulary/aq/pollutant/5 10698 - Coventry Binley Road-Particulate matter less than 10 micro m (aerosol), Coventry Binley Road-Particulate matter less than 10 micro m (aerosol)",pm10,17.4,2026-02-19 20:00:00+00,0.000,52.407708 -1.490082,,
DUP000369,aurn,aurn_register,,UKA00644,Borehamwood Meadow Park,,,,pm10,,,0,51.661229 -0.270550,UKA00644,Automatic Urban and Rural Monitoring Network (AURN)
DUP000369,json,sos,7469,8893,Borehamwood Meadow Park,174,4890,"http://dd.eionet.europa.eu/vocabulary/aq/pollutant/5 8893 - Borehamwood Meadow Park-Particulate matter less than 10 micro m (aerosol), Borehamwood Meadow Park-Particulate matter less than 10 micro m (aerosol)",pm10,11.1,2026-02-19 20:00:00+00,0.000,51.661229 -0.270550,,
DUP000370,aurn,aurn_register,,UKA00645,Hartlepool St Abbs Walk,,,,pm10,,,0,54.683242 -1.203838,UKA00645,Automatic Urban and Rural Monitoring Network (AURN)
DUP000370,json,sos,7456,8760,Hartlepool St Abbs Walk,158,4928,"http://dd.eionet.europa.eu/vocabulary/aq/pollutant/5 8760 - Hartlepool St Abbs Walk-Particulate matter less than 10 micro m (aerosol), Hartlepool St Abbs Walk-Particulate matter less than 10 micro m (aerosol)",pm10,21.2,2026-02-19 21:00:00+00,0.000,54.683242 -1.203838,,
DUP000371,aurn,aurn_register,,UKA00647,Immingham Woodlands Avenue,,,,pm10,,,0,53.619241 -0.213324,UKA00647,Automatic Urban and Rural Monitoring Network (AURN)
DUP000371,json,sos,7458,8764,Immingham Woodlands Avenue,160,4930,"http://dd.eionet.europa.eu/vocabulary/aq/pollutant/5 8764 - Immingham Woodlands Avenue-Particulate matter less than 10 micro m (aerosol), Immingham Woodlands Avenue-Particulate matter less than 10 micro m (aerosol)",pm10,21.3,2026-02-19 20:00:00+00,0.000,53.619241 -0.213324,,
DUP000372,aurn,aurn_register,,UKA00648,Telford Hollinswood,,,,pm10,,,0,52.673471 -2.436692,UKA00648,Automatic Urban and Rural Monitoring Network (AURN)
DUP000372,json,sos,7462,8772,Telford Hollinswood,165,5001,"http://dd.eionet.europa.eu/vocabulary/aq/pollutant/5 8772 - Telford Hollinswood-Particulate matter less than 10 micro m (aerosol), Telford Hollinswood-Particulate matter less than 10 micro m (aerosol)",pm10,13,2026-02-19 21:00:00+00,0.000,52.673471 -2.436692,,
DUP000373,aurn,aurn_register,,UKA00650,Swindon Walcot,,,,pm10,,,0,51.558061 -1.765678,UKA00650,Automatic Urban and Rural Monitoring Network (AURN)
DUP000373,json,sos,7461,8770,Swindon Walcot,164,4958,"http://dd.eionet.europa.eu/vocabulary/aq/pollutant/5 8770 - Swindon Walcot-Particulate matter less than 10 micro m (aerosol), Swindon Walcot-Particulate matter less than 10 micro m (aerosol)",pm10,13,2026-02-19 21:00:00+00,0.000,51.558061 -1.765678,,
DUP000374,aurn,aurn_register,,UKA00651,Portsmouth Anglesea Road,,,,pm10,,,0,50.798339 -1.095558,UKA00651,Automatic Urban and Rural Monitoring Network (AURN); UK Urban NO2 Network
DUP000374,json,openaq,16902,2659938,EEA Portsmouth Anglesea Road - UKA00651,3070,8622301,2659938 PM10,pm10,,,0.000,50.798339 -1.095558,,
DUP000374,json,sos,7368,10714,Portsmouth Anglesea Road,31,4666,"http://dd.eionet.europa.eu/vocabulary/aq/pollutant/5 10714 - Portsmouth Anglesea Road-Particulate matter less than 10 micro m (aerosol), GB_SamplingFeature_missingFOI",pm10,7.5,2026-02-19 21:00:00+00,0.000,50.798339 -1.095558,,
DUP000375,aurn,aurn_register,,UKA00652,Burton-on-Trent Horninglow,,,,pm10,,,0,52.821050 -1.635718,UKA00652,Automatic Urban and Rural Monitoring Network (AURN)
DUP000375,json,sos,7452,8752,Burton-on-Trent Horninglow,154,4982,"http://dd.eionet.europa.eu/vocabulary/aq/pollutant/5 8752 - Burton-on-Trent Horninglow-Particulate matter less than 10 micro m (aerosol), Burton-on-Trent Horninglow-Particulate matter less than 10 micro m (aerosol)",pm10,28.6,2026-02-19 21:00:00+00,0.000,52.821050 -1.635718,,
DUP000376,aurn,aurn_register,,UKA00653,Cardiff Newport Road,,,,pm10,,,0,51.490960 -3.152305,UKA00653,Automatic Urban and Rural Monitoring Network (AURN); UK Urban NO2 Network
DUP000376,json,openaq,16888,2659916,EEA Cardiff Newport Road - UKA00653,3052,8622259,2659916 PM10,pm10,9.662,2026-02-19 15:00:00+00,0.000,51.490960 -3.152305,,
DUP000376,json,sos,7388,7087,Cardiff Newport Road,72,4685,"http://dd.eionet.europa.eu/vocabulary/aq/pollutant/5 7087 - Cardiff Newport Road-Particulate matter less than 10 micro m (aerosol), Cardiff Newport Road-Particulate matter less than 10 micro m (aerosol)",pm10,23.189,2026-02-19 21:00:00+00,0.000,51.490960 -3.152305,,
DUP000377,aurn,aurn_register,,UKA00654,Dewsbury Ashworth Grange,,,,pm10,,,0,53.693104 -1.637111,UKA00654,Automatic Urban and Rural Monitoring Network (AURN)
DUP000377,json,sos,7455,8758,Dewsbury Ashworth Grange,157,4983,"http://dd.eionet.europa.eu/vocabulary/aq/pollutant/5 8758 - Dewsbury Ashworth Grange-Particulate matter less than 10 micro m (aerosol), Dewsbury Ashworth Grange-Particulate matter less than 10 micro m (aerosol)",pm10,23.4,2026-02-19 21:00:00+00,0.000,53.693104 -1.637111,,
DUP000378,aurn,aurn_register,,UKA00655,Birmingham Ladywood,,,,pm10,,,0,52.481346 -1.918235,UKA00655,Automatic Urban and Rural Monitoring Network (AURN); Black Carbon; Non-Automatic Hydrocarbon Network; PAH Digitel (solid phase)
DUP000378,json,sos,7417,7509,Birmingham Ladywood,105,4728,"http://dd.eionet.europa.eu/vocabulary/aq/pollutant/5 7509 - Birmingham Ladywood-Particulate matter less than 10 micro m (aerosol), Birmingham Ladywood-Particulate matter less than 10 micro m (aerosol)",pm10,14.5,2026-02-19 21:00:00+00,0.000,52.481346 -1.918235,,
DUP000379,aurn,aurn_register,,UKA00656,London Honor Oak Park,,,,pm10,,,0,51.449674 -0.037418,UKA00656,Automatic Hydrocarbon Network; Automatic Urban and Rural Monitoring Network (AURN); Black Carbon; Particle Size Composition
DUP000379,json,openaq,16776,225803,EEA London Honor Oak Park - UKA00656,2672,1304735,225803 PM10,pm10,12.5,2026-02-19 20:00:00+00,0.000,51.449674 -0.037418,,
DUP000379,json,sos,7409,7495,London Honor Oak Park,97,4743,"http://dd.eionet.europa.eu/vocabulary/aq/pollutant/5 7495 - London Honor Oak Park-Particulate matter less than 10 micro m (aerosol), London Honor Oak Park-Particulate matter less than 10 micro m (aerosol)",pm10,-99,2026-02-19 21:00:00+00,0.000,51.449674 -0.037418,,
DUP000380,aurn,aurn_register,,UKA00659,Crewe Coppenhall,,,,pm10,,,0,53.115941 -2.453492,UKA00659,Automatic Urban and Rural Monitoring Network (AURN)
DUP000380,json,sos,7454,8756,Crewe Coppenhall,156,4998,"http://dd.eionet.europa.eu/vocabulary/aq/pollutant/5 8756 - Crewe Coppenhall-Particulate matter less than 10 micro m (aerosol), Crewe Coppenhall-Particulate matter less than 10 micro m (aerosol)",pm10,17.3,2026-02-19 21:00:00+00,0.000,53.115941 -2.453492,,
DUP000381,aurn,aurn_register,,UKA00932,Carlisle Morton A595,,,,pm10,,,0,54.885823 -2.964955,UKA00932,Automatic Urban and Rural Monitoring Network (AURN); Non-Automatic Hydrocarbon Network
DUP000381,json,sos,7449,8131,Carlisle Morton A595,145,4867,"http://dd.eionet.europa.eu/vocabulary/aq/pollutant/5 8131 - Carlisle Morton A595-Particulate matter less than 10 micro m (aerosol), Carlisle Morton A595-Particulate matter less than 10 micro m (aerosol)",pm10,19.324,2026-02-19 21:00:00+00,0.000,54.885823 -2.964955,,
DUP000382,aurn,aurn_register,,UKA00933,Aberdeen Erroll Park,,,,pm10,,,0,57.157400 -2.094770,UKA00933,Automatic Urban and Rural Monitoring Network (AURN)
DUP000382,json,sos,7448,8126,Aberdeen Erroll Park,144,4884,"http://dd.eionet.europa.eu/vocabulary/aq/pollutant/5 8126 - Aberdeen Erroll Park-Particulate matter less than 10 micro m (aerosol), Aberdeen Erroll Park-Particulate matter less than 10 micro m (aerosol)",pm10,27.6,2026-02-19 21:00:00+00,0.000,57.157400 -2.094770,,
DUP000383,aurn,aurn_register,,UKA00963,Milton Keynes Civic Centre,,,,pm10,,,0,52.044076 -0.761013,UKA00963,Automatic Urban and Rural Monitoring Network (AURN)
DUP000383,json,sos,7474,9901,Milton Keynes Civic Centre,187,5061,"http://dd.eionet.europa.eu/vocabulary/aq/pollutant/5 9901 - Milton Keynes Civic Centre-Particulate matter less than 10 micro m (aerosol), Milton Keynes Civic Centre-Particulate matter less than 10 micro m (aerosol)",pm10,15.4,2026-02-19 21:00:00+00,0.000,52.044076 -0.761013,,
DUP000384,aurn,aurn_register,,UKA01025,Blackburn Audley Park,,,,pm10,,,0,53.746730 -2.467873,UKA01025,Automatic Urban and Rural Monitoring Network (AURN); Black Carbon
DUP000384,json,sos,7476,9907,Blackburn Audley Park,189,5097,"http://dd.eionet.europa.eu/vocabulary/aq/pollutant/5 9907 - Blackburn Audley Park-Particulate matter less than 10 micro m (aerosol), Blackburn Audley Park-Particulate matter less than 10 micro m (aerosol)",pm10,21.3,2026-02-19 20:00:00+00,0.000,53.746730 -2.467873,,
DUP000385,aurn,aurn_register,,UKA01026,Toft Newton,,,,pm10,,,0,53.374133 -0.449788,UKA01026,Automatic Urban and Rural Monitoring Network (AURN)
DUP000385,json,sos,7347,10525,Toft Newton,6,5125,"http://dd.eionet.europa.eu/vocabulary/aq/pollutant/5 10525 - Toft Newton-Particulate matter less than 10 micro m (aerosol), Toft Newton-Particulate matter less than 10 micro m (aerosol)",pm10,15,2026-02-19 20:00:00+00,0.000,53.374133 -0.449788,,
DUP000386,aurn,aurn_register,,UKA01027,Derby Stockbrook Park,,,,pm10,,,0,52.916059 -1.492166,UKA01027,Automatic Urban and Rural Monitoring Network (AURN); Black Carbon
DUP000386,json,sos,7475,9904,Derby Stockbrook Park,188,5139,"http://dd.eionet.europa.eu/vocabulary/aq/pollutant/5 9904 - Derby Stockbrook Park-Particulate matter less than 10 micro m (aerosol), Derby Stockbrook Park-Particulate matter less than 10 micro m (aerosol)",pm10,18.5,2026-02-19 20:00:00+00,0.000,52.916059 -1.492166,,
DUP000387,aurn,aurn_register,,UKA01038,Tallington,,,,pm10,,,0,52.656308 -0.381000,UKA01038,Automatic Urban and Rural Monitoring Network (AURN)
DUP000387,json,sos,7361,10645,Tallington,22,5157,"http://dd.eionet.europa.eu/vocabulary/aq/pollutant/5 10645 - Tallington-Particulate matter less than 10 micro m (aerosol), Tallington-Particulate matter less than 10 micro m (aerosol)",pm10,10.5,2026-02-19 21:00:00+00,0.000,52.656308 -0.381000,,
DUP000388,aurn,aurn_register,,UKA01048,Nottingham Kenmore Gardens,,,,pm10,,,0,52.959441 -1.138650,UKA01048,Automatic Urban and Rural Monitoring Network (AURN); Non-Automatic Hydrocarbon Network; PAH Digitel (solid phase)
DUP000388,json,sos,7350,10540,Nottingham Kenmore Gardens,9,5174,"http://dd.eionet.europa.eu/vocabulary/aq/pollutant/5 10540 - Nottingham Kenmore Gardens-Particulate matter less than 10 micro m (aerosol), Nottingham Kenmore Gardens-Particulate matter less than 10 micro m (aerosol)",pm10,22.3,2026-02-19 21:00:00+00,0.000,52.959441 -1.138650,,
DUP000389,aurn,aurn_register,,UKA01050,Mansfield Ladybrook,,,,pm10,,,0,53.145302 -1.208302,UKA01050,Automatic Urban and Rural Monitoring Network (AURN)
DUP000389,json,sos,7357,10632,Mansfield Ladybrook,18,5234,"http://dd.eionet.europa.eu/vocabulary/aq/pollutant/5 10632 - Mansfield Ladybrook-Particulate matter less than 10 micro m (aerosol), Mansfield Ladybrook-Particulate matter less than 10 micro m (aerosol)",pm10,26.5,2026-02-19 21:00:00+00,0.067,53.145302 -1.208301,,
DUP000390,aurn,aurn_register,,UKA01052,Peterborough Garton End,,,,pm10,,,0,52.594012 -0.248945,UKA01052,Automatic Urban and Rural Monitoring Network (AURN)
DUP000390,json,sos,7358,10634,Peterborough Garton End,19,5251,"http://dd.eionet.europa.eu/vocabulary/aq/pollutant/5 10634 - Peterborough Garton End-Particulate matter less than 10 micro m (aerosol), Peterborough Garton End-Particulate matter less than 10 micro m (aerosol)",pm10,10,2026-02-19 21:00:00+00,0.000,52.594012 -0.248945,,
DUP000391,aurn,aurn_register,,UKA01054,Rotherham East Dene,,,,pm10,,,0,53.436248 -1.323872,UKA01054,Automatic Urban and Rural Monitoring Network (AURN)
DUP000391,json,sos,7356,10630,Rotherham East Dene,17,5236,"http://dd.eionet.europa.eu/vocabulary/aq/pollutant/5 10630 - Rotherham East Dene-Particulate matter less than 10 micro m (aerosol), Rotherham East Dene-Particulate matter less than 10 micro m (aerosol)",pm10,30,2026-02-19 21:00:00+00,0.066,53.436248 -1.323871,,
DUP000392,aurn,aurn_register,,UKA01055,Shrewsbury Underdale,,,,pm10,,,0,52.715083 -2.726833,UKA01055,Automatic Urban and Rural Monitoring Network (AURN); Black Carbon
DUP000392,json,sos,7369,10716,Shrewsbury Underdale,32,5267,"http://dd.eionet.europa.eu/vocabulary/aq/pollutant/5 10716 - Shrewsbury Underdale-Particulate matter less than 10 micro m (aerosol), Shrewsbury Underdale-Particulate matter less than 10 micro m (aerosol)",pm10,18.7,2026-02-19 21:00:00+00,0.000,52.715083 -2.726833,,
DUP000393,aurn,aurn_register,,UKA01061,Worthing East Ten Acres,,,,pm10,,,0,50.817286 -0.353272,UKA01061,Automatic Urban and Rural Monitoring Network (AURN)
DUP000393,json,sos,7355,10628,Worthing East Ten Acres,16,5208,"http://dd.eionet.europa.eu/vocabulary/aq/pollutant/5 10628 - Worthing East Ten Acres-Particulate matter less than 10 micro m (aerosol), Worthing East Ten Acres-Particulate matter less than 10 micro m (aerosol)",pm10,10.3,2026-02-19 21:00:00+00,0.000,50.817286 -0.353272,,
DUP000394,aurn,aurn_register,,UKA01062,Birmingham Hall Green,,,,pm10,,,0,52.437553 -1.830956,UKA01062,Automatic Urban and Rural Monitoring Network (AURN)
DUP000394,json,sos,7359,10639,Birmingham Hall Green,20,5228,"http://dd.eionet.europa.eu/vocabulary/aq/pollutant/5 10639 - Birmingham Hall Green-Particulate matter less than 10 micro m (aerosol), Birmingham Hall Green-Particulate matter less than 10 micro m (aerosol)",pm10,17.3,2026-02-19 20:00:00+00,0.000,52.437553 -1.830956,,
DUP000395,aurn,aurn_register,,UKA01064,Maidstone Upper Stone Street,,,,pm10,,,0,51.268519 0.526348,UKA01064,Automatic Urban and Rural Monitoring Network (AURN)
DUP000395,json,sos,7365,10706,Maidstone Upper Stone Street,28,5380,"http://dd.eionet.europa.eu/vocabulary/aq/pollutant/5 10706 - Maidstone Upper Stone Street-Particulate matter less than 10 micro m (aerosol), Maidstone Upper Stone Street-Particulate matter less than 10 micro m (aerosol)",pm10,10.9,2026-02-19 21:00:00+00,0.000,51.268519 0.526348,,
DUP000396,aurn,aurn_register,,UKA01085,Kielder Water,,,,pm10,,,0,55.181580 -2.453170,UKA01085,Automatic Urban and Rural Monitoring Network (AURN)
DUP000396,json,sos,7362,10689,Kielder Water,23,5395,"http://dd.eionet.europa.eu/vocabulary/aq/pollutant/5 10689 - Kielder Water-Particulate matter less than 10 micro m (aerosol), Kielder Water-Particulate matter less than 10 micro m (aerosol)",pm10,17.8,2026-02-19 20:00:00+00,0.000,55.181580 -2.453170,,
DUP000397,aurn,aurn_register,,UKA01090,Bradford Shipley Airedale Road,,,,pm10,,,0,53.795169 -1.743742,UKA01090,Automatic Urban and Rural Monitoring Network (AURN); Black Carbon
DUP000397,json,sos,7363,10694,Bradford Shipley Airedale Road,24,5424,"http://dd.eionet.europa.eu/vocabulary/aq/pollutant/5 10694 - Bradford Shipley Airedale Road-Particulate matter less than 10 micro m (aerosol), Bradford Shipley Airedale Road-Particulate matter less than 10 micro m (aerosol)",pm10,19.6,2026-02-19 20:00:00+00,0.000,53.795169 -1.743742,,
DUP000398,aurn,aurn_register,,UKA01096,Southend Shoeburyness,,,,pm10,,,0,51.537836 0.792578,UKA01096,Automatic Urban and Rural Monitoring Network (AURN)
DUP000398,json,sos,7378,11063,Southend Shoeburyness,45,5487,"http://dd.eionet.europa.eu/vocabulary/aq/pollutant/5 11063 - Southend Shoeburyness-Particulate matter less than 10 micro m (aerosol), Southend Shoeburyness-Particulate matter less than 10 micro m (aerosol)",pm10,8.9,2026-02-19 21:00:00+00,0.000,51.537836 0.792578,,
DUP000399,aurn,aurn_register,,UKA01097,Farnborough Cherrywood,,,,pm10,,,0,51.307583 -0.764982,UKA01097,Automatic Urban and Rural Monitoring Network (AURN)
DUP000399,json,sos,7374,11055,Farnborough Cherrywood,41,5483,"http://dd.eionet.europa.eu/vocabulary/aq/pollutant/5 11055 - Farnborough Cherrywood-Particulate matter less than 10 micro m (aerosol), Farnborough Cherrywood-Particulate matter less than 10 micro m (aerosol)",pm10,13.3,2026-02-19 20:00:00+00,0.000,51.307583 -0.764982,,
DUP000400,aurn,aurn_register,,UKA01098,Worcester Tolladine,,,,pm10,,,0,52.209364 -2.180563,UKA01098,Automatic Urban and Rural Monitoring Network (AURN)
DUP000400,json,sos,7380,11068,Worcester Tolladine,47,5485,"http://dd.eionet.europa.eu/vocabulary/aq/pollutant/5 11068 - Worcester Tolladine-Particulate matter less than 10 micro m (aerosol), Worcester Tolladine-Particulate matter less than 10 micro m (aerosol)",pm10,11.4,2026-02-19 20:00:00+00,0.000,52.209364 -2.180563,,
DUP000401,aurn,aurn_register,,UKA01100,London Norbury Manor School,,,,pm10,,,0,51.410040 -0.127480,UKA01100,Automatic Urban and Rural Monitoring Network (AURN)
DUP000401,json,sos,7376,11059,London Norbury Manor School,43,5489,"http://dd.eionet.europa.eu/vocabulary/aq/pollutant/5 11059 - London Norbury Manor School-Particulate matter less than 10 micro m (aerosol), London Norbury Manor School-Particulate matter less than 10 micro m (aerosol)",pm10,14.2,2026-02-19 21:00:00+00,0.000,51.410040 -0.127480,,
DUP000402,aurn,aurn_register,,UKA01102,Gloucester Tredworth,,,,pm10,,,0,51.849673 -2.234996,UKA01102,Automatic Urban and Rural Monitoring Network (AURN)
DUP000402,json,sos,7375,11057,Gloucester Tredworth,42,5481,"http://dd.eionet.europa.eu/vocabulary/aq/pollutant/5 11057 - Gloucester Tredworth-Particulate matter less than 10 micro m (aerosol), Gloucester Tredworth-Particulate matter less than 10 micro m (aerosol)",pm10,25,2026-02-19 20:00:00+00,0.000,51.849673 -2.234996,,
DUP000403,aurn,aurn_register,,UKA01103,Loughborough Thorpe Acre,,,,pm10,,,0,52.780359 -1.227659,UKA01103,Automatic Urban and Rural Monitoring Network (AURN)
DUP000403,json,sos,7377,11061,Loughborough Thorpe Acre,44,5543,"http://dd.eionet.europa.eu/vocabulary/aq/pollutant/5 11061 - Loughborough Thorpe Acre-Particulate matter less than 10 micro m (aerosol), Loughborough Thorpe Acre-Particulate matter less than 10 micro m (aerosol)",pm10,18.9,2026-02-19 21:00:00+00,0.000,52.780359 -1.227659,,
DUP000404,aurn,aurn_register,,UKA01107,Wakefield Alverthorpe,,,,pm10,,,0,53.687360 -1.522209,UKA01107,Automatic Urban and Rural Monitoring Network (AURN)
DUP000404,json,sos,7379,11066,Wakefield Alverthorpe,46,5553,"http://dd.eionet.europa.eu/vocabulary/aq/pollutant/5 11066 - Wakefield Alverthorpe-Particulate matter less than 10 micro m (aerosol), Wakefield Alverthorpe-Particulate matter less than 10 micro m (aerosol)",pm10,29.6,2026-02-19 21:00:00+00,0.000,53.687360 -1.522209,,
DUP000405,json,openaq,16457,2400,EEA Narberth - UKA00323,1677,4538,2400 PM10,pm10,7,2026-02-18 20:00:00+00,0,51.781784 -4.691462,,
DUP000405,json,sos,1736,785331,Narberth,,,Narberth-Volatile PM10,pm10,,,0.000,51.781784 -4.691462,,
DUP000405,json,sos,1731,785330,Narberth-Non,,,Narberth-Non-volatile PM10,pm10,,,0.000,51.781784 -4.691462,,
DUP000406,json,openaq,16464,2419,DEFRA High Muffles,1690,1999694,2419 PM10,pm10,21,2026-02-19 21:00:00+00,0,54.334944 -0.808550,,
DUP000406,json,sos,1093,1849,High Muffles,,,High Muffles-Anthanthrene in PM10 in aerosol,pm10,,,0.000,54.334944 -0.808550,,
DUP000406,json,sos,1094,1835,High Muffles,,,High Muffles-Benzoin aanthracene in PM10 in aerosol,pm10,,,0.000,54.334944 -0.808550,,
DUP000406,json,sos,1095,1843,High Muffles,,,High Muffles-Benzoin apyrene in PM10 in aerosol,pm10,,,0.000,54.334944 -0.808550,,
DUP000406,json,sos,1096,1839,High Muffles,,,High Muffles-Benzoin bfluoranthene in PM10 in aerosol,pm10,,,0.000,54.334944 -0.808550,,
DUP000406,json,sos,1098,1834,High Muffles,,,High Muffles-Benzoin cphenanthrene in PM10 in aerosol,pm10,,,0.000,54.334944 -0.808550,,
DUP000406,json,sos,1099,1842,High Muffles,,,High Muffles-Benzoin epyrene in PM10 in aerosol,pm10,,,0.000,54.334944 -0.808550,,
DUP000406,json,sos,1100,1848,High Muffles,,,High Muffles-Benzoin ghiperylene in PM10 in aerosol,pm10,,,0.000,54.334944 -0.808550,,
DUP000406,json,sos,1101,1841,High Muffles,,,High Muffles-Benzoin jfluoranthene in PM10 in aerosol,pm10,,,0.000,54.334944 -0.808550,,
DUP000406,json,sos,1102,1840,High Muffles,,,High Muffles-Benzoin kfluoranthene in PM10 in aerosol,pm10,,,0.000,54.334944 -0.808550,,
DUP000406,json,sos,1103,1837,High Muffles,,,High Muffles-Chrysene in PM10 in aerosol,pm10,,,0.000,54.334944 -0.808550,,
DUP000406,json,sos,1104,1852,High Muffles,,,High Muffles-Coronene in PM10 in aerosol,pm10,,,0.000,54.334944 -0.808550,,
DUP000406,json,sos,1106,1846,High Muffles,,,High Muffles-Dibenzoin acanthracene in PM10 in aerosol,pm10,,,0.000,54.334944 -0.808550,,
DUP000406,json,sos,1107,1851,High Muffles,,,High Muffles-Dibenzoin aepyrene in PM10 in aerosol,pm10,,,0.000,54.334944 -0.808550,,
DUP000406,json,sos,1108,1847,High Muffles,,,High Muffles-Dibenzoin ahanthracene in PM10 in aerosol,pm10,,,0.000,54.334944 -0.808550,,
DUP000406,json,sos,1109,1854,High Muffles,,,High Muffles-Dibenzoin ahpyrene in PM10 in aerosol,pm10,,,0.000,54.334944 -0.808550,,
DUP000406,json,sos,1110,1853,High Muffles,,,High Muffles-Dibenzoin aipyrene in PM10 in aerosol,pm10,,,0.000,54.334944 -0.808550,,
DUP000406,json,sos,1111,1850,High Muffles,,,High Muffles-Dibenzoin alpyrene in PM10 in aerosol,pm10,,,0.000,54.334944 -0.808550,,
DUP000406,json,sos,1112,1845,High Muffles,,,High Muffles-indeno_123cd_pyrene in PM10 in aerosol,pm10,,,0.000,54.334944 -0.808550,,
DUP000406,json,sos,1119,1844,High Muffles,,,High Muffles-Perylene in PM10 in aerosol,pm10,,,0.000,54.334944 -0.808550,,
DUP000406,json,sos,1092,1838,High Muffles-5,,,High Muffles-5-Methyl Chrysene in PM10 in aerosol,pm10,,,0.000,54.334944 -0.808550,,
DUP000406,json,sos,1097,1833,High Muffles-Benzoin bnaphthoin 2,,,"High Muffles-Benzoin bnaphthoin 2,1-dthiophene in PM10 in aerosol",pm10,,,0.000,54.334944 -0.808550,,
DUP000406,json,sos,1105,1836,High Muffles-Cyclopentain c,,,"High Muffles-Cyclopentain c,dpyrene in PM10 in aerosol",pm10,,,0.000,54.334944 -0.808550,,
DUP000407,json,openaq,16490,2493,EEA Norwich Lakenfields - UKA00549,1774,5168,2493 PM10,pm10,17,2026-02-19 21:00:00+00,0,52.614193 1.301976,,
DUP000407,json,sos,1828,785351,Norwich Lakenfields,,,Norwich Lakenfields-Volatile PM10,pm10,,,0.000,52.614193 1.301976,,
DUP000407,json,sos,1822,785350,Norwich Lakenfields-Non,,,Norwich Lakenfields-Non-volatile PM10,pm10,,,0.000,52.614193 1.301976,,
DUP000408,aurn,aurn_register,,UKA01108,Birmingham University,,,,pm1,,,0,52.455515 -1.928937,UKA01108,Automatic Urban and Rural Monitoring Network (AURN)
DUP000408,json,openaq,16875,2453320,AirGradient University of Birmingham 1,3004,7980455,2453320 PM1,pm1,15.8169642857143,2026-02-19 21:00:00+00,5.000,52.455488 -1.928996,,
DUP000408,json,openaq,16872,2453317,AirGradient University of Birmingham 2,2986,7980477,2453317 PM1,pm1,19.6499999364217,2026-02-19 21:00:00+00,4.332,52.455500 -1.928996,,
DUP000408,json,openaq,16870,2453314,AirGradient University of Birmingham 3,2974,7980467,2453314 PM1,pm1,19.4083332220713,2026-02-19 21:00:00+00,8.260,52.455450 -1.928996,,
DUP000408,json,openaq,16868,2453310,AirGradient University of Birmingham 4,2962,7980463,2453310 PM1,pm1,20.0625000794729,2026-02-19 21:00:00+00,13.398,52.455400 -1.928996,,
DUP000408,json,openaq,17082,5224957,"AirGradient University of Birmingham, UK",3746,14383280,5224957 PM1,pm1,,,4.300,52.455498 -1.928994,,
DUP000408,json,openaq,17146,6230637,"AirGradient University of Birmingham, UK",4058,15376875,6230637 PM1,pm1,12.0166666110357,2026-02-19 21:00:00+00,6.839,52.455532 -1.928840,,
DUP000408,json,openaq,17083,5224958,"AirGradient University of Birmingham, UK - University of Birmingham",3751,14157103,5224958 PM1,pm1,,,6.839,52.455532 -1.928840,,
DUP000408,json,openaq,17084,5225907,"AirGradient University of Birmingham, UK - University of Birmingham",3756,14153212,5225907 PM1,pm1,,,4.300,52.455498 -1.928994,,
DUP000408,json,openaq,17085,5246083,AirGradient Urban Background - University of Birmingham,3761,14153312,5246083 PM1,pm1,21.9771666526794,2026-02-19 21:00:00+00,4.646,52.455500 -1.929001,,
DUP000409,aurn,aurn_register,,UKA00012,Sibton,,,,pm25,,,0,52.294400 1.463497,UKA00012,Automatic Urban and Rural Monitoring Network (AURN); UKEAP: National Ammonia Monitoring Network
DUP000409,json,openaq,16427,2309,DEFRA Sibton,1595,7711609,2309 PM2.5,pm25,9,2026-02-19 21:00:00+00,0.000,52.294400 1.463497,,
DUP000409,json,sos,7511,10916,Sibton,251,5173,"http://dd.eionet.europa.eu/vocabulary/aq/pollutant/6001 10916 - Sibton-Particulate matter less than 2.5 micro m (aerosol), Sibton-Particulate matter less than 2.5 micro m (aerosol)",pm25,11.321,2026-02-19 21:00:00+00,0.000,52.294400 1.463497,,
DUP000410,aurn,aurn_register,,UKA00152,Lullington Heath,,,,pm25,,,0,50.793700 0.181250,UKA00152,Automatic Urban and Rural Monitoring Network (AURN); UKEAP: Acid Gases & Aerosol Network; UKEAP: National Ammonia Monitoring Network; UKEAP: Precip-Net; UKEAP: Rural NO2
DUP000410,json,openaq,16481,2455,EEA Lullington Heath - UKA00152,1740,1999691,2455 PM2.5,pm25,5,2026-02-19 21:00:00+00,0.000,50.793700 0.181250,,
DUP000410,json,sos,7603,8781,Lullington Heath,388,4945,"http://dd.eionet.europa.eu/vocabulary/aq/pollutant/6001 8781 - Lullington Heath-Particulate matter less than 2.5 micro m (aerosol), Lullington Heath-Particulate matter less than 2.5 micro m (aerosol)",pm25,8.302,2026-02-19 21:00:00+00,0.000,50.793700 0.181250,,
DUP000411,aurn,aurn_register,,UKA00166,Lough Navar,,,,pm25,,,0,54.439510 -7.900328,UKA00166,Automatic Urban and Rural Monitoring Network (AURN); Heavy Metals; UKEAP: Acid Gases & Aerosol Network; UKEAP: National Ammonia Monitoring Network; UKEAP: Precip-Net; UKEAP: Rural NO2
DUP000411,json,openaq,16445,2361,DEFRA Lough Navar,1647,28877,2361 PM2.5,pm25,8,2026-02-19 21:00:00+00,0.000,54.439510 -7.900328,,
DUP000411,json,sos,7545,7154,Lough Navar,309,4726,"http://dd.eionet.europa.eu/vocabulary/aq/pollutant/6001 7154 - Lough Navar-Particulate matter less than 2.5 micro m (aerosol), Lough Navar-Particulate matter less than 2.5 micro m (aerosol)",pm25,5.377,2026-02-19 21:00:00+00,0.000,54.439510 -7.900328,,
DUP000412,aurn,aurn_register,,UKA00168,Yarner Wood,,,,pm25,,,0,50.597600 -3.716510,UKA00168,Automatic Urban and Rural Monitoring Network (AURN); Heavy Metals; UKEAP: Acid Gases & Aerosol Network; UKEAP: National Ammonia Monitoring Network; UKEAP: Precip-Net; UKEAP: Rural NO2
DUP000412,json,openaq,16472,2436,DEFRA Yarner Wood,1717,2012316,2436 PM2.5,pm25,3,2026-02-19 21:00:00+00,0.000,50.597600 -3.716510,,
DUP000412,json,sos,7606,8787,Yarner Wood,391,4972,"http://dd.eionet.europa.eu/vocabulary/aq/pollutant/6001 8787 - Yarner Wood-Particulate matter less than 2.5 micro m (aerosol), Yarner Wood-Particulate matter less than 2.5 micro m (aerosol)",pm25,3.302,2026-02-19 20:00:00+00,0.000,50.597600 -3.716510,,
DUP000413,aurn,aurn_register,,UKA00169,High Muffles,,,,pm25,,,0,54.334497 -0.808820,UKA00169,Automatic Urban and Rural Monitoring Network (AURN); PAH Digitel (solid phase); TOMPs; UKEAP: Acid Gases & Aerosol Network; UKEAP: National Ammonia Monitoring Network; UKEAP: Precip-Net; UKEAP: Rural NO2
DUP000413,json,sos,1118,787088,High Muffles,386,4943,"http://dd.eionet.europa.eu/vocabulary/aq/pollutant/6001 8779 - High Muffles-Particulate matter less than 2.5 micro m (aerosol), High Muffles-Particulate matter less than 2.5 micro m (aerosol)",pm25,8.868,2026-02-19 20:00:00+00,0.000,54.334497 -0.808820,,
DUP000414,aurn,aurn_register,,UKA00170,Glazebury,,,,pm25,,,0,53.460080 -2.472056,UKA00170,Automatic Urban and Rural Monitoring Network (AURN); Black Carbon
DUP000414,json,openaq,16471,2431,EEA Glazebury - UKA00170,1713,1999696,2431 PM2.5,pm25,9,2026-02-19 21:00:00+00,0.000,53.460080 -2.472056,,
DUP000414,json,sos,7602,8777,Glazebury,385,4941,"http://dd.eionet.europa.eu/vocabulary/aq/pollutant/6001 8777 - Glazebury-Particulate matter less than 2.5 micro m (aerosol), Glazebury-Particulate matter less than 2.5 micro m (aerosol)",pm25,15.472,2026-02-19 21:00:00+00,0.000,53.460080 -2.472056,,
DUP000415,aurn,aurn_register,,UKA00171,Ladybower,,,,pm25,,,0,53.403370 -1.752006,UKA00171,Automatic Urban and Rural Monitoring Network (AURN); Black Carbon; UKEAP: Acid Gases & Aerosol Network; UKEAP: National Ammonia Monitoring Network
DUP000415,json,openaq,16438,2337,EEA Ladybower - UKA00171,1624,9747495,2337 PM2.5,pm25,9,2026-02-19 21:00:00+00,0.000,53.403370 -1.752006,,
DUP000415,json,sos,7512,10926,Ladybower,252,5193,"http://dd.eionet.europa.eu/vocabulary/aq/pollutant/6001 10926 - Ladybower-Particulate matter less than 2.5 micro m (aerosol), Ladybower-Particulate matter less than 2.5 micro m (aerosol)",pm25,16.793,2026-02-19 21:00:00+00,0.000,53.403370 -1.752006,,
DUP000416,aurn,aurn_register,,UKA00181,Sheffield Tinsley,,,,pm25,,,0,53.410580 -1.396139,UKA00181,Automatic Urban and Rural Monitoring Network (AURN); Heavy Metals; PAH Digitel (solid phase)
DUP000416,json,openaq,16480,2454,EEA Sheffield Tinsley - UKA00181,1736,1927061,2454 PM2.5,pm25,16,2026-02-19 21:00:00+00,0.000,53.410580 -1.396139,,
DUP000416,json,sos,7598,8769,Sheffield Tinsley,381,4913,"http://dd.eionet.europa.eu/vocabulary/aq/pollutant/6001 8769 - Sheffield Tinsley-Particulate matter less than 2.5 micro m (aerosol), Sheffield Tinsley-Particulate matter less than 2.5 micro m (aerosol)",pm25,18.962,2026-02-19 21:00:00+00,0.000,53.410580 -1.396139,,
DUP000417,aurn,aurn_register,,UKA00211,London Bloomsbury,,,,pm25,,,0,51.522290 -0.125889,UKA00211,Automatic Urban and Rural Monitoring Network (AURN); Non-Automatic Hydrocarbon Network
DUP000417,json,openaq,16376,148,EEA London Bloomsbury - UKA00211,1430,232,148 PM2.5,pm25,6,2026-02-19 21:00:00+00,0.000,51.522290 -0.125889,,
DUP000417,json,sos,1389,785226,London Bloomsbury,,,London Bloomsbury-Volatile PM2.5,pm25,,,0.000,51.522290 -0.125889,,
DUP000417,json,sos,7577,7596,London Bloomsbury,347,2017,"http://dd.eionet.europa.eu/vocabulary/aq/pollutant/6001 7596 - London Bloomsbury-Particulate matter less than 2.5 micro m (aerosol), London Bloomsbury-Particulate matter less than 2.5 micro m (aerosol)",pm25,11.415,2026-02-19 21:00:00+00,0.000,51.522290 -0.125889,,
DUP000417,json,sos,1386,845,London Bloomsbury,370,151,"http://dd.eionet.europa.eu/vocabulary/aq/pollutant/6001 845 - London Bloomsbury-Particulate matter less than 2.5 micro m (aerosol), London Bloomsbury-Particulate matter less than 2.5 micro m (aerosol)",pm25,,,0.000,51.522290 -0.125889,,
DUP000417,json,sos,1383,785229,London Bloomsbury-Non,,,London Bloomsbury-Non-volatile PM2.5,pm25,,,0.000,51.522290 -0.125889,,
DUP000418,aurn,aurn_register,,UKA00212,Belfast Centre,,,,pm25,,,0,54.599650 -5.928833,UKA00212,Automatic Urban and Rural Monitoring Network (AURN); Black Carbon; Heavy Metals; Non-Automatic Hydrocarbon Network; UKEAP: National Ammonia Monitoring Network
DUP000418,json,openaq,16503,2527,EEA Belfast Centre - UKA00212,1830,4989,2527 PM2.5,pm25,14,2026-02-19 21:00:00+00,0.000,54.599650 -5.928833,,
DUP000418,json,sos,287,785211,Belfast Centre,,,Belfast Centre-Volatile PM2.5,pm25,,,0.000,54.599650 -5.928833,,
DUP000418,json,sos,7553,7503,Belfast Centre,320,1934,"http://dd.eionet.europa.eu/vocabulary/aq/pollutant/6001 7503 - Belfast Centre-Particulate matter less than 2.5 micro m (aerosol), Belfast Centre-Particulate matter less than 2.5 micro m (aerosol)",pm25,13.208,2026-02-19 21:00:00+00,0.000,54.599650 -5.928833,,
DUP000418,json,sos,283,763,Belfast Centre,352,64,"http://dd.eionet.europa.eu/vocabulary/aq/pollutant/6001 763 - Belfast Centre-Particulate matter less than 2.5 micro m (aerosol), Belfast Centre-Particulate matter less than 2.5 micro m (aerosol)",pm25,,,0.000,54.599650 -5.928833,,
DUP000418,json,sos,280,785210,Belfast Centre-Non,,,Belfast Centre-Non-volatile PM2.5,pm25,,,0.000,54.599650 -5.928833,,
DUP000419,aurn,aurn_register,,UKA00213,Newcastle Centre,,,,pm25,,,0,54.978250 -1.610528,UKA00213,Automatic Urban and Rural Monitoring Network (AURN); Black Carbon; Non-Automatic Hydrocarbon Network; PAH Digitel (solid phase)
DUP000419,json,openaq,16418,2051,DEFRA Newcastle Centre,1574,5079251,2051 PM2.5,pm25,11,2026-02-19 16:00:00+00,0.000,54.978250 -1.610528,,
DUP000419,json,sos,1765,1045,Newcastle Centre,208,369,"http://dd.eionet.europa.eu/vocabulary/aq/pollutant/6001 1045 - Newcastle Centre-Particulate matter less than 2.5 micro m (aerosol), Newcastle Centre-Particulate matter less than 2.5 micro m (aerosol)",pm25,,,0.000,54.978250 -1.610528,,
DUP000419,json,sos,7579,7602,Newcastle Centre,349,2226,"http://dd.eionet.europa.eu/vocabulary/aq/pollutant/6001 7602 - Newcastle Centre-Particulate matter less than 2.5 micro m (aerosol), Newcastle Centre-Particulate matter less than 2.5 micro m (aerosol)",pm25,-99,2026-02-19 21:00:00+00,0.000,54.978250 -1.610528,,
DUP000420,aurn,aurn_register,,UKA00217,Cardiff Centre,,,,pm25,,,0,51.481780 -3.176250,UKA00217,Automatic Urban and Rural Monitoring Network (AURN); Black Carbon
DUP000420,json,openaq,16486,2485,DEFRA Cardiff Centre,1760,4787,2485 PM2.5,pm25,7,2026-02-19 21:00:00+00,0.000,51.481780 -3.176250,,
DUP000420,json,sos,505,785205,Cardiff Centre,,,Cardiff Centre-Volatile PM2.5,pm25,,,0.000,51.481780 -3.176250,,
DUP000420,json,sos,7581,7800,Cardiff Centre,355,1995,"http://dd.eionet.europa.eu/vocabulary/aq/pollutant/6001 7800 - Cardiff Centre-Particulate matter less than 2.5 micro m (aerosol), Cardiff Centre-Particulate matter less than 2.5 micro m (aerosol)",pm25,12,2026-02-19 21:00:00+00,0.000,51.481780 -3.176250,,
DUP000420,json,sos,502,818,Cardiff Centre,367,128,"http://dd.eionet.europa.eu/vocabulary/aq/pollutant/6001 818 - Cardiff Centre-Particulate matter less than 2.5 micro m (aerosol), Cardiff Centre-Particulate matter less than 2.5 micro m (aerosol)",pm25,,,0.000,51.481780 -3.176250,,
DUP000420,json,sos,499,785204,Cardiff Centre-Non,,,Cardiff Centre-Non-volatile PM2.5,pm25,,,0.000,51.481780 -3.176250,,
DUP000421,aurn,aurn_register,,UKA00220,Middlesbrough,,,,pm25,,,0,54.569297 -1.220874,UKA00220,Automatic Urban and Rural Monitoring Network (AURN); Non-Automatic Hydrocarbon Network; PAH Digitel (solid phase)
DUP000421,json,openaq,16405,824,DEFRA Middlesbrough,1533,1467,824 PM2.5,pm25,1,2026-02-16 21:00:00+00,0.000,54.569297 -1.220874,,
DUP000421,json,sos,1710,785251,Middlesbrough,,,Middlesbrough-Volatile PM2.5,pm25,,,0.000,54.569297 -1.220874,,
DUP000421,json,sos,1706,1024,Middlesbrough,206,349,"http://dd.eionet.europa.eu/vocabulary/aq/pollutant/6001 1024 - Middlesbrough-Particulate matter less than 2.5 micro m (aerosol), Middlesbrough-Particulate matter less than 2.5 micro m (aerosol)",pm25,,,0.000,54.569297 -1.220874,,
DUP000421,json,sos,7578,7599,Middlesbrough,348,2206,"http://dd.eionet.europa.eu/vocabulary/aq/pollutant/6001 7599 - Middlesbrough-Particulate matter less than 2.5 micro m (aerosol), Middlesbrough-Particulate matter less than 2.5 micro m (aerosol)",pm25,-99,2026-02-19 21:00:00+00,0.000,54.569297 -1.220874,,
DUP000421,json,sos,1703,785250,Middlesbrough-Non,,,Middlesbrough-Non-volatile PM2.5,pm25,,,0.000,54.569297 -1.220874,,
DUP000422,aurn,aurn_register,,UKA00222,Leeds Centre,,,,pm25,,,0,53.803780 -1.546472,UKA00222,Automatic Urban and Rural Monitoring Network (AURN); Non-Automatic Hydrocarbon Network
DUP000422,json,openaq,16501,2523,DEFRA Leeds Centre,1820,4960,2523 PM2.5,pm25,18,2026-02-19 21:00:00+00,0.000,53.803780 -1.546472,,
DUP000422,json,sos,7574,7589,Leeds Centre,344,2163,"http://dd.eionet.europa.eu/vocabulary/aq/pollutant/6001 7589 - Leeds Centre-Particulate matter less than 2.5 micro m (aerosol), Leeds Centre-Particulate matter less than 2.5 micro m (aerosol)",pm25,19.623,2026-02-19 21:00:00+00,0.000,53.803780 -1.546472,,
DUP000422,json,sos,1274,983,Leeds Centre,404,306,"http://dd.eionet.europa.eu/vocabulary/aq/pollutant/6001 983 - Leeds Centre-Particulate matter less than 2.5 micro m (aerosol), Leeds Centre-Particulate matter less than 2.5 micro m (aerosol)",pm25,,,0.000,53.803780 -1.546472,,
DUP000423,aurn,aurn_register,,UKA00235,Southampton Centre,,,,pm25,,,0,50.908173 -1.395757,UKA00235,Automatic Urban and Rural Monitoring Network (AURN); Non-Automatic Hydrocarbon Network; PAH Digitel (solid phase)
DUP000423,json,openaq,16394,698,EEA Southampton Centre - UKA00235,1493,1213,698 PM2.5,pm25,6,2026-02-19 21:00:00+00,3.954,50.908140 -1.395778,,
DUP000423,json,sos,2160,785219,Southampton Centre,,,Southampton Centre-Volatile PM2.5,pm25,,,3.954,50.908140 -1.395778,,
DUP000423,json,sos,2157,1138,Southampton Centre,270,468,"http://dd.eionet.europa.eu/vocabulary/aq/pollutant/6001 1138 - Southampton Centre-Particulate matter less than 2.5 micro m (aerosol), Southampton Centre-Particulate matter less than 2.5 micro m (aerosol)",pm25,,,0.000,50.908173 -1.395757,,
DUP000423,json,sos,2157,1138,Southampton Centre,350,2325,"http://dd.eionet.europa.eu/vocabulary/aq/pollutant/6001 7605 - Southampton Centre-Particulate matter less than 2.5 micro m (aerosol), Southampton Centre-Particulate matter less than 2.5 micro m (aerosol)",pm25,7.264,2026-02-19 20:00:00+00,0.000,50.908173 -1.395757,,
DUP000423,json,sos,2154,785218,Southampton Centre-Non,,,Southampton Centre-Non-volatile PM2.5,pm25,,,3.954,50.908140 -1.395778,,
DUP000424,aurn,aurn_register,,UKA00238,London Bexley,,,,pm25,,,0,51.466030 0.184806,UKA00238,Automatic Urban and Rural Monitoring Network (AURN)
DUP000424,json,breathelondon,7737,CLDP0013,Slade Green (reference co-location),47821,CLDP0013:IPM25,Slade Green (reference co-location) PM2.5,pm25,23.533132,2026-02-19 20:00:00+00,7.096,51.465984 0.184877,,
DUP000424,json,openaq,16385,157,LAQN Bexley - Slade Green Fidas,1464,254,157 PM2.5,pm25,7,2026-02-19 21:00:00+00,7.177,51.465983 0.184877,,
DUP000424,json,sos,1375,768,London Bexley,353,68,"http://dd.eionet.europa.eu/vocabulary/aq/pollutant/6001 768 - London Bexley-Particulate matter less than 2.5 micro m (aerosol), London Bexley-Particulate matter less than 2.5 micro m (aerosol)",pm25,,,0.000,51.466030 0.184806,,
DUP000424,json,sos,7582,7801,London Bexley,356,1938,"http://dd.eionet.europa.eu/vocabulary/aq/pollutant/6001 7801 - London Bexley-Particulate matter less than 2.5 micro m (aerosol), GB_SamplingFeature_missingFOI",pm25,10.094,2026-02-19 21:00:00+00,0.000,51.466030 0.184806,,
DUP000425,aurn,aurn_register,,UKA00247,Liverpool Speke,,,,pm25,,,0,53.346330 -2.844333,UKA00247,Automatic Urban and Rural Monitoring Network (AURN); Non-Automatic Hydrocarbon Network; PAH Digitel (solid phase)
DUP000425,json,openaq,16492,2507,EEA Liverpool Speke - UKA00247,1783,4870,2507 PM2.5,pm25,10,2026-02-19 21:00:00+00,0.000,53.346330 -2.844333,,
DUP000425,json,sos,1369,785217,Liverpool Speke,,,Liverpool Speke-Volatile PM2.5,pm25,,,0.000,53.346330 -2.844333,,
DUP000425,json,sos,1365,1009,Liverpool Speke,204,332,"http://dd.eionet.europa.eu/vocabulary/aq/pollutant/6001 1009 - Liverpool Speke-Particulate matter less than 2.5 micro m (aerosol), Liverpool Speke-Particulate matter less than 2.5 micro m (aerosol)",pm25,,,0.000,53.346330 -2.844333,,
DUP000425,json,sos,7544,7152,Liverpool Speke,308,2189,"http://dd.eionet.europa.eu/vocabulary/aq/pollutant/6001 7152 - Liverpool Speke-Particulate matter less than 2.5 micro m (aerosol), Liverpool Speke-Particulate matter less than 2.5 micro m (aerosol)",pm25,11,2026-02-19 21:00:00+00,0.000,53.346330 -2.844333,,
DUP000425,json,sos,1362,785216,Liverpool Speke-Non,,,Liverpool Speke-Non-volatile PM2.5,pm25,,,0.000,53.346330 -2.844333,,
DUP000426,aurn,aurn_register,,UKA00248,Manchester Piccadilly,,,,pm25,,,0,53.481520 -2.237881,UKA00248,Automatic Urban and Rural Monitoring Network (AURN); Non-Automatic Hydrocarbon Network
DUP000426,json,openaq,16429,2312,DEFRA Manchester Piccadilly,1602,5269,2312 PM2.5,pm25,13,2026-02-19 21:00:00+00,0.000,53.481520 -2.237881,,
DUP000426,json,sos,1654,785241,Manchester Piccadilly,,,Manchester Piccadilly-Volatile PM2.5,pm25,,,0.000,53.481520 -2.237881,,
DUP000426,json,sos,1652,1014,Manchester Piccadilly,205,340,"http://dd.eionet.europa.eu/vocabulary/aq/pollutant/6001 1014 - Manchester Piccadilly-Particulate matter less than 2.5 micro m (aerosol), Manchester Piccadilly-Particulate matter less than 2.5 micro m (aerosol)",pm25,,,0.000,53.481520 -2.237881,,
DUP000426,json,sos,7584,7992,Manchester Piccadilly,360,2197,"http://dd.eionet.europa.eu/vocabulary/aq/pollutant/6001 7992 - Manchester Piccadilly-Particulate matter less than 2.5 micro m (aerosol), Manchester Piccadilly-Particulate matter less than 2.5 micro m (aerosol)",pm25,21.887,2026-02-19 21:00:00+00,0.000,53.481520 -2.237881,,
DUP000426,json,sos,1649,785240,Manchester Piccadilly-Non,,,Manchester Piccadilly-Non-volatile PM2.5,pm25,,,0.000,53.481520 -2.237881,,
DUP000427,aurn,aurn_register,,UKA00251,Rochester Stoke,,,,pm25,,,0,51.456170 0.634889,UKA00251,Automatic Urban and Rural Monitoring Network (AURN)
DUP000427,json,openaq,16514,2558,DEFRA Rochester Stoke,1871,5217,2558 PM2.5,pm25,6,2026-02-19 21:00:00+00,0.000,51.456170 0.634889,,
DUP000427,json,sos,1972,785341,Rochester Stoke,,,Rochester Stoke-Volatile PM2.5,pm25,,,0.000,51.456170 0.634889,,
DUP000427,json,sos,1969,2734,Rochester Stoke,281,435,"http://dd.eionet.europa.eu/vocabulary/aq/pollutant/6001 2734 - Rochester Stoke-Particulate matter less than 2.5 micro m (aerosol), Rochester Stoke-Particulate matter less than 2.5 micro m (aerosol)",pm25,,,0.000,51.456170 0.634889,,
DUP000427,json,sos,7546,7160,Rochester Stoke,311,2292,"http://dd.eionet.europa.eu/vocabulary/aq/pollutant/6001 7160 - Rochester Stoke-Particulate matter less than 2.5 micro m (aerosol), Rochester Stoke-Particulate matter less than 2.5 micro m (aerosol)",pm25,7.359,2026-02-19 20:00:00+00,0.000,51.456170 0.634889,,
DUP000427,json,sos,1966,785340,Rochester Stoke-Non,,,Rochester Stoke-Non-volatile PM2.5,pm25,,,0.000,51.456170 0.634889,,
DUP000428,aurn,aurn_register,,UKA00253,London N. Kensington,,,,pm25,,,0,51.521050 -0.213419,UKA00253,Automatic Urban and Rural Monitoring Network (AURN); Black Carbon
DUP000428,json,openaq,16383,155,DEFRA London N. Kensington,1457,249,155 PM2.5,pm25,6,2026-02-19 21:00:00+00,5.051,51.521050 -0.213492,,
DUP000428,json,sos,1580,785285,London N. Kensington,,,London N. Kensington-Volatile PM2.5,pm25,,,5.051,51.521050 -0.213492,,
DUP000428,json,sos,1575,962,London N. Kensington,354,2135,"http://dd.eionet.europa.eu/vocabulary/aq/pollutant/6001 7798 - London N. Kensington-Particulate matter less than 2.5 micro m (aerosol), GB_SamplingFeature_missingFOI",pm25,12.547,2026-02-19 21:00:00+00,5.051,51.521050 -0.213492,,
DUP000428,json,sos,1575,962,London N. Kensington,400,278,"http://dd.eionet.europa.eu/vocabulary/aq/pollutant/6001 962 - London N. Kensington-Particulate matter less than 2.5 micro m (aerosol), London N. Kensington-Particulate matter less than 2.5 micro m (aerosol)",pm25,,,5.051,51.521050 -0.213492,,
DUP000428,json,sos,1572,785284,London N. Kensington-Non,,,London N. Kensington-Non-volatile PM2.5,pm25,,,5.051,51.521050 -0.213492,,
DUP000429,aurn,aurn_register,,UKA00259,Camden Kerbside,,,,pm25,,,0,51.544233 -0.175228,UKA00259,Automatic Urban and Rural Monitoring Network (AURN)
DUP000429,json,openaq,16380,152,DEFRA Camden Kerbside,1442,235,152 PM2.5,pm25,10,2026-02-19 21:00:00+00,3.818,51.544210 -0.175269,,
DUP000429,json,sos,479,785293,Camden Kerbside,,,Camden Kerbside-Volatile PM2.5,pm25,,,3.818,51.544210 -0.175269,,
DUP000429,json,sos,477,806,Camden Kerbside,361,5,"http://dd.eionet.europa.eu/vocabulary/aq/pollutant/6001 806 - Camden Kerbside-Particulate matter less than 2.5 micro m (aerosol), Camden Kerbside-Particulate matter less than 2.5 micro m (aerosol)",pm25,,,3.818,51.544210 -0.175269,,
DUP000429,json,sos,477,806,Camden Kerbside,394,1980,"http://dd.eionet.europa.eu/vocabulary/aq/pollutant/6001 8907 - Camden Kerbside-Particulate matter less than 2.5 micro m (aerosol), GB_SamplingFeature_missingFOI",pm25,16,2026-02-19 20:00:00+00,3.818,51.544210 -0.175269,,
DUP000429,json,sos,475,785292,Camden Kerbside-Non,,,Camden Kerbside-Non-volatile PM2.5,pm25,,,3.818,51.544210 -0.175269,,
DUP000430,aurn,aurn_register,,UKA00265,Leamington Spa,,,,pm25,,,0,52.288810 -1.533119,UKA00265,Automatic Urban and Rural Monitoring Network (AURN); Non-Automatic Hydrocarbon Network
DUP000430,json,openaq,16507,2535,DEFRA Leamington Spa,1846,5034,2535 PM2.5,pm25,10,2026-02-19 21:00:00+00,0.000,52.288810 -1.533119,,
DUP000430,json,sos,1266,785249,Leamington Spa,,,Leamington Spa-Volatile PM2.5,pm25,,,0.000,52.288810 -1.533119,,
DUP000430,json,sos,7561,7538,Leamington Spa,330,2145,"http://dd.eionet.europa.eu/vocabulary/aq/pollutant/6001 7538 - Leamington Spa-Particulate matter less than 2.5 micro m (aerosol), Leamington Spa-Particulate matter less than 2.5 micro m (aerosol)",pm25,20,2026-02-19 21:00:00+00,0.000,52.288810 -1.533119,,
DUP000430,json,sos,1254,968,Leamington Spa,401,288,"http://dd.eionet.europa.eu/vocabulary/aq/pollutant/6001 968 - Leamington Spa-Particulate matter less than 2.5 micro m (aerosol), Leamington Spa-Particulate matter less than 2.5 micro m (aerosol)",pm25,,,0.000,52.288810 -1.533119,,
DUP000430,json,sos,1251,785248,Leamington Spa-Non,,,Leamington Spa-Non-volatile PM2.5,pm25,,,0.000,52.288810 -1.533119,,
DUP000431,aurn,aurn_register,,UKA00266,London Hillingdon,,,,pm25,,,0,51.496330 -0.460861,UKA00266,Automatic Urban and Rural Monitoring Network (AURN)
DUP000431,json,openaq,16381,153,DEFRA London Hillingdon,1446,1927060,153 PM2.5,pm25,8,2026-02-19 21:00:00+00,0.000,51.496330 -0.460861,,
DUP000431,json,sos,7597,8767,London Hillingdon,380,4914,"http://dd.eionet.europa.eu/vocabulary/aq/pollutant/6001 8767 - London Hillingdon-Particulate matter less than 2.5 micro m (aerosol), London Hillingdon-Particulate matter less than 2.5 micro m (aerosol)",pm25,13.962,2026-02-19 21:00:00+00,0.000,51.496330 -0.460861,,
DUP000432,aurn,aurn_register,,UKA00272,Thurrock,,,,pm25,,,0,51.477070 0.317969,UKA00272,Automatic Urban and Rural Monitoring Network (AURN)
DUP000432,json,openaq,16455,2395,EEA Thurrock - UKA00272,1672,2572698,2395 PM2.5,pm25,7,2026-02-19 21:00:00+00,0.000,51.477070 0.317969,,
DUP000432,json,sos,7609,8947,Thurrock,396,5012,"http://dd.eionet.europa.eu/vocabulary/aq/pollutant/6001 8947 - Thurrock-Particulate matter less than 2.5 micro m (aerosol), Thurrock-Particulate matter less than 2.5 micro m (aerosol)",pm25,9.151,2026-02-19 21:00:00+00,0.000,51.477070 0.317969,,
DUP000433,aurn,aurn_register,,UKA00315,London Marylebone Road,,,,pm25,,,0,51.522530 -0.154611,UKA00315,Automatic Hydrocarbon Network; Automatic Urban and Rural Monitoring Network (AURN); Black Carbon; Heavy Metals; PAH Digitel (solid phase); Particle Concentrations and Numbers Network; UK Urban NO2 Network
DUP000433,json,openaq,16382,154,DEFRA London Marylebone Road,1451,246,154 PM2.5,pm25,16,2026-02-19 21:00:00+00,0.000,51.522530 -0.154611,,
DUP000433,json,sos,1565,785311,London Marylebone Road,,,London Marylebone Road-Volatile PM2.5,pm25,,,0.000,51.522530 -0.154611,,
DUP000433,json,sos,1556,1033,London Marylebone Road,207,359,"http://dd.eionet.europa.eu/vocabulary/aq/pollutant/6001 1033 - London Marylebone Road-Particulate matter less than 2.5 micro m (aerosol), London Marylebone Road-Particulate matter less than 2.5 micro m (aerosol)",pm25,,,0.000,51.522530 -0.154611,,
DUP000433,json,sos,7608,8909,London Marylebone Road,395,2216,"http://dd.eionet.europa.eu/vocabulary/aq/pollutant/6001 8909 - London Marylebone Road-Particulate matter less than 2.5 micro m (aerosol), GB_SamplingFeature_missingFOI",pm25,22,2026-02-19 21:00:00+00,0.000,51.522530 -0.154611,,
DUP000433,json,sos,1549,785310,London Marylebone Road-Non,,,London Marylebone Road-Non-volatile PM2.5,pm25,,,0.000,51.522530 -0.154611,,
DUP000434,aurn,aurn_register,,UKA00323,Narberth,,,,pm25,,,0,51.782616 -4.692370,UKA00323,Automatic Urban and Rural Monitoring Network (AURN); UKEAP: Acid Gases & Aerosol Network; UKEAP: National Ammonia Monitoring Network
DUP000434,json,sos,1734,786101,Narberth,310,4713,"http://dd.eionet.europa.eu/vocabulary/aq/pollutant/6001 7156 - Narberth-Particulate matter less than 2.5 micro m (aerosol), Narberth-Particulate matter less than 2.5 micro m (aerosol)",pm25,4.906,2026-02-19 21:00:00+00,0.000,51.782616 -4.692370,,
DUP000435,aurn,aurn_register,,UKA00337,Stoke-on-Trent Centre,,,,pm25,,,0,53.028210 -2.175133,UKA00337,Automatic Urban and Rural Monitoring Network (AURN); Non-Automatic Hydrocarbon Network
DUP000435,json,openaq,16520,2579,DEFRA Stoke-on-Trent Centre,1893,5312,2579 PM2.5,pm25,11,2026-02-19 21:00:00+00,0.000,53.028210 -2.175133,,
DUP000435,json,sos,2256,1143,Stoke-on-Trent Centre,271,474,"http://dd.eionet.europa.eu/vocabulary/aq/pollutant/6001 1143 - Stoke-on-Trent Centre-Particulate matter less than 2.5 micro m (aerosol), Stoke-on-Trent Centre-Particulate matter less than 2.5 micro m (aerosol)",pm25,,,0.000,53.028210 -2.175133,,
DUP000435,json,sos,7569,7566,Stoke-on-Trent Centre,339,2330,"http://dd.eionet.europa.eu/vocabulary/aq/pollutant/6001 7566 - Stoke-on-Trent Centre-Particulate matter less than 2.5 micro m (aerosol), Stoke-on-Trent Centre-Particulate matter less than 2.5 micro m (aerosol)",pm25,14.906,2026-02-19 21:00:00+00,0.000,53.028210 -2.175133,,
DUP000436,aurn,aurn_register,,UKA00339,Salford Eccles,,,,pm25,,,0,53.484810 -2.334139,UKA00339,Automatic Urban and Rural Monitoring Network (AURN); PAH Digitel (solid phase)
DUP000436,json,openaq,16395,718,DEFRA Salford Eccles,1498,4850,718 PM2.5,pm25,14,2026-02-19 21:00:00+00,0.000,53.484810 -2.334139,,
DUP000436,json,sos,2037,785245,Salford Eccles,,,Salford Eccles-Volatile PM2.5,pm25,,,0.000,53.484810 -2.334139,,
DUP000436,json,sos,7536,7108,Salford Eccles,300,2050,"http://dd.eionet.europa.eu/vocabulary/aq/pollutant/6001 7108 - Salford Eccles-Particulate matter less than 2.5 micro m (aerosol), Salford Eccles-Particulate matter less than 2.5 micro m (aerosol)",pm25,24.434,2026-02-19 21:00:00+00,0.000,53.484810 -2.334139,,
DUP000436,json,sos,2033,877,Salford Eccles,387,190,"http://dd.eionet.europa.eu/vocabulary/aq/pollutant/6001 877 - Salford Eccles-Particulate matter less than 2.5 micro m (aerosol), Salford Eccles-Particulate matter less than 2.5 micro m (aerosol)",pm25,,,0.000,53.484810 -2.334139,,
DUP000436,json,sos,2030,785244,Salford Eccles-Non,,,Salford Eccles-Non-volatile PM2.5,pm25,,,0.000,53.484810 -2.334139,,
DUP000437,aurn,aurn_register,,UKA00353,Barnsley Gawber,,,,pm25,,,0,53.562920 -1.510436,UKA00353,Automatic Urban and Rural Monitoring Network (AURN); Black Carbon; Non-Automatic Hydrocarbon Network
DUP000437,json,openaq,16434,2323,EEA Barnsley Gawber - UKA00353,1611,4663062,2323 PM2.5,pm25,17,2026-02-19 21:00:00+00,0.000,53.562920 -1.510436,,
DUP000437,json,sos,7610,9900,Barnsley Gawber,405,5074,"http://dd.eionet.europa.eu/vocabulary/aq/pollutant/6001 9900 - Barnsley Gawber-Particulate matter less than 2.5 micro m (aerosol), Barnsley Gawber-Particulate matter less than 2.5 micro m (aerosol)",pm25,19.34,2026-02-19 21:00:00+00,0.000,53.562920 -1.510436,,
DUP000438,aurn,aurn_register,,UKA00360,Plymouth Centre,,,,pm25,,,0,50.371670 -4.142361,UKA00360,Automatic Urban and Rural Monitoring Network (AURN); PAH Digitel (solid phase)
DUP000438,json,openaq,16488,2488,EEA Plymouth Centre - UKA00360,1768,5284,2488 PM2.5,pm25,5,2026-02-19 21:00:00+00,0.000,50.371670 -4.142361,,
DUP000438,json,sos,1890,1085,Plymouth Centre,249,409,"http://dd.eionet.europa.eu/vocabulary/aq/pollutant/6001 1085 - Plymouth Centre-Particulate matter less than 2.5 micro m (aerosol), Plymouth Centre-Particulate matter less than 2.5 micro m (aerosol)",pm25,,,0.000,50.371670 -4.142361,,
DUP000438,json,sos,7587,8134,Plymouth Centre,364,2266,"http://dd.eionet.europa.eu/vocabulary/aq/pollutant/6001 8134 - Plymouth Centre-Particulate matter less than 2.5 micro m (aerosol), Plymouth Centre-Particulate matter less than 2.5 micro m (aerosol)",pm25,10.472,2026-02-19 21:00:00+00,0.000,50.371670 -4.142361,,
DUP000439,aurn,aurn_register,,UKA00362,Wicken Fen,,,,pm25,,,0,52.298500 0.290917,UKA00362,Automatic Urban and Rural Monitoring Network (AURN); Black Carbon
DUP000439,json,openaq,16404,804,EEA Wicken Fen - UKA00362,1528,1999688,804 PM2.5,pm25,8,2026-02-19 21:00:00+00,0.000,52.298500 0.290917,,
DUP000439,json,sos,7605,8785,Wicken Fen,390,4957,"http://dd.eionet.europa.eu/vocabulary/aq/pollutant/6001 8785 - Wicken Fen-Particulate matter less than 2.5 micro m (aerosol), Wicken Fen-Particulate matter less than 2.5 micro m (aerosol)",pm25,8.491,2026-02-19 21:00:00+00,0.000,52.298500 0.290917,,
DUP000440,aurn,aurn_register,,UKA00380,Newport,,,,pm25,,,0,51.601203 -2.977281,UKA00380,Automatic Urban and Rural Monitoring Network (AURN); Non-Automatic Hydrocarbon Network; PAH Digitel (solid phase)
DUP000440,json,openaq,16399,764,DEFRA Newport,1511,1314,764 PM2.5,pm25,5,2026-02-19 21:00:00+00,0.000,51.601203 -2.977281,,
DUP000440,json,sos,1803,785267,Newport,,,Newport-Volatile PM2.5,pm25,,,0.000,51.601203 -2.977281,,
DUP000440,json,sos,1800,1061,Newport,216,384,"http://dd.eionet.europa.eu/vocabulary/aq/pollutant/6001 1061 - Newport-Particulate matter less than 2.5 micro m (aerosol), Newport-Particulate matter less than 2.5 micro m (aerosol)",pm25,,,0.000,51.601203 -2.977281,,
DUP000440,json,sos,7537,7112,Newport,301,2241,"http://dd.eionet.europa.eu/vocabulary/aq/pollutant/6001 7112 - Newport-Particulate matter less than 2.5 micro m (aerosol), Newport-Particulate matter less than 2.5 micro m (aerosol)",pm25,12.359,2026-02-19 21:00:00+00,0.000,51.601203 -2.977281,,
DUP000440,json,sos,1798,785266,Newport-Non,,,Newport-Non-volatile PM2.5,pm25,,,0.000,51.601203 -2.977281,,
DUP000441,aurn,aurn_register,,UKA00381,Scunthorpe Town,,,,pm25,,,0,53.586340 -0.636811,UKA00381,Automatic Urban and Rural Monitoring Network (AURN); Heavy Metals; Non-Automatic Hydrocarbon Network; PAH Digitel (solid phase)
DUP000441,json,openaq,16400,768,DEFRA Scunthorpe Town,1514,12785243,768 PM2.5,pm25,16,2026-02-19 13:00:00+00,0.000,53.586340 -0.636811,,
DUP000441,json,sos,7524,11072,Scunthorpe Town,266,5506,"http://dd.eionet.europa.eu/vocabulary/aq/pollutant/6001 11072 - Scunthorpe Town-Particulate matter less than 2.5 micro m (aerosol), Scunthorpe Town-Particulate matter less than 2.5 micro m (aerosol)",pm25,-99,2026-02-19 21:00:00+00,0.000,53.586340 -0.636811,,
DUP000442,aurn,aurn_register,,UKA00406,Wirral Tranmere,,,,pm25,,,0,53.372870 -3.022722,UKA00406,Automatic Urban and Rural Monitoring Network (AURN)
DUP000442,json,openaq,16505,2533,EEA Wirral Tranmere - UKA00406,1839,5025,2533 PM2.5,pm25,11,2026-02-19 21:00:00+00,0.000,53.372870 -3.022722,,
DUP000442,json,sos,2393,1168,Wirral Tranmere,274,502,"http://dd.eionet.europa.eu/vocabulary/aq/pollutant/6001 1168 - Wirral Tranmere-Particulate matter less than 2.5 micro m (aerosol), Wirral Tranmere-Particulate matter less than 2.5 micro m (aerosol)",pm25,,,0.000,53.372870 -3.022722,,
DUP000442,json,sos,7572,7577,Wirral Tranmere,342,2358,"http://dd.eionet.europa.eu/vocabulary/aq/pollutant/6001 7577 - Wirral Tranmere-Particulate matter less than 2.5 micro m (aerosol), Wirral Tranmere-Particulate matter less than 2.5 micro m (aerosol)",pm25,-99,2026-02-19 21:00:00+00,0.000,53.372870 -3.022722,,
DUP000443,aurn,aurn_register,,UKA00408,Preston,,,,pm25,,,0,53.765590 -2.680353,UKA00408,Automatic Urban and Rural Monitoring Network (AURN); PAH Digitel (solid phase)
DUP000443,json,openaq,16499,2517,EEA Preston - UKA00408,1811,4919,2517 PM2.5,pm25,14,2026-02-19 21:00:00+00,0.000,53.765590 -2.680353,,
DUP000443,json,sos,1946,785273,Preston,,,Preston-Volatile PM2.5,pm25,,,0.000,53.765590 -2.680353,,
DUP000443,json,sos,1945,1094,Preston,253,418,"http://dd.eionet.europa.eu/vocabulary/aq/pollutant/6001 1094 - Preston-Particulate matter less than 2.5 micro m (aerosol), Preston-Particulate matter less than 2.5 micro m (aerosol)",pm25,,,0.000,53.765590 -2.680353,,
DUP000443,json,sos,7566,7554,Preston,336,2275,"http://dd.eionet.europa.eu/vocabulary/aq/pollutant/6001 7554 - Preston-Particulate matter less than 2.5 micro m (aerosol), Preston-Particulate matter less than 2.5 micro m (aerosol)",pm25,19.717,2026-02-19 21:00:00+00,0.000,53.765590 -2.680353,,
DUP000443,json,sos,1942,785272,Preston-Non,,,Preston-Non-volatile PM2.5,pm25,,,0.000,53.765590 -2.680353,,
DUP000444,aurn,aurn_register,,UKA00409,Southend-on-Sea,,,,pm25,,,0,51.544166 0.678331,UKA00409,Automatic Urban and Rural Monitoring Network (AURN)
DUP000444,json,openaq,16504,2530,EEA Southend-on-Sea - UKA00409,1835,5010,2530 PM2.5,pm25,7,2026-02-19 21:00:00+00,6.938,51.544206 0.678408,,
DUP000444,json,sos,2166,1119,Southend-on-Sea,269,450,"http://dd.eionet.europa.eu/vocabulary/aq/pollutant/6001 1119 - Southend-on-Sea-Particulate matter less than 2.5 micro m (aerosol), Southend-on-Sea-Particulate matter less than 2.5 micro m (aerosol)",pm25,,,0.000,51.544166 0.678331,,
DUP000444,json,sos,7568,7564,Southend-on-Sea,338,2307,"http://dd.eionet.europa.eu/vocabulary/aq/pollutant/6001 7564 - Southend-on-Sea-Particulate matter less than 2.5 micro m (aerosol), Southend-on-Sea-Particulate matter less than 2.5 micro m (aerosol)",pm25,9.34,2026-02-19 21:00:00+00,0.000,51.544166 0.678331,,
DUP000445,aurn,aurn_register,,UKA00420,Grangemouth,,,,pm25,,,0,56.010319 -3.704399,UKA00420,Automatic Urban and Rural Monitoring Network (AURN); Non-Automatic Hydrocarbon Network
DUP000445,json,openaq,16443,2356,DEFRA Grangemouth,1639,5079275,2356 PM2.5,pm25,6,2026-02-19 21:00:00+00,0.000,56.010319 -3.704399,,
DUP000445,json,sos,919,785237,Grangemouth,,,Grangemouth-Volatile PM2.5,pm25,,,0.000,56.010319 -3.704399,,
DUP000445,json,sos,7543,7146,Grangemouth,307,2085,"http://dd.eionet.europa.eu/vocabulary/aq/pollutant/6001 7146 - Grangemouth-Particulate matter less than 2.5 micro m (aerosol), Grangemouth-Particulate matter less than 2.5 micro m (aerosol)",pm25,6,2026-02-19 21:00:00+00,0.000,56.010319 -3.704399,,
DUP000445,json,sos,916,908,Grangemouth,397,225,"http://dd.eionet.europa.eu/vocabulary/aq/pollutant/6001 908 - Grangemouth-Particulate matter less than 2.5 micro m (aerosol), Grangemouth-Particulate matter less than 2.5 micro m (aerosol)",pm25,,,0.000,56.010319 -3.704399,,
DUP000445,json,sos,914,785236,Grangemouth-Non,,,Grangemouth-Non-volatile PM2.5,pm25,,,0.000,56.010319 -3.704399,,
DUP000446,aurn,aurn_register,,UKA00421,Portsmouth,,,,pm25,,,0,50.828810 -1.068583,UKA00421,Automatic Urban and Rural Monitoring Network (AURN); PAH Digitel (solid phase)
DUP000446,json,openaq,16502,2526,EEA Portsmouth - UKA00421,1825,4978,2526 PM2.5,pm25,6,2026-02-19 21:00:00+00,0.000,50.828810 -1.068583,,
DUP000446,json,sos,1905,785269,Portsmouth,,,Portsmouth-Volatile PM2.5,pm25,,,0.000,50.828810 -1.068583,,
DUP000446,json,sos,1904,1090,Portsmouth,250,414,"http://dd.eionet.europa.eu/vocabulary/aq/pollutant/6001 1090 - Portsmouth-Particulate matter less than 2.5 micro m (aerosol), Portsmouth-Particulate matter less than 2.5 micro m (aerosol)",pm25,,,0.000,50.828810 -1.068583,,
DUP000446,json,sos,7565,7552,Portsmouth,335,2271,"http://dd.eionet.europa.eu/vocabulary/aq/pollutant/6001 7552 - Portsmouth-Particulate matter less than 2.5 micro m (aerosol), Portsmouth-Particulate matter less than 2.5 micro m (aerosol)",pm25,5.755,2026-02-19 21:00:00+00,0.000,50.828810 -1.068583,,
DUP000446,json,sos,1901,785268,Portsmouth-Non,,,Portsmouth-Non-volatile PM2.5,pm25,,,0.000,50.828810 -1.068583,,
DUP000447,aurn,aurn_register,,UKA00429,Bournemouth,,,,pm25,,,0,50.739570 -1.826744,UKA00429,Automatic Urban and Rural Monitoring Network (AURN)
DUP000447,json,openaq,16428,2310,DEFRA Bournemouth,1598,29698,2310 PM2.5,pm25,8,2026-02-19 21:00:00+00,0.000,50.739570 -1.826744,,
DUP000447,json,sos,7527,6877,Bournemouth,290,4612,"http://dd.eionet.europa.eu/vocabulary/aq/pollutant/6001 6877 - Bournemouth-Particulate matter less than 2.5 micro m (aerosol), Bournemouth-Particulate matter less than 2.5 micro m (aerosol)",pm25,10,2026-02-19 21:00:00+00,0.000,50.739570 -1.826744,,
DUP000448,aurn,aurn_register,,UKA00433,Weybourne,,,,pm25,,,0,52.950490 1.122017,UKA00433,Automatic Urban and Rural Monitoring Network (AURN); Ozone / UV; TOMPs
DUP000448,json,openaq,16435,2333,EEA Weybourne - UKA00433,1615,2609234,2333 PM2.5,pm25,17,2026-02-19 21:00:00+00,0.000,52.950490 1.122017,,
DUP000448,json,sos,7478,10535,Weybourne,211,5023,"http://dd.eionet.europa.eu/vocabulary/aq/pollutant/6001 10535 - Weybourne-Particulate matter less than 2.5 micro m (aerosol), Weybourne-Particulate matter less than 2.5 micro m (aerosol)",pm25,18.113,2026-02-19 19:00:00+00,0.000,52.950490 1.122017,,
DUP000449,aurn,aurn_register,,UKA00434,Inverness,,,,pm25,,,0,57.481308 -4.241451,UKA00434,Automatic Urban and Rural Monitoring Network (AURN)
DUP000449,json,openaq,16410,968,DEFRA Inverness,1557,5079237,968 PM2.5,pm25,8,2026-02-19 21:00:00+00,0.000,57.481308 -4.241451,,
DUP000449,json,sos,7532,7092,Inverness,295,4725,"http://dd.eionet.europa.eu/vocabulary/aq/pollutant/6001 7092 - Inverness-Particulate matter less than 2.5 micro m (aerosol), Inverness-Particulate matter less than 2.5 micro m (aerosol)",pm25,4.245,2026-02-19 21:00:00+00,0.000,57.481308 -4.241451,,
DUP000450,aurn,aurn_register,,UKA00435,London Westminster,,,,pm25,,,0,51.494670 -0.131931,UKA00435,Automatic Urban and Rural Monitoring Network (AURN); Heavy Metals
DUP000450,json,openaq,16387,159,DEFRA London Westminster,1470,28890,159 PM2.5,pm25,5.8,2026-02-19 15:00:00+00,0.000,51.494670 -0.131931,,
DUP000450,json,sos,7533,7093,London Westminster,296,4692,"http://dd.eionet.europa.eu/vocabulary/aq/pollutant/6001 7093 - London Westminster-Particulate matter less than 2.5 micro m (aerosol), London Westminster-Particulate matter less than 2.5 micro m (aerosol)",pm25,14.1,2026-02-19 21:00:00+00,0.000,51.494670 -0.131931,,
DUP000451,aurn,aurn_register,,UKA00440,Wrexham,,,,pm25,,,0,53.042282 -3.002829,UKA00440,Automatic Urban and Rural Monitoring Network (AURN)
DUP000451,json,openaq,16474,2442,EEA Wrexham - UKA00440,1722,29844,2442 PM2.5,pm25,12,2026-02-19 21:00:00+00,7.691,53.042220 -3.002778,,
DUP000451,json,sos,2407,786085,Wrexham,298,4727,"http://dd.eionet.europa.eu/vocabulary/aq/pollutant/6001 7104 - Wrexham-Particulate matter less than 2.5 micro m (aerosol), Wrexham-Particulate matter less than 2.5 micro m (aerosol)",pm25,9.245,2026-02-19 20:00:00+00,0.000,53.042282 -3.002829,,
DUP000452,aurn,aurn_register,,UKA00445,St Osyth,,,,pm25,,,0,51.777874 1.049010,UKA00445,Automatic Urban and Rural Monitoring Network (AURN); Black Carbon
DUP000452,json,openaq,16417,1795,EEA St Osyth - UKA00445,1570,1732639,1795 PM2.5,pm25,6,2026-02-19 21:00:00+00,11.875,51.777980 1.049031,,
DUP000452,json,sos,7604,8783,St Osyth,389,4910,"http://dd.eionet.europa.eu/vocabulary/aq/pollutant/6001 8783 - St Osyth-Particulate matter less than 2.5 micro m (aerosol), St Osyth-Particulate matter less than 2.5 micro m (aerosol)",pm25,8.962,2026-02-19 21:00:00+00,0.000,51.777874 1.049010,,
DUP000453,aurn,aurn_register,,UKA00450,Hull Freetown,,,,pm25,,,0,53.748780 -0.341222,UKA00450,Automatic Urban and Rural Monitoring Network (AURN)
DUP000453,json,openaq,16494,2509,EEA Hull Freetown - UKA00450,1792,5066,2509 PM2.5,pm25,19,2026-02-19 21:00:00+00,0.000,53.748780 -0.341222,,
DUP000453,json,sos,7560,7536,Hull Freetown,329,2126,"http://dd.eionet.europa.eu/vocabulary/aq/pollutant/6001 7536 - Hull Freetown-Particulate matter less than 2.5 micro m (aerosol), Hull Freetown-Particulate matter less than 2.5 micro m (aerosol)",pm25,22.453,2026-02-19 21:00:00+00,0.000,53.748780 -0.341222,,
DUP000453,json,sos,1166,949,Hull Freetown,399,266,"http://dd.eionet.europa.eu/vocabulary/aq/pollutant/6001 949 - Hull Freetown-Particulate matter less than 2.5 micro m (aerosol), Hull Freetown-Particulate matter less than 2.5 micro m (aerosol)",pm25,,,0.000,53.748780 -0.341222,,
DUP000454,aurn,aurn_register,,UKA00451,Auchencorth Moss,,,,pm25,,,0,55.792160 -3.242900,UKA00451,Automatic Hydrocarbon Network; Automatic Urban and Rural Monitoring Network (AURN); Black Carbon; Heavy Metals; PAH Deposition; PAH Digitel (solid phase); Particle Size Composition; Rural Automatic Mercury network; TOMPs; UKEAP: Acid Gases & Aerosol Network; UKEAP: MARGA Network; UKEAP: National Ammonia Monitoring Network; UKEAP: Precip-Net; UKEAP: Precip-Net; UKEAP: Rural NO2
DUP000454,json,openaq,16511,2550,DEFRA Auchencorth Moss,1860,5145,2550 PM2.5,pm25,9,2026-02-19 21:00:00+00,0.000,55.792160 -3.242900,,
DUP000454,json,sos,127,2666,Auchencorth Moss,,,Auchencorth Moss-Elemental carbon in PM2.5 in aerosol,pm25,,,0.000,55.792160 -3.242900,,
DUP000454,json,sos,148,720960,Auchencorth Moss,,,Auchencorth Moss-magnesium in PM2.5 in aerosol,pm25,,,0.000,55.792160 -3.242900,,
DUP000454,json,sos,149,3025,Auchencorth Moss,,,Auchencorth Moss-Mercury in PM2.5 in aerosol,pm25,,,0.000,55.792160 -3.242900,,
DUP000454,json,sos,162,720962,Auchencorth Moss,,,Auchencorth Moss-Nitrate in PM2.5 in aerosol,pm25,,,0.000,55.792160 -3.242900,,
DUP000454,json,sos,167,2664,Auchencorth Moss,,,Auchencorth Moss-Organic carbon in PM2.5 in aerosol,pm25,,,0.000,55.792160 -3.242900,,
DUP000454,json,sos,179,720959,Auchencorth Moss,,,Auchencorth Moss-potassium in PM2.5 in aerosol,pm25,,,0.000,55.792160 -3.242900,,
DUP000454,json,sos,186,720957,Auchencorth Moss,,,Auchencorth Moss-sodium in PM2.5 in aerosol,pm25,,,0.000,55.792160 -3.242900,,
DUP000454,json,sos,187,780356,Auchencorth Moss,,,Auchencorth Moss-sulphate in PM2.5 in aerosol,pm25,,,0.000,55.792160 -3.242900,,
DUP000454,json,sos,193,785189,Auchencorth Moss,,,Auchencorth Moss-Volatile PM2.5,pm25,,,0.000,55.792160 -3.242900,,
DUP000454,json,sos,56,720956,Auchencorth Moss,,,Auchencorth Moss-Ammonium in PM2.5 in aerosol,pm25,,,0.000,55.792160 -3.242900,,
DUP000454,json,sos,96,780355,Auchencorth Moss,,,Auchencorth Moss-calcium in PM2.5 in aerosol,pm25,,,0.000,55.792160 -3.242900,,
DUP000454,json,sos,97,720961,Auchencorth Moss,,,Auchencorth Moss-chloride in PM2.5 in aerosol,pm25,,,0.000,55.792160 -3.242900,,
DUP000454,json,sos,171,2677,Auchencorth Moss,280,25,"http://dd.eionet.europa.eu/vocabulary/aq/pollutant/6001 2677 - Auchencorth Moss-Particulate matter less than 2.5 micro m (aerosol), Auchencorth Moss-Particulate matter less than 2.5 micro m (aerosol)",pm25,,,0.000,55.792160 -3.242900,,
DUP000454,json,sos,7535,7106,Auchencorth Moss,299,1908,"http://dd.eionet.europa.eu/vocabulary/aq/pollutant/6001 7106 - Auchencorth Moss-Particulate matter less than 2.5 micro m (aerosol), Auchencorth Moss-Particulate matter less than 2.5 micro m (aerosol)",pm25,8.585,2026-02-19 21:00:00+00,0.000,55.792160 -3.242900,,
DUP000454,json,sos,165,785188,Auchencorth Moss-Non,,,Auchencorth Moss-Non-volatile PM2.5,pm25,,,0.000,55.792160 -3.242900,,
DUP000455,aurn,aurn_register,,UKA00454,Edinburgh St Leonards,,,,pm25,,,0,55.945589 -3.182186,UKA00454,Automatic Urban and Rural Monitoring Network (AURN); PAH Digitel (solid phase)
DUP000455,json,openaq,16409,955,DEFRA Edinburgh St Leonards,1553,5252,955 PM2.5,pm25,10,2026-02-19 21:00:00+00,0.000,55.945589 -3.182186,,
DUP000455,json,sos,822,785213,Edinburgh St Leonards,,,Edinburgh St Leonards-Volatile PM2.5,pm25,,,0.000,55.945589 -3.182186,,
DUP000455,json,sos,7559,7529,Edinburgh St Leonards,328,2056,"http://dd.eionet.europa.eu/vocabulary/aq/pollutant/6001 7529 - Edinburgh St Leonards-Particulate matter less than 2.5 micro m (aerosol), Edinburgh St Leonards-Particulate matter less than 2.5 micro m (aerosol)",pm25,10.566,2026-02-19 21:00:00+00,0.000,55.945589 -3.182186,,
DUP000455,json,sos,818,884,Edinburgh St Leonards,392,196,"http://dd.eionet.europa.eu/vocabulary/aq/pollutant/6001 884 - Edinburgh St Leonards-Particulate matter less than 2.5 micro m (aerosol), Edinburgh St Leonards-Particulate matter less than 2.5 micro m (aerosol)",pm25,,,0.000,55.945589 -3.182186,,
DUP000455,json,sos,815,785212,Edinburgh St Leonards-Non,,,Edinburgh St Leonards-Non-volatile PM2.5,pm25,,,0.000,55.945589 -3.182186,,
DUP000456,aurn,aurn_register,,UKA00462,Reading New Town,,,,pm25,,,0,51.453090 -0.944067,UKA00462,Automatic Urban and Rural Monitoring Network (AURN)
DUP000456,json,openaq,16484,2479,DEFRA Reading New Town,1752,5196,2479 PM2.5,pm25,8,2026-02-19 21:00:00+00,0.000,51.453090 -0.944067,,
DUP000456,json,openaq,16753,225778,LAQN Reading - New Town,2612,1304613,225778 PM2.5,pm25,,,29.693,51.452985 -0.944461,,
DUP000456,json,sos,1960,785207,Reading New Town,,,Reading New Town-Volatile PM2.5,pm25,,,0.000,51.453090 -0.944067,,
DUP000456,json,sos,7481,10548,Reading New Town,214,2287,"http://dd.eionet.europa.eu/vocabulary/aq/pollutant/6001 10548 - Reading New Town-Particulate matter less than 2.5 micro m (aerosol), Reading New Town-Particulate matter less than 2.5 micro m (aerosol)",pm25,11.321,2026-02-19 21:00:00+00,0.000,51.453090 -0.944067,,
DUP000456,json,sos,1958,1107,Reading New Town,267,430,"http://dd.eionet.europa.eu/vocabulary/aq/pollutant/6001 1107 - Reading New Town-Particulate matter less than 2.5 micro m (aerosol), Reading New Town-Particulate matter less than 2.5 micro m (aerosol)",pm25,,,0.000,51.453090 -0.944067,,
DUP000456,json,sos,1955,785206,Reading New Town-Non,,,Reading New Town-Non-volatile PM2.5,pm25,,,0.000,51.453090 -0.944067,,
DUP000457,aurn,aurn_register,,UKA00472,London Harlington,,,,pm25,,,0,51.488790 -0.441614,UKA00472,Automatic Urban and Rural Monitoring Network (AURN)
DUP000457,json,openaq,16373,141,EEA London Harlington - UKA00472,1419,261,141 PM2.5,pm25,6,2026-02-19 21:00:00+00,0.000,51.488790 -0.441614,,
DUP000457,json,sos,1487,785271,London Harlington,,,London Harlington-Volatile PM2.5,pm25,,,0.000,51.488790 -0.441614,,
DUP000457,json,sos,7530,7039,London Harlington,293,2122,"http://dd.eionet.europa.eu/vocabulary/aq/pollutant/6001 7039 - London Harlington-Particulate matter less than 2.5 micro m (aerosol), London Harlington-Particulate matter less than 2.5 micro m (aerosol)",pm25,11.634,2026-02-19 21:00:00+00,0.000,51.488790 -0.441614,,
DUP000457,json,sos,1480,785270,London Harlington-Non,,,London Harlington-Non-volatile PM2.5,pm25,,,0.000,51.488790 -0.441614,,
DUP000458,aurn,aurn_register,,UKA00482,Wigan Centre,,,,pm25,,,0,53.549140 -2.638139,UKA00482,Automatic Urban and Rural Monitoring Network (AURN)
DUP000458,json,openaq,16422,2293,EEA Wigan Centre - UKA00482,1586,4983,2293 PM2.5,pm25,12,2026-02-19 21:00:00+00,0.000,53.549140 -2.638139,,
DUP000458,json,sos,2387,785265,Wigan Centre,,,Wigan Centre-Volatile PM2.5,pm25,,,0.000,53.549140 -2.638139,,
DUP000458,json,sos,2386,1179,Wigan Centre,276,518,"http://dd.eionet.europa.eu/vocabulary/aq/pollutant/6001 1179 - Wigan Centre-Particulate matter less than 2.5 micro m (aerosol), Wigan Centre-Particulate matter less than 2.5 micro m (aerosol)",pm25,,,0.000,53.549140 -2.638139,,
DUP000458,json,sos,7571,7574,Wigan Centre,341,2374,"http://dd.eionet.europa.eu/vocabulary/aq/pollutant/6001 7574 - Wigan Centre-Particulate matter less than 2.5 micro m (aerosol), Wigan Centre-Particulate matter less than 2.5 micro m (aerosol)",pm25,19.811,2026-02-19 20:00:00+00,0.000,53.549140 -2.638139,,
DUP000458,json,sos,2383,785264,Wigan Centre-Non,,,Wigan Centre-Non-volatile PM2.5,pm25,,,0.000,53.549140 -2.638139,,
DUP000459,aurn,aurn_register,,UKA00483,Brighton Preston Park,,,,pm25,,,0,50.840836 -0.147572,UKA00483,Automatic Urban and Rural Monitoring Network (AURN)
DUP000459,json,openaq,16444,2360,EEA Brighton Preston Park - UKA00483,1644,29675,2360 PM2.5,pm25,5,2026-02-19 21:00:00+00,0.000,50.840836 -0.147572,,
DUP000459,json,openaq,16691,225706,LAQN Brighton and Hove - Preston Park,2467,1304504,225706 PM2.5,pm25,,,12.233,50.840726 -0.147575,,
DUP000459,json,sos,7482,10621,Brighton Preston Park,217,4812,"http://dd.eionet.europa.eu/vocabulary/aq/pollutant/6001 10621 - Brighton Preston Park-Particulate matter less than 2.5 micro m (aerosol), GB_SamplingFeature_missingFOI",pm25,9.528,2026-02-19 21:00:00+00,0.000,50.840836 -0.147572,,
DUP000460,aurn,aurn_register,,UKA00484,Sunderland Silksworth,,,,pm25,,,0,54.883610 -1.406878,UKA00484,Automatic Urban and Rural Monitoring Network (AURN)
DUP000460,json,openaq,16519,2578,EEA Sunderland Silksworth - UKA00484,1889,5079317,2578 PM2.5,pm25,13,2026-02-19 21:00:00+00,0.000,54.883610 -1.406878,,
DUP000460,json,sos,2281,785247,Sunderland Silksworth,,,Sunderland Silksworth-Volatile PM2.5,pm25,,,0.000,54.883610 -1.406878,,
DUP000460,json,sos,2279,1152,Sunderland Silksworth,272,482,"http://dd.eionet.europa.eu/vocabulary/aq/pollutant/6001 1152 - Sunderland Silksworth-Particulate matter less than 2.5 micro m (aerosol), Sunderland Silksworth-Particulate matter less than 2.5 micro m (aerosol)",pm25,,,0.000,54.883610 -1.406878,,
DUP000460,json,sos,7570,7568,Sunderland Silksworth,340,2338,"http://dd.eionet.europa.eu/vocabulary/aq/pollutant/6001 7568 - Sunderland Silksworth-Particulate matter less than 2.5 micro m (aerosol), Sunderland Silksworth-Particulate matter less than 2.5 micro m (aerosol)",pm25,13.396,2026-02-19 21:00:00+00,0.000,54.883610 -1.406878,,
DUP000460,json,sos,2276,785246,Sunderland Silksworth-Non,,,Sunderland Silksworth-Non-volatile PM2.5,pm25,,,0.000,54.883610 -1.406878,,
DUP000461,aurn,aurn_register,,UKA00488,Blackpool Marton,,,,pm25,,,0,53.804890 -3.007175,UKA00488,Automatic Urban and Rural Monitoring Network (AURN)
DUP000461,json,openaq,16437,2336,DEFRA Blackpool Marton,1620,4917,2336 PM2.5,pm25,17,2026-02-19 21:00:00+00,0.000,53.804890 -3.007175,,
DUP000461,json,sos,380,785277,Blackpool Marton,,,Blackpool Marton-Volatile PM2.5,pm25,,,0.000,53.804890 -3.007175,,
DUP000461,json,sos,7556,7512,Blackpool Marton,323,1957,"http://dd.eionet.europa.eu/vocabulary/aq/pollutant/6001 7512 - Blackpool Marton-Particulate matter less than 2.5 micro m (aerosol), Blackpool Marton-Particulate matter less than 2.5 micro m (aerosol)",pm25,16.604,2026-02-19 20:00:00+00,0.000,53.804890 -3.007175,,
DUP000461,json,sos,379,785,Blackpool Marton,357,88,"http://dd.eionet.europa.eu/vocabulary/aq/pollutant/6001 785 - Blackpool Marton-Particulate matter less than 2.5 micro m (aerosol), Blackpool Marton-Particulate matter less than 2.5 micro m (aerosol)",pm25,,,0.000,53.804890 -3.007175,,
DUP000461,json,sos,376,785276,Blackpool Marton-Non,,,Blackpool Marton-Non-volatile PM2.5,pm25,,,0.000,53.804890 -3.007175,,
DUP000462,aurn,aurn_register,,UKA00494,Bristol St Paul's,,,,pm25,,,0,51.462839 -2.584482,UKA00494,Automatic Urban and Rural Monitoring Network (AURN); PAH Digitel (solid phase)
DUP000462,json,openaq,16397,731,DEFRA Bristol St Paul's,1504,5079229,731 PM2.5,pm25,6,2026-02-19 21:00:00+00,0.000,51.462839 -2.584482,,
DUP000462,json,sos,444,785203,Bristol St Paul's,,,Bristol St Paul's-Volatile PM2.5,pm25,,,0.000,51.462839 -2.584482,,
DUP000462,json,sos,7557,7515,Bristol St Paul's,324,1970,"http://dd.eionet.europa.eu/vocabulary/aq/pollutant/6001 7515 - Bristol St Paul's-Particulate matter less than 2.5 micro m (aerosol), Bristol St Paul's-Particulate matter less than 2.5 micro m (aerosol)",pm25,8,2026-02-19 21:00:00+00,0.000,51.462839 -2.584482,,
DUP000462,json,sos,441,798,Bristol St Paul's,359,102,"http://dd.eionet.europa.eu/vocabulary/aq/pollutant/6001 798 - Bristol St Paul's-Particulate matter less than 2.5 micro m (aerosol), Bristol St Paul's-Particulate matter less than 2.5 micro m (aerosol)",pm25,,,0.000,51.462839 -2.584482,,
DUP000462,json,sos,438,785202,Bristol St Paul's-Non,,,Bristol St Paul's-Non-volatile PM2.5,pm25,,,0.000,51.462839 -2.584482,,
DUP000463,aurn,aurn_register,,UKA00497,Swansea Roadside,,,,pm25,,,0,51.632696 -3.947374,UKA00497,Automatic Urban and Rural Monitoring Network (AURN)
DUP000463,json,openaq,16518,2577,EEA Swansea Roadside - UKA00497,1885,5286,2577 PM2.5,pm25,7,2026-02-19 21:00:00+00,0.000,51.632696 -3.947374,,
DUP000463,json,sos,2312,1156,Swansea Roadside,273,487,"http://dd.eionet.europa.eu/vocabulary/aq/pollutant/6001 1156 - Swansea Roadside-Particulate matter less than 2.5 micro m (aerosol), Swansea Roadside-Particulate matter less than 2.5 micro m (aerosol)",pm25,11,2026-02-19 21:00:00+00,0.000,51.632696 -3.947374,,
DUP000464,aurn,aurn_register,,UKA00501,Port Talbot Margam,,,,pm25,,,0,51.583950 -3.770822,UKA00501,Automatic Urban and Rural Monitoring Network (AURN); Heavy Metals; Non-Automatic Hydrocarbon Network; PAH Digitel (solid phase)
DUP000464,json,openaq,16408,946,DEFRA Port Talbot Margam,1547,5088,946 PM2.5,pm25,4,2026-02-19 21:00:00+00,0.000,51.583950 -3.770822,,
DUP000464,json,sos,1935,1101,Port Talbot Margam,254,424,"http://dd.eionet.europa.eu/vocabulary/aq/pollutant/6001 1101 - Port Talbot Margam-Particulate matter less than 2.5 micro m (aerosol), Port Talbot Margam-Particulate matter less than 2.5 micro m (aerosol)",pm25,,,0.000,51.583950 -3.770822,,
DUP000464,json,sos,7588,8136,Port Talbot Margam,365,2281,"http://dd.eionet.europa.eu/vocabulary/aq/pollutant/6001 8136 - Port Talbot Margam-Particulate matter less than 2.5 micro m (aerosol), Port Talbot Margam-Particulate matter less than 2.5 micro m (aerosol)",pm25,7,2026-02-19 21:00:00+00,0.000,51.583950 -3.770822,,
DUP000465,aurn,aurn_register,,UKA00511,Horley,,,,pm25,,,0,51.165865 -0.167734,UKA00511,Automatic Urban and Rural Monitoring Network (AURN); Particle Concentrations and Numbers Network
DUP000465,json,openaq,16508,2541,DEFRA Horley,1849,2032039,2541 PM2.5,pm25,6,2026-02-19 21:00:00+00,0.000,51.165865 -0.167734,,
DUP000465,json,sos,7490,10643,Horley,225,5209,"http://dd.eionet.europa.eu/vocabulary/aq/pollutant/6001 10643 - Horley-Particulate matter less than 2.5 micro m (aerosol), Horley-Particulate matter less than 2.5 micro m (aerosol)",pm25,10.472,2026-02-19 20:00:00+00,0.000,51.165865 -0.167734,,
DUP000466,aurn,aurn_register,,UKA00515,Chepstow A48,,,,pm25,,,0,51.638094 -2.678731,UKA00515,Automatic Urban and Rural Monitoring Network (AURN)
DUP000466,json,openaq,16513,2553,DEFRA Chepstow A48,1867,5156,2553 PM2.5,pm25,8,2026-02-19 21:00:00+00,0.000,51.638094 -2.678731,,
DUP000466,json,sos,576,785359,Chepstow A48,,,Chepstow A48-Volatile PM2.5,pm25,,,0.000,51.638094 -2.678731,,
DUP000466,json,sos,7539,7124,Chepstow A48,303,2008,"http://dd.eionet.europa.eu/vocabulary/aq/pollutant/6001 7124 - Chepstow A48-Particulate matter less than 2.5 micro m (aerosol), Chepstow A48-Particulate matter less than 2.5 micro m (aerosol)",pm25,13,2026-02-19 21:00:00+00,0.000,51.638094 -2.678731,,
DUP000466,json,sos,574,830,Chepstow A48,368,141,"http://dd.eionet.europa.eu/vocabulary/aq/pollutant/6001 830 - Chepstow A48-Particulate matter less than 2.5 micro m (aerosol), Chepstow A48-Particulate matter less than 2.5 micro m (aerosol)",pm25,,,0.000,51.638094 -2.678731,,
DUP000466,json,sos,572,785358,Chepstow A48-Non,,,Chepstow A48-Non-volatile PM2.5,pm25,,,0.000,51.638094 -2.678731,,
DUP000467,aurn,aurn_register,,UKA00518,Oxford St Ebbes,,,,pm25,,,0,51.744806 -1.260278,UKA00518,Automatic Urban and Rural Monitoring Network (AURN); Non-Automatic Hydrocarbon Network
DUP000467,json,openaq,16482,2469,DEFRA Oxford St Ebbes,1745,5321,2469 PM2.5,pm25,7,2026-02-19 21:00:00+00,0.000,51.744806 -1.260278,,
DUP000467,json,sos,1874,785253,Oxford St Ebbes,,,Oxford St Ebbes-Volatile PM2.5,pm25,,,0.000,51.744806 -1.260278,,
DUP000467,json,sos,1872,1077,Oxford St Ebbes,248,396,"http://dd.eionet.europa.eu/vocabulary/aq/pollutant/6001 1077 - Oxford St Ebbes-Particulate matter less than 2.5 micro m (aerosol), Oxford St Ebbes-Particulate matter less than 2.5 micro m (aerosol)",pm25,,,0.000,51.744806 -1.260278,,
DUP000467,json,sos,7564,7550,Oxford St Ebbes,334,2253,"http://dd.eionet.europa.eu/vocabulary/aq/pollutant/6001 7550 - Oxford St Ebbes-Particulate matter less than 2.5 micro m (aerosol), Oxford St Ebbes-Particulate matter less than 2.5 micro m (aerosol)",pm25,11.887,2026-02-19 21:00:00+00,0.000,51.744806 -1.260278,,
DUP000467,json,sos,1869,785252,Oxford St Ebbes-Non,,,Oxford St Ebbes-Non-volatile PM2.5,pm25,,,0.000,51.744806 -1.260278,,
DUP000468,aurn,aurn_register,,UKA00523,York Bootham,,,,pm25,,,0,53.967513 -1.086514,UKA00523,Automatic Urban and Rural Monitoring Network (AURN); Non-Automatic Hydrocarbon Network
DUP000468,json,openaq,16398,742,DEFRA York Bootham,1508,1279,742 PM2.5,pm25,16,2026-02-19 21:00:00+00,0.000,53.967513 -1.086514,,
DUP000468,json,sos,2442,785235,York Bootham,,,York Bootham-Volatile PM2.5,pm25,,,0.000,53.967513 -1.086514,,
DUP000468,json,sos,2440,1186,York Bootham,277,523,"http://dd.eionet.europa.eu/vocabulary/aq/pollutant/6001 1186 - York Bootham-Particulate matter less than 2.5 micro m (aerosol), York Bootham-Particulate matter less than 2.5 micro m (aerosol)",pm25,,,0.000,53.967513 -1.086514,,
DUP000468,json,sos,7580,7609,York Bootham,351,2379,"http://dd.eionet.europa.eu/vocabulary/aq/pollutant/6001 7609 - York Bootham-Particulate matter less than 2.5 micro m (aerosol), York Bootham-Particulate matter less than 2.5 micro m (aerosol)",pm25,19,2026-02-19 20:00:00+00,0.000,53.967513 -1.086514,,
DUP000468,json,sos,2437,785234,York Bootham-Non,,,York Bootham-Non-volatile PM2.5,pm25,,,0.000,53.967513 -1.086514,,
DUP000469,aurn,aurn_register,,UKA00524,York Fishergate,,,,pm25,,,0,53.951889 -1.075861,UKA00524,Automatic Urban and Rural Monitoring Network (AURN); Non-Automatic Hydrocarbon Network
DUP000469,json,openaq,16509,2544,DEFRA York Fishergate,1852,5090,2544 PM2.5,pm25,13,2026-02-19 21:00:00+00,0.000,53.951889 -1.075861,,
DUP000469,json,sos,2448,1190,York Fishergate,278,527,"http://dd.eionet.europa.eu/vocabulary/aq/pollutant/6001 1190 - York Fishergate-Particulate matter less than 2.5 micro m (aerosol), York Fishergate-Particulate matter less than 2.5 micro m (aerosol)",pm25,,,0.000,53.951889 -1.075861,,
DUP000469,json,sos,7541,7132,York Fishergate,305,2383,"http://dd.eionet.europa.eu/vocabulary/aq/pollutant/6001 7132 - York Fishergate-Particulate matter less than 2.5 micro m (aerosol), York Fishergate-Particulate matter less than 2.5 micro m (aerosol)",pm25,19,2026-02-19 21:00:00+00,0.000,53.951889 -1.075861,,
DUP000470,aurn,aurn_register,,UKA00525,Stanford-le-Hope Roadside,,,,pm25,,,0,51.518167 0.439548,UKA00525,Automatic Urban and Rural Monitoring Network (AURN); UK Urban NO2 Network
DUP000470,json,openaq,16489,2489,DEFRA Stanford-le-Hope Roadside,1771,4798,2489 PM2.5,pm25,9,2026-02-19 18:00:00+00,0.000,51.518167 0.439548,,
DUP000470,json,sos,7552,7501,Stanford-le-Hope Roadside,319,2112,"http://dd.eionet.europa.eu/vocabulary/aq/pollutant/6001 7501 - Stanford-le-Hope Roadside-Particulate matter less than 2.5 micro m (aerosol), GB_SamplingFeature_missingFOI",pm25,-99,2026-02-19 21:00:00+00,0.000,51.518167 0.439548,,
DUP000470,json,sos,2202,928,Stanford-le-Hope Roadside,398,252,"http://dd.eionet.europa.eu/vocabulary/aq/pollutant/6001 928 - Stanford-le-Hope Roadside-Particulate matter less than 2.5 micro m (aerosol), Stanford-le-Hope Roadside-Particulate matter less than 2.5 micro m (aerosol)",pm25,,,0.000,51.518167 0.439548,,
DUP000471,aurn,aurn_register,,UKA00527,Leeds Headingley Kerbside,,,,pm25,,,0,53.819972 -1.576361,UKA00527,Automatic Urban and Rural Monitoring Network (AURN); UK Urban NO2 Network
DUP000471,json,openaq,16414,1396,DEFRA Leeds Headingley Kerbside,1563,4938,1396 PM2.5,pm25,25,2026-02-19 00:00:00+00,0.000,53.819972 -1.576361,,
DUP000471,json,sos,7575,7591,Leeds Headingley Kerbside,345,2157,"http://dd.eionet.europa.eu/vocabulary/aq/pollutant/6001 7591 - Leeds Headingley Kerbside-Particulate matter less than 2.5 micro m (aerosol), Leeds Headingley Kerbside-Particulate matter less than 2.5 micro m (aerosol)",pm25,24,2026-02-19 21:00:00+00,0.000,53.819972 -1.576361,,
DUP000471,json,sos,1280,976,Leeds Headingley Kerbside,403,300,"http://dd.eionet.europa.eu/vocabulary/aq/pollutant/6001 976 - Leeds Headingley Kerbside-Particulate matter less than 2.5 micro m (aerosol), Leeds Headingley Kerbside-Particulate matter less than 2.5 micro m (aerosol)",pm25,,,0.000,53.819972 -1.576361,,
DUP000472,aurn,aurn_register,,UKA00528,Newcastle Cradlewell Roadside,,,,pm25,,,0,54.986405 -1.595362,UKA00528,Automatic Urban and Rural Monitoring Network (AURN); UK Urban NO2 Network
DUP000472,json,openaq,16439,2338,EEA Newcastle Cradlewell Roadside - UKA00528,1628,12626400,2338 PM2.5,pm25,12,2026-02-19 21:00:00+00,0.000,54.986405 -1.595362,,
DUP000472,json,sos,7503,10709,Newcastle Cradlewell Roadside,240,5382,"http://dd.eionet.europa.eu/vocabulary/aq/pollutant/6001 10709 - Newcastle Cradlewell Roadside-Particulate matter less than 2.5 micro m (aerosol), Newcastle Cradlewell Roadside-Particulate matter less than 2.5 micro m (aerosol)",pm25,15.472,2026-02-19 21:00:00+00,0.000,54.986405 -1.595362,,
DUP000473,aurn,aurn_register,,UKA00529,Chesterfield Roadside,,,,pm25,,,0,53.231751 -1.456928,UKA00529,Automatic Urban and Rural Monitoring Network (AURN); Non-Automatic Hydrocarbon Network; UK Urban NO2 Network
DUP000473,json,openaq,16406,865,DEFRA Chesterfield Roadside,1537,5135,865 PM2.5,pm25,14,2026-02-19 21:00:00+00,3.396,53.231722 -1.456944,,
DUP000473,json,sos,600,785347,Chesterfield Roadside,,,Chesterfield Roadside-Volatile PM2.5,pm25,,,3.396,53.231722 -1.456944,,
DUP000473,json,sos,598,838,Chesterfield Roadside,326,2012,"http://dd.eionet.europa.eu/vocabulary/aq/pollutant/6001 7522 - Chesterfield Roadside-Particulate matter less than 2.5 micro m (aerosol), Chesterfield Roadside-Particulate matter less than 2.5 micro m (aerosol)",pm25,17.453,2026-02-19 21:00:00+00,0.000,53.231751 -1.456928,,
DUP000473,json,sos,598,838,Chesterfield Roadside,369,146,"http://dd.eionet.europa.eu/vocabulary/aq/pollutant/6001 838 - Chesterfield Roadside-Particulate matter less than 2.5 micro m (aerosol), Chesterfield Roadside-Particulate matter less than 2.5 micro m (aerosol)",pm25,,,0.000,53.231751 -1.456928,,
DUP000473,json,sos,596,785346,Chesterfield Roadside-Non,,,Chesterfield Roadside-Non-volatile PM2.5,pm25,,,3.396,53.231722 -1.456944,,
DUP000474,aurn,aurn_register,,UKA00535,Stockton-on-Tees Eaglescliffe,,,,pm25,,,0,54.516667 -1.358547,UKA00535,Automatic Urban and Rural Monitoring Network (AURN); Non-Automatic Hydrocarbon Network
DUP000474,json,openaq,16392,414,EEA Stockton-on-Tees Eaglescliffe - UKA00535,1488,5318,414 PM2.5,pm25,5,2026-02-17 16:00:00+00,0.000,54.516667 -1.358547,,
DUP000474,json,sos,2219,866,Stockton-on-Tees Eaglescliffe,371,182,"http://dd.eionet.europa.eu/vocabulary/aq/pollutant/6001 866 - Stockton-on-Tees Eaglescliffe-Particulate matter less than 2.5 micro m (aerosol), Stockton-on-Tees Eaglescliffe-Particulate matter less than 2.5 micro m (aerosol)",pm25,-99,2026-02-19 21:00:00+00,0.000,54.516667 -1.358547,,
DUP000475,aurn,aurn_register,,UKA00537,Charlton Mackrell,,,,pm25,,,0,51.056250 -2.683450,UKA00537,Automatic Urban and Rural Monitoring Network (AURN)
DUP000475,json,openaq,16453,2389,EEA Charlton Mackrell - UKA00537,1666,1999692,2389 PM2.5,pm25,5,2026-02-19 21:00:00+00,0.000,51.056250 -2.683450,,
DUP000475,json,sos,7601,8775,Charlton Mackrell,384,4955,"http://dd.eionet.europa.eu/vocabulary/aq/pollutant/6001 8775 - Charlton Mackrell-Particulate matter less than 2.5 micro m (aerosol), Charlton Mackrell-Particulate matter less than 2.5 micro m (aerosol)",pm25,8.868,2026-02-19 21:00:00+00,0.000,51.056250 -2.683450,,
DUP000476,aurn,aurn_register,,UKA00538,Warrington,,,,pm25,,,0,53.389225 -2.615593,UKA00538,Automatic Urban and Rural Monitoring Network (AURN)
DUP000476,json,openaq,16483,2475,DEFRA Warrington,1748,4767,2475 PM2.5,pm25,11,2026-02-19 21:00:00+00,16.741,53.389280 -2.615358,,
DUP000476,json,sos,2362,785263,Warrington,,,Warrington-Volatile PM2.5,pm25,,,16.741,53.389280 -2.615358,,
DUP000476,json,sos,2360,1175,Warrington,275,509,"http://dd.eionet.europa.eu/vocabulary/aq/pollutant/6001 1175 - Warrington-Particulate matter less than 2.5 micro m (aerosol), Warrington-Particulate matter less than 2.5 micro m (aerosol)",pm25,,,0.000,53.389225 -2.615593,,
DUP000476,json,sos,2360,1175,Warrington,314,2365,"http://dd.eionet.europa.eu/vocabulary/aq/pollutant/6001 7396 - Warrington-Particulate matter less than 2.5 micro m (aerosol), Warrington-Particulate matter less than 2.5 micro m (aerosol)",pm25,17,2026-02-19 21:00:00+00,0.000,53.389225 -2.615593,,
DUP000476,json,sos,2358,785262,Warrington-Non,,,Warrington-Non-volatile PM2.5,pm25,,,16.741,53.389280 -2.615358,,
DUP000477,aurn,aurn_register,,UKA00546,Eastbourne,,,,pm25,,,0,50.805778 0.271611,UKA00546,Automatic Urban and Rural Monitoring Network (AURN)
DUP000477,json,openaq,16500,2520,EEA Eastbourne - UKA00546,1815,5079299,2520 PM2.5,pm25,5,2026-02-19 21:00:00+00,0.000,50.805778 0.271611,,
DUP000477,json,sos,785,785363,Eastbourne,,,Eastbourne-Volatile PM2.5,pm25,,,0.000,50.805778 0.271611,,
DUP000477,json,sos,7549,7493,Eastbourne,316,2046,"http://dd.eionet.europa.eu/vocabulary/aq/pollutant/6001 7493 - Eastbourne-Particulate matter less than 2.5 micro m (aerosol), Eastbourne-Particulate matter less than 2.5 micro m (aerosol)",pm25,7.547,2026-02-19 21:00:00+00,0.000,50.805778 0.271611,,
DUP000477,json,sos,783,869,Eastbourne,372,186,"http://dd.eionet.europa.eu/vocabulary/aq/pollutant/6001 869 - Eastbourne-Particulate matter less than 2.5 micro m (aerosol), Eastbourne-Particulate matter less than 2.5 micro m (aerosol)",pm25,,,0.000,50.805778 0.271611,,
DUP000477,json,sos,780,785362,Eastbourne-Non,,,Eastbourne-Non-volatile PM2.5,pm25,,,0.000,50.805778 0.271611,,
DUP000478,aurn,aurn_register,,UKA00548,Storrington Roadside,,,,pm25,,,0,50.916932 -0.449548,UKA00548,Automatic Urban and Rural Monitoring Network (AURN)
DUP000478,json,openaq,16401,794,DEFRA Storrington Roadside,1518,1390,794 PM2.5,pm25,7,2026-02-19 21:00:00+00,0.000,50.916932 -0.449548,,
DUP000478,json,sos,2263,785367,Storrington Roadside,,,Storrington Roadside-Volatile PM2.5,pm25,,,0.000,50.916932 -0.449548,,
DUP000478,json,sos,2261,785366,Storrington Roadside-Non,,,Storrington Roadside-Non-volatile PM2.5,pm25,,,0.000,50.916932 -0.449548,,
DUP000479,aurn,aurn_register,,UKA00549,Norwich Lakenfields,,,,pm25,,,0,52.614823 1.302686,UKA00549,Automatic Urban and Rural Monitoring Network (AURN); Non-Automatic Hydrocarbon Network
DUP000479,json,sos,1826,1050,Norwich Lakenfields,209,374,"http://dd.eionet.europa.eu/vocabulary/aq/pollutant/6001 1050 - Norwich Lakenfields-Particulate matter less than 2.5 micro m (aerosol), Norwich Lakenfields-Particulate matter less than 2.5 micro m (aerosol)",pm25,,,0.000,52.614823 1.302686,,
DUP000479,json,sos,1826,1050,Norwich Lakenfields,332,2231,"http://dd.eionet.europa.eu/vocabulary/aq/pollutant/6001 7545 - Norwich Lakenfields-Particulate matter less than 2.5 micro m (aerosol), Norwich Lakenfields-Particulate matter less than 2.5 micro m (aerosol)",pm25,17.076,2026-02-19 21:00:00+00,0.000,52.614823 1.302686,,
DUP000480,aurn,aurn_register,,UKA00553,Chatham Roadside,,,,pm25,,,0,51.374264 0.547970,UKA00553,Automatic Urban and Rural Monitoring Network (AURN); Non-Automatic Hydrocarbon Network; UK Urban NO2 Network
DUP000480,json,openaq,16515,2560,DEFRA Chatham Roadside,1875,5079306,2560 PM2.5,pm25,6,2026-02-18 02:00:00+00,0.000,51.374264 0.547970,,
DUP000480,json,sos,7531,7054,Chatham Roadside,294,2004,"http://dd.eionet.europa.eu/vocabulary/aq/pollutant/6001 7054 - Chatham Roadside-Particulate matter less than 2.5 micro m (aerosol), Chatham Roadside-Particulate matter less than 2.5 micro m (aerosol)",pm25,10,2026-02-19 20:00:00+00,0.000,51.374264 0.547970,,
DUP000481,aurn,aurn_register,,UKA00564,Leamington Spa Rugby Road,,,,pm25,,,0,52.294884 -1.542911,UKA00564,Automatic Urban and Rural Monitoring Network (AURN); UK Urban NO2 Network
DUP000481,json,openaq,16506,2534,DEFRA Leamington Spa Rugby Road,1842,5026,2534 PM2.5,pm25,10,2026-02-19 21:00:00+00,0.000,52.294884 -1.542911,,
DUP000481,json,sos,1263,4031,Leamington Spa Rugby Road,,,Leamington Spa Rugby Road-Volatile PM2.5,pm25,,,0.000,52.294884 -1.542911,,
DUP000481,json,sos,7562,7540,Leamington Spa Rugby Road,331,2149,"http://dd.eionet.europa.eu/vocabulary/aq/pollutant/6001 7540 - Leamington Spa Rugby Road-Particulate matter less than 2.5 micro m (aerosol), Leamington Spa Rugby Road-Particulate matter less than 2.5 micro m (aerosol)",pm25,27.076,2026-02-19 21:00:00+00,0.000,52.294884 -1.542911,,
DUP000481,json,sos,1261,971,Leamington Spa Rugby Road,402,292,"http://dd.eionet.europa.eu/vocabulary/aq/pollutant/6001 971 - Leamington Spa Rugby Road-Particulate matter less than 2.5 micro m (aerosol), Leamington Spa Rugby Road-Particulate matter less than 2.5 micro m (aerosol)",pm25,,,0.000,52.294884 -1.542911,,
DUP000481,json,sos,1259,4028,Leamington Spa Rugby Road-Non,,,Leamington Spa Rugby Road-Non-volatile PM2.5,pm25,,,0.000,52.294884 -1.542911,,
DUP000482,aurn,aurn_register,,UKA00566,Honiton,,,,pm25,,,0,50.792287 -3.196702,UKA00566,Automatic Urban and Rural Monitoring Network (AURN)
DUP000482,json,openaq,16440,2339,EEA Honiton - UKA00566,1632,1876804,2339 PM2.5,pm25,3,2026-02-19 21:00:00+00,0.000,50.792287 -3.196702,,
DUP000482,json,sos,7595,8763,Honiton,378,4908,"http://dd.eionet.europa.eu/vocabulary/aq/pollutant/6001 8763 - Honiton-Particulate matter less than 2.5 micro m (aerosol), Honiton-Particulate matter less than 2.5 micro m (aerosol)",pm25,-99,2026-02-19 21:00:00+00,0.000,50.792287 -3.196702,,
DUP000483,aurn,aurn_register,,UKA00568,London Haringey Priory Park South,,,,pm25,,,0,51.584128 -0.125254,UKA00568,Automatic Urban and Rural Monitoring Network (AURN)
DUP000483,json,openaq,16378,150,EEA London Haringey Priory Park South - UKA00568,1437,12626392,150 PM2.5,pm25,6,2026-02-19 21:00:00+00,0.000,51.584128 -0.125254,,
DUP000484,aurn,aurn_register,,UKA00569,Saltash Callington Road,,,,pm25,,,0,50.411463 -4.227678,UKA00569,Automatic Urban and Rural Monitoring Network (AURN)
DUP000484,json,openaq,16495,2510,DEFRA Saltash Callington Road,1795,5033,2510 PM2.5,pm25,5,2026-02-19 21:00:00+00,0.000,50.411463 -4.227678,,
DUP000484,json,sos,2043,4051,Saltash Callington Road,,,Saltash Callington Road-Volatile PM2.5,pm25,,,0.000,50.411463 -4.227678,,
DUP000484,json,sos,2041,1272,Saltash Callington Road,279,438,"http://dd.eionet.europa.eu/vocabulary/aq/pollutant/6001 1272 - Saltash Callington Road-Particulate matter less than 2.5 micro m (aerosol), Saltash Callington Road-Particulate matter less than 2.5 micro m (aerosol)",pm25,,,0.000,50.411463 -4.227678,,
DUP000484,json,sos,7540,7128,Saltash Callington Road,304,2295,"http://dd.eionet.europa.eu/vocabulary/aq/pollutant/6001 7128 - Saltash Callington Road-Particulate matter less than 2.5 micro m (aerosol), Saltash Callington Road-Particulate matter less than 2.5 micro m (aerosol)",pm25,7,2026-02-19 21:00:00+00,0.000,50.411463 -4.227678,,
DUP000484,json,sos,2039,4049,Saltash Callington Road-Non,,,Saltash Callington Road-Non-volatile PM2.5,pm25,,,0.000,50.411463 -4.227678,,
DUP000485,aurn,aurn_register,,UKA00572,London Teddington Bushy Park,,,,pm25,,,0,51.425286 -0.345606,UKA00572,Automatic Urban and Rural Monitoring Network (AURN); Black Carbon
DUP000485,json,openaq,16386,158,DEFRA London Teddington Bushy Park,1467,257,158 PM2.5,pm25,8,2026-02-19 21:00:00+00,0.000,51.425286 -0.345606,,
DUP000485,json,sos,1586,4036,London Teddington Bushy Park,,,London Teddington Bushy Park-Volatile PM2.5,pm25,,,0.000,51.425286 -0.345606,,
DUP000485,json,sos,1585,3917,London Teddington Bushy Park,286,491,"http://dd.eionet.europa.eu/vocabulary/aq/pollutant/6001 3917 - London Teddington Bushy Park-Particulate matter less than 2.5 micro m (aerosol), London Teddington Bushy Park-Particulate matter less than 2.5 micro m (aerosol)",pm25,,,0.000,51.425286 -0.345606,,
DUP000485,json,sos,7583,7988,London Teddington Bushy Park,358,2347,"http://dd.eionet.europa.eu/vocabulary/aq/pollutant/6001 7988 - London Teddington Bushy Park-Particulate matter less than 2.5 micro m (aerosol), London Teddington Bushy Park-Particulate matter less than 2.5 micro m (aerosol)",pm25,14.057,2026-02-19 21:00:00+00,0.000,51.425286 -0.345606,,
DUP000485,json,sos,1583,4037,London Teddington Bushy Park-Non,,,London Teddington Bushy Park-Non-volatile PM2.5,pm25,,,0.000,51.425286 -0.345606,,
DUP000486,aurn,aurn_register,,UKA00573,Leicester University,,,,pm25,,,0,52.619904 -1.127182,UKA00573,Automatic Urban and Rural Monitoring Network (AURN)
DUP000486,json,openaq,16498,2516,DEFRA Leicester University,1807,4915,2516 PM2.5,pm25,10,2026-02-19 21:00:00+00,12.528,52.619823 -1.127311,,
DUP000486,json,sos,1323,3901,Leicester University,282,296,"http://dd.eionet.europa.eu/vocabulary/aq/pollutant/6001 3901 - Leicester University-Particulate matter less than 2.5 micro m (aerosol), Leicester University-Particulate matter less than 2.5 micro m (aerosol)",pm25,,,0.000,52.619904 -1.127182,,
DUP000486,json,sos,7576,7592,Leicester University,346,2153,"http://dd.eionet.europa.eu/vocabulary/aq/pollutant/6001 7592 - Leicester University-Particulate matter less than 2.5 micro m (aerosol), Leicester University-Particulate matter less than 2.5 micro m (aerosol)",pm25,15.66,2026-02-19 21:00:00+00,0.000,52.619904 -1.127182,,
DUP000487,aurn,aurn_register,,UKA00574,Barnstaple A39,,,,pm25,,,0,51.074793 -4.041924,UKA00574,Automatic Urban and Rural Monitoring Network (AURN)
DUP000487,json,openaq,16403,803,DEFRA Barnstaple A39,1524,1404,803 PM2.5,pm25,6,2026-02-19 21:00:00+00,0.000,51.074793 -4.041924,,
DUP000487,json,sos,250,3993,Barnstaple A39,,,Barnstaple A39-Volatile PM2.5,pm25,,,0.000,51.074793 -4.041924,,
DUP000487,json,sos,7479,10539,Barnstaple A39,212,1965,"http://dd.eionet.europa.eu/vocabulary/aq/pollutant/6001 10539 - Barnstaple A39-Particulate matter less than 2.5 micro m (aerosol), Barnstaple A39-Particulate matter less than 2.5 micro m (aerosol)",pm25,8.302,2026-02-19 21:00:00+00,0.000,51.074793 -4.041924,,
DUP000487,json,sos,248,3916,Barnstaple A39,285,97,"http://dd.eionet.europa.eu/vocabulary/aq/pollutant/6001 3916 - Barnstaple A39-Particulate matter less than 2.5 micro m (aerosol), Barnstaple A39-Particulate matter less than 2.5 micro m (aerosol)",pm25,,,0.000,51.074793 -4.041924,,
DUP000487,json,sos,246,3992,Barnstaple A39-Non,,,Barnstaple A39-Non-volatile PM2.5,pm25,,,0.000,51.074793 -4.041924,,
DUP000488,aurn,aurn_register,,UKA00575,Sheffield Devonshire Green,,,,pm25,,,0,53.378622 -1.478096,UKA00575,Automatic Urban and Rural Monitoring Network (AURN); Heavy Metals; Non-Automatic Hydrocarbon Network
DUP000488,json,openaq,16493,2508,EEA Sheffield Devonshire Green - UKA00575,1788,5079295,2508 PM2.5,pm25,18,2026-02-19 21:00:00+00,0.000,53.378622 -1.478096,,
DUP000488,json,sos,2131,4052,Sheffield Devonshire Green,,,Sheffield Devonshire Green-Volatile PM2.5,pm25,,,0.000,53.378622 -1.478096,,
DUP000488,json,sos,2129,3907,Sheffield Devonshire Green,283,455,"http://dd.eionet.europa.eu/vocabulary/aq/pollutant/6001 3907 - Sheffield Devonshire Green-Particulate matter less than 2.5 micro m (aerosol), Sheffield Devonshire Green-Particulate matter less than 2.5 micro m (aerosol)",pm25,,,0.000,53.378622 -1.478096,,
DUP000488,json,sos,7567,7562,Sheffield Devonshire Green,337,2312,"http://dd.eionet.europa.eu/vocabulary/aq/pollutant/6001 7562 - Sheffield Devonshire Green-Particulate matter less than 2.5 micro m (aerosol), Sheffield Devonshire Green-Particulate matter less than 2.5 micro m (aerosol)",pm25,16.887,2026-02-19 20:00:00+00,0.000,53.378622 -1.478096,,
DUP000488,json,sos,2126,4054,Sheffield Devonshire Green-Non,,,Sheffield Devonshire Green-Non-volatile PM2.5,pm25,,,0.000,53.378622 -1.478096,,
DUP000489,aurn,aurn_register,,UKA00576,Glasgow Townhead,,,,pm25,,,0,55.865782 -4.243631,UKA00576,Automatic Urban and Rural Monitoring Network (AURN); Black Carbon; PAH Digitel (solid phase)
DUP000489,json,openaq,16517,2574,DEFRA Glasgow Townhead,1882,5079313,2574 PM2.5,pm25,9,2026-02-19 21:00:00+00,0.000,55.865782 -4.243631,,
DUP000489,json,sos,896,3913,Glasgow Townhead,284,219,"http://dd.eionet.europa.eu/vocabulary/aq/pollutant/6001 3913 - Glasgow Townhead-Particulate matter less than 2.5 micro m (aerosol), Glasgow Townhead-Particulate matter less than 2.5 micro m (aerosol)",pm25,,,0.000,55.865782 -4.243631,,
DUP000489,json,sos,7538,7116,Glasgow Townhead,302,2079,"http://dd.eionet.europa.eu/vocabulary/aq/pollutant/6001 7116 - Glasgow Townhead-Particulate matter less than 2.5 micro m (aerosol), Glasgow Townhead-Particulate matter less than 2.5 micro m (aerosol)",pm25,7.83,2026-02-19 21:00:00+00,0.000,55.865782 -4.243631,,
DUP000490,aurn,aurn_register,,UKA00592,Coventry Allesley,,,,pm25,,,0,52.411628 -1.560189,UKA00592,Automatic Urban and Rural Monitoring Network (AURN)
DUP000490,json,openaq,16491,2494,EEA Coventry Allesley - UKA00592,1779,4825,2494 PM2.5,pm25,9,2026-02-19 21:00:00+00,7.697,52.411563 -1.560228,,
DUP000490,json,sos,662,4005,Coventry Allesley,,,Coventry Allesley-Volatile PM2.5,pm25,,,7.697,52.411563 -1.560228,,
DUP000490,json,sos,661,780428,Coventry Allesley,287,157,"http://dd.eionet.europa.eu/vocabulary/aq/pollutant/6001 3959 - Coventry Allesley-Particulate matter less than 2.5 micro m (aerosol), Coventry Allesley-Particulate matter less than 2.5 micro m (aerosol)",pm25,,,0.000,52.411628 -1.560189,,
DUP000490,json,sos,661,780428,Coventry Allesley,327,2022,"http://dd.eionet.europa.eu/vocabulary/aq/pollutant/6001 7524 - Coventry Allesley-Particulate matter less than 2.5 micro m (aerosol), Coventry Allesley-Particulate matter less than 2.5 micro m (aerosol)",pm25,15.849,2026-02-19 21:00:00+00,0.000,52.411628 -1.560189,,
DUP000490,json,sos,658,4006,Coventry Allesley-Non,,,Coventry Allesley-Non-volatile PM2.5,pm25,,,7.697,52.411563 -1.560228,,
DUP000491,aurn,aurn_register,,UKA00595,Oldbury Birmingham Road,,,,pm25,,,0,52.502436 -2.003497,UKA00595,Automatic Urban and Rural Monitoring Network (AURN); UK Urban NO2 Network
DUP000491,json,openaq,16391,406,DEFRA Oldbury Birmingham Road,1485,13117097,406 PM2.5,pm25,11,2026-02-19 21:00:00+00,0.000,52.502436 -2.003497,,
DUP000491,json,sos,7523,11071,Oldbury Birmingham Road,265,5532,"http://dd.eionet.europa.eu/vocabulary/aq/pollutant/6001 11071 - Oldbury Birmingham Road-Particulate matter less than 2.5 micro m (aerosol), Oldbury Birmingham Road-Particulate matter less than 2.5 micro m (aerosol)",pm25,13.962,2026-02-19 21:00:00+00,0.000,52.502436 -2.003497,,
DUP000492,aurn,aurn_register,,UKA00599,Stockton-on-Tees A1305 Roadside,,,,pm25,,,0,54.565819 -1.315900,UKA00599,Automatic Urban and Rural Monitoring Network (AURN)
DUP000492,json,openaq,16447,2368,DEFRA Stockton-on-Tees A1305 Roadside,1652,5079282,2368 PM2.5,pm25,4,2026-02-17 16:00:00+00,0.000,54.565819 -1.315900,,
DUP000492,json,sos,2213,4065,Stockton-on-Tees A1305 Roadside,,,Stockton-on-Tees A1305 Roadside-Volatile PM2.5,pm25,,,0.000,54.565819 -1.315900,,
DUP000492,json,sos,7542,7138,Stockton-on-Tees A1305 Roadside,306,3543,"http://dd.eionet.europa.eu/vocabulary/aq/pollutant/6001 7138 - Stockton-on-Tees A1305 Roadside-Particulate matter less than 2.5 micro m (aerosol), Stockton-on-Tees A1305 Roadside-Particulate matter less than 2.5 micro m (aerosol)",pm25,-99,2026-02-19 21:00:00+00,0.000,54.565819 -1.315900,,
DUP000492,json,sos,2211,4063,Stockton-on-Tees A1305 Roadside-Non,,,Stockton-on-Tees A1305 Roadside-Non-volatile PM2.5,pm25,,,0.000,54.565819 -1.315900,,
DUP000493,aurn,aurn_register,,UKA00600,Hull Holderness Road,,,,pm25,,,0,53.759013 -0.305678,UKA00600,Automatic Urban and Rural Monitoring Network (AURN)
DUP000493,json,openaq,16467,2425,EEA Hull Holderness Road - UKA00600,1702,12626396,2425 PM2.5,pm25,19,2026-02-19 21:00:00+00,6.603,53.758971 -0.305749,,
DUP000493,json,sos,1172,788175,Hull Holderness Road,235,5352,"http://dd.eionet.europa.eu/vocabulary/aq/pollutant/6001 10701 - Hull Holderness Road-Particulate matter less than 2.5 micro m (aerosol), Hull Holderness Road-Particulate matter less than 2.5 micro m (aerosol)",pm25,21.227,2026-02-19 21:00:00+00,0.000,53.759013 -0.305678,,
DUP000494,aurn,aurn_register,,UKA00601,Sunderland Wessington Way,,,,pm25,,,0,54.918390 -1.408391,UKA00601,Automatic Urban and Rural Monitoring Network (AURN); UK Urban NO2 Network
DUP000494,json,openaq,16416,1731,DEFRA Sunderland Wessington Way,1566,12626395,1731 PM2.5,pm25,13,2026-02-19 21:00:00+00,0.000,54.918390 -1.408391,,
DUP000494,json,sos,7510,10722,Sunderland Wessington Way,247,5306,"http://dd.eionet.europa.eu/vocabulary/aq/pollutant/6001 10722 - Sunderland Wessington Way-Particulate matter less than 2.5 micro m (aerosol), Sunderland Wessington Way-Particulate matter less than 2.5 micro m (aerosol)",pm25,16.038,2026-02-19 21:00:00+00,0.000,54.918390 -1.408391,,
DUP000495,aurn,aurn_register,,UKA00602,Glasgow High Street,,,,pm25,,,0,55.860936 -4.238214,UKA00602,Automatic Urban and Rural Monitoring Network (AURN); Black Carbon; UK Urban NO2 Network
DUP000495,json,openaq,16516,2571,EEA Glasgow High Street - UKA00602,1878,5262,2571 PM2.5,pm25,11,2026-02-19 21:00:00+00,0.000,55.860936 -4.238214,,
DUP000495,json,sos,862,4021,Glasgow High Street,,,Glasgow High Street-Volatile PM2.5,pm25,,,0.000,55.860936 -4.238214,,
DUP000495,json,sos,7548,7393,Glasgow High Street,313,1270,"http://dd.eionet.europa.eu/vocabulary/aq/pollutant/6001 7393 - Glasgow High Street-Particulate matter less than 2.5 micro m (aerosol), Glasgow High Street-Particulate matter less than 2.5 micro m (aerosol)",pm25,11.132,2026-02-19 20:00:00+00,0.000,55.860936 -4.238214,,
DUP000495,json,sos,858,4019,Glasgow High Street-Non,,,Glasgow High Street-Non-volatile PM2.5,pm25,,,0.000,55.860936 -4.238214,,
DUP000496,aurn,aurn_register,,UKA00604,Chesterfield Loundsley Green,,,,pm25,,,0,53.244131 -1.454946,UKA00604,Automatic Urban and Rural Monitoring Network (AURN); Heavy Metals
DUP000496,json,openaq,16512,2551,DEFRA Chesterfield Loundsley Green,1864,5150,2551 PM2.5,pm25,13,2026-02-19 21:00:00+00,0.000,53.244131 -1.454946,,
DUP000496,json,sos,586,4004,Chesterfield Loundsley Green,,,Chesterfield Loundsley Green-Volatile PM2.5,pm25,,,0.000,53.244131 -1.454946,,
DUP000496,json,sos,7558,7520,Chesterfield Loundsley Green,325,1307,"http://dd.eionet.europa.eu/vocabulary/aq/pollutant/6001 7520 - Chesterfield Loundsley Green-Particulate matter less than 2.5 micro m (aerosol), Chesterfield Loundsley Green-Particulate matter less than 2.5 micro m (aerosol)",pm25,14.245,2026-02-19 21:00:00+00,0.000,53.244131 -1.454946,,
DUP000496,json,sos,581,4002,Chesterfield Loundsley Green-Non,,,Chesterfield Loundsley Green-Non-volatile PM2.5,pm25,,,0.000,53.244131 -1.454946,,
DUP000497,aurn,aurn_register,,UKA00605,Luton A505 Roadside,,,,pm25,,,0,51.892293 -0.462110,UKA00605,Automatic Urban and Rural Monitoring Network (AURN)
DUP000497,json,openaq,16479,2452,EEA Luton A505 Roadside - UKA00605,1732,12626397,2452 PM2.5,pm25,7,2026-02-19 21:00:00+00,0.000,51.892293 -0.462110,,
DUP000497,json,sos,7500,10705,Luton A505 Roadside,237,5331,"http://dd.eionet.europa.eu/vocabulary/aq/pollutant/6001 10705 - Luton A505 Roadside-Particulate matter less than 2.5 micro m (aerosol), Luton A505 Roadside-Particulate matter less than 2.5 micro m (aerosol)",pm25,11.698,2026-02-19 20:00:00+00,0.000,51.892293 -0.462110,,
DUP000498,aurn,aurn_register,,UKA00609,Leicester A594 Roadside,,,,pm25,,,0,52.638742 -1.124267,UKA00609,Automatic Urban and Rural Monitoring Network (AURN); UK Urban NO2 Network
DUP000498,json,openaq,16441,2343,EEA Leicester A594 Roadside - UKA00609,1635,12626390,2343 PM2.5,pm25,11,2026-02-19 21:00:00+00,7.692,52.638677 -1.124228,,
DUP000498,json,sos,1308,788176,Leicester A594 Roadside,236,5371,"http://dd.eionet.europa.eu/vocabulary/aq/pollutant/6001 10703 - Leicester A594 Roadside-Particulate matter less than 2.5 micro m (aerosol), Leicester A594 Roadside-Particulate matter less than 2.5 micro m (aerosol)",pm25,17.17,2026-02-19 21:00:00+00,0.000,52.638742 -1.124267,,
DUP000499,aurn,aurn_register,,UKA00610,Stoke-on-Trent A50 Roadside,,,,pm25,,,0,52.980436 -2.111898,UKA00610,Automatic Urban and Rural Monitoring Network (AURN); UK Urban NO2 Network
DUP000499,json,openaq,16465,2423,EEA Stoke-on-Trent A50 Roadside - UKA00610,1694,12626399,2423 PM2.5,pm25,13,2026-02-19 21:00:00+00,0.000,52.980436 -2.111898,,
DUP000499,json,sos,7509,10720,Stoke-on-Trent A50 Roadside,246,5351,"http://dd.eionet.europa.eu/vocabulary/aq/pollutant/6001 10720 - Stoke-on-Trent A50 Roadside-Particulate matter less than 2.5 micro m (aerosol), Stoke-on-Trent A50 Roadside-Particulate matter less than 2.5 micro m (aerosol)",pm25,15.377,2026-02-19 21:00:00+00,0.000,52.980436 -2.111898,,
DUP000500,aurn,aurn_register,,UKA00612,Doncaster A630 Cleveland Street,,,,pm25,,,0,53.518383 -1.138060,UKA00612,Automatic Urban and Rural Monitoring Network (AURN); UK Urban NO2 Network
DUP000500,json,sos,7499,10700,Doncaster A630 Cleveland Street,234,5360,"http://dd.eionet.europa.eu/vocabulary/aq/pollutant/6001 10700 - Doncaster A630 Cleveland Street-Particulate matter less than 2.5 micro m (aerosol), Doncaster A630 Cleveland Street-Particulate matter less than 2.5 micro m (aerosol)",pm25,13.774,2026-02-19 20:00:00+00,0.000,53.518383 -1.138060,,
DUP000501,aurn,aurn_register,,UKA00613,Southampton A33,,,,pm25,,,0,50.920265 -1.463484,UKA00613,Automatic Urban and Rural Monitoring Network (AURN); UK Urban NO2 Network
DUP000501,json,openaq,16446,2365,EEA Southampton A33 - UKA00613,1650,12626391,2365 PM2.5,pm25,5,2026-02-19 21:00:00+00,0.000,50.920265 -1.463484,,
DUP000501,json,sos,7508,10718,Southampton A33,245,5394,"http://dd.eionet.europa.eu/vocabulary/aq/pollutant/6001 10718 - Southampton A33-Particulate matter less than 2.5 micro m (aerosol), Southampton A33-Particulate matter less than 2.5 micro m (aerosol)",pm25,6.038,2026-02-19 21:00:00+00,0.000,50.920265 -1.463484,,
DUP000502,aurn,aurn_register,,UKA00614,Chilbolton Observatory,,,,pm25,,,0,51.149617 -1.438228,UKA00614,Automatic Hydrocarbon Network; Automatic Urban and Rural Monitoring Network (AURN); Black Carbon; Heavy Metals; PAH Deposition; PAH Digitel (solid phase); Particle Concentrations and Numbers Network; Rural Automatic Mercury network; UKEAP: Acid Gases & Aerosol Network; UKEAP: MARGA Network; UKEAP: National Ammonia Monitoring Network; UKEAP: Precip-Net; UKEAP: Precip-Net; UKEAP: Rural NO2
DUP000502,json,openaq,16466,2424,EEA Chilbolton Observatory - UKA00614,1698,5096,2424 PM2.5,pm25,5,2026-02-19 21:00:00+00,0.000,51.149617 -1.438228,,
DUP000502,json,sos,640,785634,Chilbolton Observatory,,,Chilbolton Observatory-Volatile PM2.5,pm25,,,0.000,51.149617 -1.438228,,
DUP000502,json,sos,7547,7164,Chilbolton Observatory,312,3480,"http://dd.eionet.europa.eu/vocabulary/aq/pollutant/6001 7164 - Chilbolton Observatory-Particulate matter less than 2.5 micro m (aerosol), Chilbolton Observatory-Particulate matter less than 2.5 micro m (aerosol)",pm25,7.547,2026-02-19 21:00:00+00,0.000,51.149617 -1.438228,,
DUP000502,json,sos,627,785639,Chilbolton Observatory-Non,,,Chilbolton Observatory-Non-volatile PM2.5,pm25,,,0.000,51.149617 -1.438228,,
DUP000503,aurn,aurn_register,,UKA00617,Manchester Sharston,,,,pm25,,,0,53.371722 -2.238917,UKA00617,Automatic Urban and Rural Monitoring Network (AURN)
DUP000503,json,sos,7484,10625,Manchester Sharston,219,5207,"http://dd.eionet.europa.eu/vocabulary/aq/pollutant/6001 10625 - Manchester Sharston-Particulate matter less than 2.5 micro m (aerosol), Manchester Sharston-Particulate matter less than 2.5 micro m (aerosol)",pm25,16.321,2026-02-19 21:00:00+00,0.000,53.371722 -2.238917,,
DUP000504,aurn,aurn_register,,UKA00618,Nottingham Western Boulevard,,,,pm25,,,0,52.969377 -1.188851,UKA00618,Automatic Urban and Rural Monitoring Network (AURN); UK Urban NO2 Network
DUP000504,json,openaq,16469,2428,DEFRA Nottingham Western Boulevard,1707,12626388,2428 PM2.5,pm25,14,2026-02-19 21:00:00+00,0.000,52.969377 -1.188851,,
DUP000504,json,sos,7504,10711,Nottingham Western Boulevard,241,5344,"http://dd.eionet.europa.eu/vocabulary/aq/pollutant/6001 10711 - Nottingham Western Boulevard-Particulate matter less than 2.5 micro m (aerosol), Nottingham Western Boulevard-Particulate matter less than 2.5 micro m (aerosol)",pm25,18.019,2026-02-19 21:00:00+00,0.000,52.969377 -1.188851,,
DUP000505,aurn,aurn_register,,UKA00619,Derry Rosemount,,,,pm25,,,0,55.002818 -7.331179,UKA00619,Automatic Urban and Rural Monitoring Network (AURN)
DUP000505,json,openaq,16510,2545,EEA Derry Rosemount - UKA00619,1856,5106,2545 PM2.5,pm25,11,2026-02-19 21:00:00+00,0.000,55.002818 -7.331179,,
DUP000505,json,sos,741,4015,Derry Rosemount,,,Derry Rosemount-Volatile PM2.5,pm25,,,0.000,55.002818 -7.331179,,
DUP000505,json,sos,7573,7586,Derry Rosemount,343,3558,"http://dd.eionet.europa.eu/vocabulary/aq/pollutant/6001 7586 - Derry Rosemount-Particulate matter less than 2.5 micro m (aerosol), Derry Rosemount-Particulate matter less than 2.5 micro m (aerosol)",pm25,15,2026-02-19 21:00:00+00,0.000,55.002818 -7.331179,,
DUP000505,json,sos,735,4008,Derry Rosemount-Non,,,Derry Rosemount-Non-volatile PM2.5,pm25,,,0.000,55.002818 -7.331179,,
DUP000506,aurn,aurn_register,,UKA00621,Greenock A8 Roadside,,,,pm25,,,0,55.944079 -4.734421,UKA00621,Automatic Urban and Rural Monitoring Network (AURN)
DUP000506,json,sos,7525,6818,Greenock A8 Roadside,288,4498,"http://dd.eionet.europa.eu/vocabulary/aq/pollutant/6001 6818 - Greenock A8 Roadside-Particulate matter less than 2.5 micro m (aerosol), Greenock A8 Roadside-Particulate matter less than 2.5 micro m (aerosol)",pm25,10,2026-02-19 21:00:00+00,0.000,55.944079 -4.734421,,
DUP000507,aurn,aurn_register,,UKA00622,Sheffield Barnsley Road,,,,pm25,,,0,53.404950 -1.455815,UKA00622,Automatic Urban and Rural Monitoring Network (AURN); UK Urban NO2 Network
DUP000507,json,openaq,16526,3527,EEA Sheffield Barnsley Road - UKA00622,1910,29695,3527 PM2.5,pm25,,,0.000,53.404950 -1.455815,,
DUP000507,json,sos,7529,6886,Sheffield Barnsley Road,292,4613,"http://dd.eionet.europa.eu/vocabulary/aq/pollutant/6001 6886 - Sheffield Barnsley Road-Particulate matter less than 2.5 micro m (aerosol), Sheffield Barnsley Road-Particulate matter less than 2.5 micro m (aerosol)",pm25,-99,2026-02-19 20:00:00+00,0.000,53.404950 -1.455815,,
DUP000508,aurn,aurn_register,,UKA00623,Cannock A5190 Roadside,,,,pm25,,,0,52.687298 -1.980821,UKA00623,Automatic Urban and Rural Monitoring Network (AURN)
DUP000508,json,openaq,16528,3529,EEA Cannock A5190 Roadside - UKA00623,1913,12626401,3529 PM2.5,pm25,12,2026-02-19 21:00:00+00,0.000,52.687298 -1.980821,,
DUP000508,json,sos,7496,10696,Cannock A5190 Roadside,231,5333,"http://dd.eionet.europa.eu/vocabulary/aq/pollutant/6001 10696 - Cannock A5190 Roadside-Particulate matter less than 2.5 micro m (aerosol), Cannock A5190 Roadside-Particulate matter less than 2.5 micro m (aerosol)",pm25,17.642,2026-02-19 20:00:00+00,0.000,52.687298 -1.980821,,
DUP000509,aurn,aurn_register,,UKA00624,Christchurch Barrack Road,,,,pm25,,,0,50.735454 -1.780888,UKA00624,Automatic Urban and Rural Monitoring Network (AURN); UK Urban NO2 Network
DUP000509,json,openaq,16529,3530,EEA Christchurch Barrack Road - UKA00624,1915,28991,3530 PM2.5,pm25,7,2026-02-19 21:00:00+00,0.000,50.735454 -1.780888,,
DUP000509,json,sos,7528,6879,Christchurch Barrack Road,291,4597,"http://dd.eionet.europa.eu/vocabulary/aq/pollutant/6001 6879 - Christchurch Barrack Road-Particulate matter less than 2.5 micro m (aerosol), Christchurch Barrack Road-Particulate matter less than 2.5 micro m (aerosol)",pm25,11,2026-02-19 21:00:00+00,0.000,50.735454 -1.780888,,
DUP000510,aurn,aurn_register,,UKA00625,Birkenhead Borough Road,,,,pm25,,,0,53.388624 -3.024942,UKA00625,Automatic Urban and Rural Monitoring Network (AURN); UK Urban NO2 Network
DUP000510,json,openaq,16525,3526,EEA Birkenhead Borough Road - UKA00625,1908,12626398,3526 PM2.5,pm25,12,2026-02-19 21:00:00+00,13.442,53.388511 -3.025014,,
DUP000510,json,sos,7493,10692,Birkenhead Borough Road,228,5370,"http://dd.eionet.europa.eu/vocabulary/aq/pollutant/6001 10692 - Birkenhead Borough Road-Particulate matter less than 2.5 micro m (aerosol), Birkenhead Borough Road-Particulate matter less than 2.5 micro m (aerosol)",pm25,12.736,2026-02-19 21:00:00+00,0.000,53.388624 -3.024942,,
DUP000511,aurn,aurn_register,,UKA00626,Birmingham A4540 Roadside,,,,pm25,,,0,52.476145 -1.874978,UKA00626,Automatic Urban and Rural Monitoring Network (AURN); Black Carbon; Non-Automatic Hydrocarbon Network; UK Urban NO2 Network
DUP000511,json,openaq,16524,3525,EEA Birmingham A4540 Roadside - UKA00626,1906,7814,3525 PM2.5,pm25,12,2026-02-19 21:00:00+00,6.864,52.476090 -1.875024,,
DUP000511,json,sos,7554,7506,Birmingham A4540 Roadside,321,4167,"http://dd.eionet.europa.eu/vocabulary/aq/pollutant/6001 7506 - Birmingham A4540 Roadside-Particulate matter less than 2.5 micro m (aerosol), Birmingham A4540 Roadside-Particulate matter less than 2.5 micro m (aerosol)",pm25,16.981,2026-02-19 21:00:00+00,0.000,52.476145 -1.874978,,
DUP000512,aurn,aurn_register,,UKA00628,Worthing A27 Roadside,,,,pm25,,,0,50.832947 -0.379916,UKA00628,Automatic Urban and Rural Monitoring Network (AURN)
DUP000512,json,openaq,16522,3522,EEA Worthing A27 Roadside - UKA00628,1900,29838,3522 PM2.5,pm25,11,2026-02-19 21:00:00+00,0.000,50.832947 -0.379916,,
DUP000512,json,sos,7534,7102,Worthing A27 Roadside,297,4691,"http://dd.eionet.europa.eu/vocabulary/aq/pollutant/6001 7102 - Worthing A27 Roadside-Particulate matter less than 2.5 micro m (aerosol), Worthing A27 Roadside-Particulate matter less than 2.5 micro m (aerosol)",pm25,13,2026-02-19 21:00:00+00,0.000,50.832947 -0.379916,,
DUP000513,aurn,aurn_register,,UKA00630,Derby St Alkmund's Way,,,,pm25,,,0,52.922983 -1.469507,UKA00630,Automatic Urban and Rural Monitoring Network (AURN); UK Urban NO2 Network
DUP000513,json,openaq,16523,3523,DEFRA Derby St Alkmund's Way,1902,12626394,3523 PM2.5,pm25,14,2026-02-19 21:00:00+00,0.000,52.922983 -1.469507,,
DUP000513,json,sos,7498,10699,Derby St Alkmund's Way,233,5330,"http://dd.eionet.europa.eu/vocabulary/aq/pollutant/6001 10699 - Derby St Alkmund's Way-Particulate matter less than 2.5 micro m (aerosol), Derby St Alkmund's Way-Particulate matter less than 2.5 micro m (aerosol)",pm25,15.849,2026-02-19 20:00:00+00,0.000,52.922983 -1.469507,,
DUP000514,aurn,aurn_register,,UKA00631,Bristol Temple Way,,,,pm25,,,0,51.457968 -2.583975,UKA00631,Automatic Urban and Rural Monitoring Network (AURN); UK Urban NO2 Network
DUP000514,json,sos,7483,10623,Bristol Temple Way,218,5271,"http://dd.eionet.europa.eu/vocabulary/aq/pollutant/6001 10623 - Bristol Temple Way-Particulate matter less than 2.5 micro m (aerosol), Bristol Temple Way-Particulate matter less than 2.5 micro m (aerosol)",pm25,9.528,2026-02-19 21:00:00+00,0.000,51.457968 -2.583975,,
DUP000515,aurn,aurn_register,,UKA00632,Northampton Spring Park,,,,pm25,,,0,52.272257 -0.916605,UKA00632,Automatic Urban and Rural Monitoring Network (AURN)
DUP000515,json,openaq,16901,2659936,EEA Northampton Spring Park - UKA00632,3068,8622289,2659936 PM2.5,pm25,6,2026-02-19 15:00:00+00,0.000,52.272257 -0.916605,,
DUP000515,json,sos,7526,6823,Northampton Spring Park,289,4514,"http://dd.eionet.europa.eu/vocabulary/aq/pollutant/6001 6823 - Northampton Spring Park-Particulate matter less than 2.5 micro m (aerosol), Northampton Spring Park-Particulate matter less than 2.5 micro m (aerosol)",pm25,16,2026-02-19 21:00:00+00,0.000,52.272257 -0.916605,,
DUP000516,aurn,aurn_register,,UKA00634,Coventry Binley Road,,,,pm25,,,0,52.407708 -1.490082,UKA00634,Automatic Urban and Rural Monitoring Network (AURN); UK Urban NO2 Network
DUP000516,json,sos,7497,10697,Coventry Binley Road,232,5281,"http://dd.eionet.europa.eu/vocabulary/aq/pollutant/6001 10697 - Coventry Binley Road-Particulate matter less than 2.5 micro m (aerosol), Coventry Binley Road-Particulate matter less than 2.5 micro m (aerosol)",pm25,16.793,2026-02-19 21:00:00+00,0.000,52.407708 -1.490082,,
DUP000517,aurn,aurn_register,,UKA00644,Borehamwood Meadow Park,,,,pm25,,,0,51.661229 -0.270550,UKA00644,Automatic Urban and Rural Monitoring Network (AURN)
DUP000517,json,sos,7607,8894,Borehamwood Meadow Park,393,4892,"http://dd.eionet.europa.eu/vocabulary/aq/pollutant/6001 8894 - Borehamwood Meadow Park-Particulate matter less than 2.5 micro m (aerosol), Borehamwood Meadow Park-Particulate matter less than 2.5 micro m (aerosol)",pm25,9.528,2026-02-19 20:00:00+00,0.000,51.661229 -0.270550,,
DUP000518,aurn,aurn_register,,UKA00645,Hartlepool St Abbs Walk,,,,pm25,,,0,54.683242 -1.203838,UKA00645,Automatic Urban and Rural Monitoring Network (AURN)
DUP000518,json,sos,7594,8761,Hartlepool St Abbs Walk,377,4929,"http://dd.eionet.europa.eu/vocabulary/aq/pollutant/6001 8761 - Hartlepool St Abbs Walk-Particulate matter less than 2.5 micro m (aerosol), Hartlepool St Abbs Walk-Particulate matter less than 2.5 micro m (aerosol)",pm25,15.755,2026-02-19 21:00:00+00,0.000,54.683242 -1.203838,,
DUP000519,aurn,aurn_register,,UKA00647,Immingham Woodlands Avenue,,,,pm25,,,0,53.619241 -0.213324,UKA00647,Automatic Urban and Rural Monitoring Network (AURN)
DUP000519,json,sos,7596,8765,Immingham Woodlands Avenue,379,4931,"http://dd.eionet.europa.eu/vocabulary/aq/pollutant/6001 8765 - Immingham Woodlands Avenue-Particulate matter less than 2.5 micro m (aerosol), Immingham Woodlands Avenue-Particulate matter less than 2.5 micro m (aerosol)",pm25,15.094,2026-02-19 21:00:00+00,0.000,53.619241 -0.213324,,
DUP000520,aurn,aurn_register,,UKA00648,Telford Hollinswood,,,,pm25,,,0,52.673471 -2.436692,UKA00648,Automatic Urban and Rural Monitoring Network (AURN)
DUP000520,json,sos,7600,8773,Telford Hollinswood,383,5000,"http://dd.eionet.europa.eu/vocabulary/aq/pollutant/6001 8773 - Telford Hollinswood-Particulate matter less than 2.5 micro m (aerosol), Telford Hollinswood-Particulate matter less than 2.5 micro m (aerosol)",pm25,11.793,2026-02-19 20:00:00+00,0.000,52.673471 -2.436692,,
DUP000521,aurn,aurn_register,,UKA00650,Swindon Walcot,,,,pm25,,,0,51.558061 -1.765678,UKA00650,Automatic Urban and Rural Monitoring Network (AURN)
DUP000521,json,sos,7599,8771,Swindon Walcot,382,4959,"http://dd.eionet.europa.eu/vocabulary/aq/pollutant/6001 8771 - Swindon Walcot-Particulate matter less than 2.5 micro m (aerosol), Swindon Walcot-Particulate matter less than 2.5 micro m (aerosol)",pm25,10.943,2026-02-19 21:00:00+00,0.000,51.558061 -1.765678,,
DUP000522,aurn,aurn_register,,UKA00651,Portsmouth Anglesea Road,,,,pm25,,,0,50.798339 -1.095558,UKA00651,Automatic Urban and Rural Monitoring Network (AURN); UK Urban NO2 Network
DUP000522,json,sos,7505,10713,Portsmouth Anglesea Road,242,5316,"http://dd.eionet.europa.eu/vocabulary/aq/pollutant/6001 10713 - Portsmouth Anglesea Road-Particulate matter less than 2.5 micro m (aerosol), Portsmouth Anglesea Road-Particulate matter less than 2.5 micro m (aerosol)",pm25,7.359,2026-02-19 20:00:00+00,0.000,50.798339 -1.095558,,
DUP000523,aurn,aurn_register,,UKA00652,Burton-on-Trent Horninglow,,,,pm25,,,0,52.821050 -1.635718,UKA00652,Automatic Urban and Rural Monitoring Network (AURN)
DUP000523,json,sos,7590,8753,Burton-on-Trent Horninglow,373,4969,"http://dd.eionet.europa.eu/vocabulary/aq/pollutant/6001 8753 - Burton-on-Trent Horninglow-Particulate matter less than 2.5 micro m (aerosol), Burton-on-Trent Horninglow-Particulate matter less than 2.5 micro m (aerosol)",pm25,24.434,2026-02-19 21:00:00+00,0.000,52.821050 -1.635718,,
DUP000524,aurn,aurn_register,,UKA00654,Dewsbury Ashworth Grange,,,,pm25,,,0,53.693104 -1.637111,UKA00654,Automatic Urban and Rural Monitoring Network (AURN)
DUP000524,json,sos,7593,8759,Dewsbury Ashworth Grange,376,4970,"http://dd.eionet.europa.eu/vocabulary/aq/pollutant/6001 8759 - Dewsbury Ashworth Grange-Particulate matter less than 2.5 micro m (aerosol), Dewsbury Ashworth Grange-Particulate matter less than 2.5 micro m (aerosol)",pm25,20.472,2026-02-19 21:00:00+00,0.000,53.693104 -1.637111,,
DUP000525,aurn,aurn_register,,UKA00655,Birmingham Ladywood,,,,pm25,,,0,52.481346 -1.918235,UKA00655,Automatic Urban and Rural Monitoring Network (AURN); Black Carbon; Non-Automatic Hydrocarbon Network; PAH Digitel (solid phase)
DUP000525,json,sos,7555,7510,Birmingham Ladywood,322,4733,"http://dd.eionet.europa.eu/vocabulary/aq/pollutant/6001 7510 - Birmingham Ladywood-Particulate matter less than 2.5 micro m (aerosol), Birmingham Ladywood-Particulate matter less than 2.5 micro m (aerosol)",pm25,12.83,2026-02-19 21:00:00+00,0.000,52.481346 -1.918235,,
DUP000526,aurn,aurn_register,,UKA00656,London Honor Oak Park,,,,pm25,,,0,51.449674 -0.037418,UKA00656,Automatic Hydrocarbon Network; Automatic Urban and Rural Monitoring Network (AURN); Black Carbon; Particle Size Composition
DUP000526,json,openaq,16776,225803,EEA London Honor Oak Park - UKA00656,2673,1304734,225803 PM2.5,pm25,10.7,2026-02-19 20:00:00+00,0.000,51.449674 -0.037418,,
DUP000526,json,sos,7550,7496,London Honor Oak Park,317,4744,"http://dd.eionet.europa.eu/vocabulary/aq/pollutant/6001 7496 - London Honor Oak Park-Particulate matter less than 2.5 micro m (aerosol), London Honor Oak Park-Particulate matter less than 2.5 micro m (aerosol)",pm25,-99,2026-02-19 21:00:00+00,0.000,51.449674 -0.037418,,
DUP000527,aurn,aurn_register,,UKA00659,Crewe Coppenhall,,,,pm25,,,0,53.115941 -2.453492,UKA00659,Automatic Urban and Rural Monitoring Network (AURN)
DUP000527,json,sos,7592,8757,Crewe Coppenhall,375,4999,"http://dd.eionet.europa.eu/vocabulary/aq/pollutant/6001 8757 - Crewe Coppenhall-Particulate matter less than 2.5 micro m (aerosol), Crewe Coppenhall-Particulate matter less than 2.5 micro m (aerosol)",pm25,14.151,2026-02-19 21:00:00+00,0.000,53.115941 -2.453492,,
DUP000528,aurn,aurn_register,,UKA00932,Carlisle Morton A595,,,,pm25,,,0,54.885823 -2.964955,UKA00932,Automatic Urban and Rural Monitoring Network (AURN); Non-Automatic Hydrocarbon Network
DUP000528,json,sos,7586,8132,Carlisle Morton A595,363,4871,"http://dd.eionet.europa.eu/vocabulary/aq/pollutant/6001 8132 - Carlisle Morton A595-Particulate matter less than 2.5 micro m (aerosol), Carlisle Morton A595-Particulate matter less than 2.5 micro m (aerosol)",pm25,9,2026-02-19 21:00:00+00,0.000,54.885823 -2.964955,,
DUP000529,aurn,aurn_register,,UKA00933,Aberdeen Erroll Park,,,,pm25,,,0,57.157400 -2.094770,UKA00933,Automatic Urban and Rural Monitoring Network (AURN)
DUP000529,json,sos,7585,8127,Aberdeen Erroll Park,362,4889,"http://dd.eionet.europa.eu/vocabulary/aq/pollutant/6001 8127 - Aberdeen Erroll Park-Particulate matter less than 2.5 micro m (aerosol), Aberdeen Erroll Park-Particulate matter less than 2.5 micro m (aerosol)",pm25,12.736,2026-02-19 21:00:00+00,0.000,57.157400 -2.094770,,
DUP000530,aurn,aurn_register,,UKA00963,Milton Keynes Civic Centre,,,,pm25,,,0,52.044076 -0.761013,UKA00963,Automatic Urban and Rural Monitoring Network (AURN)
DUP000530,json,sos,7611,9902,Milton Keynes Civic Centre,406,5063,"http://dd.eionet.europa.eu/vocabulary/aq/pollutant/6001 9902 - Milton Keynes Civic Centre-Particulate matter less than 2.5 micro m (aerosol), Milton Keynes Civic Centre-Particulate matter less than 2.5 micro m (aerosol)",pm25,13.302,2026-02-19 21:00:00+00,0.000,52.044076 -0.761013,,
DUP000531,aurn,aurn_register,,UKA01025,Blackburn Audley Park,,,,pm25,,,0,53.746730 -2.467873,UKA01025,Automatic Urban and Rural Monitoring Network (AURN); Black Carbon
DUP000531,json,sos,7613,9908,Blackburn Audley Park,408,5099,"http://dd.eionet.europa.eu/vocabulary/aq/pollutant/6001 9908 - Blackburn Audley Park-Particulate matter less than 2.5 micro m (aerosol), Blackburn Audley Park-Particulate matter less than 2.5 micro m (aerosol)",pm25,19.434,2026-02-19 21:00:00+00,0.000,53.746730 -2.467873,,
DUP000532,aurn,aurn_register,,UKA01026,Toft Newton,,,,pm25,,,0,53.374133 -0.449788,UKA01026,Automatic Urban and Rural Monitoring Network (AURN)
DUP000532,json,sos,7477,10526,Toft Newton,210,5130,"http://dd.eionet.europa.eu/vocabulary/aq/pollutant/6001 10526 - Toft Newton-Particulate matter less than 2.5 micro m (aerosol), Toft Newton-Particulate matter less than 2.5 micro m (aerosol)",pm25,11.793,2026-02-19 21:00:00+00,0.000,53.374133 -0.449788,,
DUP000533,aurn,aurn_register,,UKA01027,Derby Stockbrook Park,,,,pm25,,,0,52.916059 -1.492166,UKA01027,Automatic Urban and Rural Monitoring Network (AURN); Black Carbon
DUP000533,json,sos,7612,9905,Derby Stockbrook Park,407,5141,"http://dd.eionet.europa.eu/vocabulary/aq/pollutant/6001 9905 - Derby Stockbrook Park-Particulate matter less than 2.5 micro m (aerosol), Derby Stockbrook Park-Particulate matter less than 2.5 micro m (aerosol)",pm25,15.472,2026-02-19 21:00:00+00,0.000,52.916059 -1.492166,,
DUP000534,aurn,aurn_register,,UKA01038,Tallington,,,,pm25,,,0,52.656308 -0.381000,UKA01038,Automatic Urban and Rural Monitoring Network (AURN)
DUP000534,json,sos,7491,10647,Tallington,226,5159,"http://dd.eionet.europa.eu/vocabulary/aq/pollutant/6001 10647 - Tallington-Particulate matter less than 2.5 micro m (aerosol), Tallington-Particulate matter less than 2.5 micro m (aerosol)",pm25,8.491,2026-02-19 21:00:00+00,0.000,52.656308 -0.381000,,
DUP000535,aurn,aurn_register,,UKA01048,Nottingham Kenmore Gardens,,,,pm25,,,0,52.959441 -1.138650,UKA01048,Automatic Urban and Rural Monitoring Network (AURN); Non-Automatic Hydrocarbon Network; PAH Digitel (solid phase)
DUP000535,json,sos,7480,10545,Nottingham Kenmore Gardens,213,5179,"http://dd.eionet.europa.eu/vocabulary/aq/pollutant/6001 10545 - Nottingham Kenmore Gardens-Particulate matter less than 2.5 micro m (aerosol), Nottingham Kenmore Gardens-Particulate matter less than 2.5 micro m (aerosol)",pm25,19.151,2026-02-19 21:00:00+00,0.000,52.959441 -1.138650,,
DUP000536,aurn,aurn_register,,UKA01049,Blackpool Whitegate Drive,,,,pm25,,,0,53.810975 -3.033232,UKA01049,Automatic Urban and Rural Monitoring Network (AURN)
DUP000536,json,sos,7494,10693,Blackpool Whitegate Drive,229,5295,"http://dd.eionet.europa.eu/vocabulary/aq/pollutant/6001 10693 - Blackpool Whitegate Drive-Particulate matter less than 2.5 micro m (aerosol), Blackpool Whitegate Drive-Particulate matter less than 2.5 micro m (aerosol)",pm25,15,2026-02-19 20:00:00+00,0.000,53.810975 -3.033232,,
DUP000537,aurn,aurn_register,,UKA01050,Mansfield Ladybrook,,,,pm25,,,0,53.145302 -1.208302,UKA01050,Automatic Urban and Rural Monitoring Network (AURN)
DUP000537,json,sos,7487,10633,Mansfield Ladybrook,222,5235,"http://dd.eionet.europa.eu/vocabulary/aq/pollutant/6001 10633 - Mansfield Ladybrook-Particulate matter less than 2.5 micro m (aerosol), Mansfield Ladybrook-Particulate matter less than 2.5 micro m (aerosol)",pm25,23.962,2026-02-19 21:00:00+00,0.067,53.145302 -1.208301,,
DUP000538,aurn,aurn_register,,UKA01051,Middlewich St Michael's Way,,,,pm25,,,0,53.194019 -2.447951,UKA01051,Automatic Urban and Rural Monitoring Network (AURN)
DUP000538,json,sos,7502,10708,Middlewich St Michael's Way,239,5332,"http://dd.eionet.europa.eu/vocabulary/aq/pollutant/6001 10708 - Middlewich St Michael's Way-Particulate matter less than 2.5 micro m (aerosol), Middlewich St Michael's Way-Particulate matter less than 2.5 micro m (aerosol)",pm25,15.094,2026-02-19 20:00:00+00,0.000,53.194019 -2.447951,,
DUP000539,aurn,aurn_register,,UKA01052,Peterborough Garton End,,,,pm25,,,0,52.594012 -0.248945,UKA01052,Automatic Urban and Rural Monitoring Network (AURN)
DUP000539,json,sos,7488,10635,Peterborough Garton End,223,5252,"http://dd.eionet.europa.eu/vocabulary/aq/pollutant/6001 10635 - Peterborough Garton End-Particulate matter less than 2.5 micro m (aerosol), Peterborough Garton End-Particulate matter less than 2.5 micro m (aerosol)",pm25,8.396,2026-02-19 21:00:00+00,0.000,52.594012 -0.248945,,
DUP000540,aurn,aurn_register,,UKA01053,Reading Rose Kiln Lane,,,,pm25,,,0,51.445900 -0.976081,UKA01053,Automatic Urban and Rural Monitoring Network (AURN)
DUP000540,json,sos,7506,10715,Reading Rose Kiln Lane,243,5296,"http://dd.eionet.europa.eu/vocabulary/aq/pollutant/6001 10715 - Reading Rose Kiln Lane-Particulate matter less than 2.5 micro m (aerosol), Reading Rose Kiln Lane-Particulate matter less than 2.5 micro m (aerosol)",pm25,10.094,2026-02-19 20:00:00+00,0.000,51.445900 -0.976081,,
DUP000541,aurn,aurn_register,,UKA01054,Rotherham East Dene,,,,pm25,,,0,53.436248 -1.323872,UKA01054,Automatic Urban and Rural Monitoring Network (AURN)
DUP000541,json,sos,7486,10631,Rotherham East Dene,221,5237,"http://dd.eionet.europa.eu/vocabulary/aq/pollutant/6001 10631 - Rotherham East Dene-Particulate matter less than 2.5 micro m (aerosol), Rotherham East Dene-Particulate matter less than 2.5 micro m (aerosol)",pm25,25.66,2026-02-19 21:00:00+00,0.066,53.436248 -1.323871,,
DUP000542,aurn,aurn_register,,UKA01055,Shrewsbury Underdale,,,,pm25,,,0,52.715083 -2.726833,UKA01055,Automatic Urban and Rural Monitoring Network (AURN); Black Carbon
DUP000542,json,sos,7507,10717,Shrewsbury Underdale,244,5268,"http://dd.eionet.europa.eu/vocabulary/aq/pollutant/6001 10717 - Shrewsbury Underdale-Particulate matter less than 2.5 micro m (aerosol), Shrewsbury Underdale-Particulate matter less than 2.5 micro m (aerosol)",pm25,16.604,2026-02-19 19:00:00+00,0.000,52.715083 -2.726833,,
DUP000543,aurn,aurn_register,,UKA01061,Worthing East Ten Acres,,,,pm25,,,0,50.817286 -0.353272,UKA01061,Automatic Urban and Rural Monitoring Network (AURN)
DUP000543,json,sos,7485,10629,Worthing East Ten Acres,220,5210,"http://dd.eionet.europa.eu/vocabulary/aq/pollutant/6001 10629 - Worthing East Ten Acres-Particulate matter less than 2.5 micro m (aerosol), Worthing East Ten Acres-Particulate matter less than 2.5 micro m (aerosol)",pm25,17.17,2026-02-19 20:00:00+00,0.000,50.817286 -0.353272,,
DUP000544,aurn,aurn_register,,UKA01062,Birmingham Hall Green,,,,pm25,,,0,52.437553 -1.830956,UKA01062,Automatic Urban and Rural Monitoring Network (AURN)
DUP000544,json,sos,7489,10640,Birmingham Hall Green,224,5233,"http://dd.eionet.europa.eu/vocabulary/aq/pollutant/6001 10640 - Birmingham Hall Green-Particulate matter less than 2.5 micro m (aerosol), Birmingham Hall Green-Particulate matter less than 2.5 micro m (aerosol)",pm25,14.057,2026-02-19 21:00:00+00,0.000,52.437553 -1.830956,,
DUP000545,aurn,aurn_register,,UKA01064,Maidstone Upper Stone Street,,,,pm25,,,0,51.268519 0.526348,UKA01064,Automatic Urban and Rural Monitoring Network (AURN)
DUP000545,json,sos,7501,10707,Maidstone Upper Stone Street,238,5381,"http://dd.eionet.europa.eu/vocabulary/aq/pollutant/6001 10707 - Maidstone Upper Stone Street-Particulate matter less than 2.5 micro m (aerosol), Maidstone Upper Stone Street-Particulate matter less than 2.5 micro m (aerosol)",pm25,8.491,2026-02-19 21:00:00+00,0.000,51.268519 0.526348,,
DUP000546,aurn,aurn_register,,UKA01085,Kielder Water,,,,pm25,,,0,55.181580 -2.453170,UKA01085,Automatic Urban and Rural Monitoring Network (AURN)
DUP000546,json,sos,7492,10691,Kielder Water,227,5396,"http://dd.eionet.europa.eu/vocabulary/aq/pollutant/6001 10691 - Kielder Water-Particulate matter less than 2.5 micro m (aerosol), Kielder Water-Particulate matter less than 2.5 micro m (aerosol)",pm25,11.981,2026-02-19 21:00:00+00,0.000,55.181580 -2.453170,,
DUP000547,aurn,aurn_register,,UKA01090,Bradford Shipley Airedale Road,,,,pm25,,,0,53.795169 -1.743742,UKA01090,Automatic Urban and Rural Monitoring Network (AURN); Black Carbon
DUP000547,json,sos,7495,10695,Bradford Shipley Airedale Road,230,5425,"http://dd.eionet.europa.eu/vocabulary/aq/pollutant/6001 10695 - Bradford Shipley Airedale Road-Particulate matter less than 2.5 micro m (aerosol), Bradford Shipley Airedale Road-Particulate matter less than 2.5 micro m (aerosol)",pm25,15.189,2026-02-19 20:00:00+00,0.000,53.795169 -1.743742,,
DUP000548,aurn,aurn_register,,UKA01096,Southend Shoeburyness,,,,pm25,,,0,51.537836 0.792578,UKA01096,Automatic Urban and Rural Monitoring Network (AURN)
DUP000548,json,sos,7519,11064,Southend Shoeburyness,261,5488,"http://dd.eionet.europa.eu/vocabulary/aq/pollutant/6001 11064 - Southend Shoeburyness-Particulate matter less than 2.5 micro m (aerosol), Southend Shoeburyness-Particulate matter less than 2.5 micro m (aerosol)",pm25,8.019,2026-02-19 21:00:00+00,0.000,51.537836 0.792578,,
DUP000549,aurn,aurn_register,,UKA01097,Farnborough Cherrywood,,,,pm25,,,0,51.307583 -0.764982,UKA01097,Automatic Urban and Rural Monitoring Network (AURN)
DUP000549,json,sos,7515,11056,Farnborough Cherrywood,257,5484,"http://dd.eionet.europa.eu/vocabulary/aq/pollutant/6001 11056 - Farnborough Cherrywood-Particulate matter less than 2.5 micro m (aerosol), Farnborough Cherrywood-Particulate matter less than 2.5 micro m (aerosol)",pm25,9.151,2026-02-19 21:00:00+00,0.000,51.307583 -0.764982,,
DUP000550,aurn,aurn_register,,UKA01098,Worcester Tolladine,,,,pm25,,,0,52.209364 -2.180563,UKA01098,Automatic Urban and Rural Monitoring Network (AURN)
DUP000550,json,sos,7522,11069,Worcester Tolladine,264,5486,"http://dd.eionet.europa.eu/vocabulary/aq/pollutant/6001 11069 - Worcester Tolladine-Particulate matter less than 2.5 micro m (aerosol), Worcester Tolladine-Particulate matter less than 2.5 micro m (aerosol)",pm25,10,2026-02-19 20:00:00+00,0.000,52.209364 -2.180563,,
DUP000551,aurn,aurn_register,,UKA01099,Tameside A635 Manchester Road,,,,pm25,,,0,53.482437 -2.113912,UKA01099,Automatic Urban and Rural Monitoring Network (AURN)
DUP000551,json,sos,7520,11065,Tameside A635 Manchester Road,262,5491,"http://dd.eionet.europa.eu/vocabulary/aq/pollutant/6001 11065 - Tameside A635 Manchester Road-Particulate matter less than 2.5 micro m (aerosol), Tameside A635 Manchester Road-Particulate matter less than 2.5 micro m (aerosol)",pm25,-99,2026-02-19 21:00:00+00,0.000,53.482437 -2.113912,,
DUP000552,aurn,aurn_register,,UKA01100,London Norbury Manor School,,,,pm25,,,0,51.410040 -0.127480,UKA01100,Automatic Urban and Rural Monitoring Network (AURN)
DUP000552,json,openaq,16787,225824,LAQN Croydon - Norbury Manor,2693,1304814,225824 PM2.5,pm25,,,2.984,51.410039 -0.127523,,
DUP000552,json,sos,7517,11060,London Norbury Manor School,259,5490,"http://dd.eionet.europa.eu/vocabulary/aq/pollutant/6001 11060 - London Norbury Manor School-Particulate matter less than 2.5 micro m (aerosol), London Norbury Manor School-Particulate matter less than 2.5 micro m (aerosol)",pm25,8.679,2026-02-19 20:00:00+00,0.000,51.410040 -0.127480,,
DUP000553,aurn,aurn_register,,UKA01101,Cheltenham A40 Gloucester Road,,,,pm25,,,0,51.896592 -2.113747,UKA01101,Automatic Urban and Rural Monitoring Network (AURN)
DUP000553,json,sos,7514,11054,Cheltenham A40 Gloucester Road,256,5467,"http://dd.eionet.europa.eu/vocabulary/aq/pollutant/6001 11054 - Cheltenham A40 Gloucester Road-Particulate matter less than 2.5 micro m (aerosol), Cheltenham A40 Gloucester Road-Particulate matter less than 2.5 micro m (aerosol)",pm25,11.8,2026-02-19 21:00:00+00,0.000,51.896592 -2.113747,,
DUP000554,aurn,aurn_register,,UKA01102,Gloucester Tredworth,,,,pm25,,,0,51.849673 -2.234996,UKA01102,Automatic Urban and Rural Monitoring Network (AURN)
DUP000554,json,sos,7516,11058,Gloucester Tredworth,258,5482,"http://dd.eionet.europa.eu/vocabulary/aq/pollutant/6001 11058 - Gloucester Tredworth-Particulate matter less than 2.5 micro m (aerosol), Gloucester Tredworth-Particulate matter less than 2.5 micro m (aerosol)",pm25,21.604,2026-02-19 21:00:00+00,0.000,51.849673 -2.234996,,
DUP000555,aurn,aurn_register,,UKA01103,Loughborough Thorpe Acre,,,,pm25,,,0,52.780359 -1.227659,UKA01103,Automatic Urban and Rural Monitoring Network (AURN)
DUP000555,json,sos,7518,11062,Loughborough Thorpe Acre,260,5520,"http://dd.eionet.europa.eu/vocabulary/aq/pollutant/6001 11062 - Loughborough Thorpe Acre-Particulate matter less than 2.5 micro m (aerosol), Loughborough Thorpe Acre-Particulate matter less than 2.5 micro m (aerosol)",pm25,16.51,2026-02-19 21:00:00+00,0.000,52.780359 -1.227659,,
DUP000556,aurn,aurn_register,,UKA01107,Wakefield Alverthorpe,,,,pm25,,,0,53.687360 -1.522209,UKA01107,Automatic Urban and Rural Monitoring Network (AURN)
DUP000556,json,sos,7521,11067,Wakefield Alverthorpe,263,5554,"http://dd.eionet.europa.eu/vocabulary/aq/pollutant/6001 11067 - Wakefield Alverthorpe-Particulate matter less than 2.5 micro m (aerosol), Wakefield Alverthorpe-Particulate matter less than 2.5 micro m (aerosol)",pm25,23.962,2026-02-19 21:00:00+00,0.000,53.687360 -1.522209,,
DUP000557,aurn,aurn_register,,UKA01108,Birmingham University,,,,pm25,,,0,52.455515 -1.928937,UKA01108,Automatic Urban and Rural Monitoring Network (AURN)
DUP000557,json,openaq,16875,2453320,AirGradient University of Birmingham 1,3006,7897359,2453320 PM2.5,pm25,32.2217261904762,2026-02-19 21:00:00+00,5.000,52.455488 -1.928996,,
DUP000557,json,openaq,16872,2453317,AirGradient University of Birmingham 2,2988,7897367,2453317 PM2.5,pm25,34.4374998410543,2026-02-19 21:00:00+00,4.332,52.455500 -1.928996,,
DUP000557,json,openaq,16870,2453314,AirGradient University of Birmingham 3,2976,7897363,2453314 PM2.5,pm25,33.6958332061768,2026-02-19 21:00:00+00,8.260,52.455450 -1.928996,,
DUP000557,json,openaq,16868,2453310,AirGradient University of Birmingham 4,2964,7897357,2453310 PM2.5,pm25,36.5083333651225,2026-02-19 21:00:00+00,13.398,52.455400 -1.928996,,
DUP000557,json,openaq,17082,5224957,"AirGradient University of Birmingham, UK",3747,14383281,5224957 PM2.5,pm25,,,4.300,52.455498 -1.928994,,
DUP000557,json,openaq,17146,6230637,"AirGradient University of Birmingham, UK",4059,15376876,6230637 PM2.5,pm25,23.2999999523163,2026-02-19 21:00:00+00,6.839,52.455532 -1.928840,,
DUP000557,json,openaq,17083,5224958,"AirGradient University of Birmingham, UK - University of Birmingham",3752,14157104,5224958 PM2.5,pm25,,,6.839,52.455532 -1.928840,,
DUP000557,json,openaq,17084,5225907,"AirGradient University of Birmingham, UK - University of Birmingham",3757,14153213,5225907 PM2.5,pm25,,,4.300,52.455498 -1.928994,,
DUP000557,json,openaq,17085,5246083,AirGradient Urban Background - University of Birmingham,3762,14153313,5246083 PM2.5,pm25,38.2165000915527,2026-02-19 21:00:00+00,4.646,52.455500 -1.929001,,
DUP000558,aurn,aurn_register,,UKA01109,Aylesbury A4157,,,,pm25,,,0,51.822161 -0.793884,UKA01109,Automatic Urban and Rural Monitoring Network (AURN)
DUP000558,json,sos,7513,11053,Aylesbury A4157,255,5579,"http://dd.eionet.europa.eu/vocabulary/aq/pollutant/6001 11053 - Aylesbury A4157-Particulate matter less than 2.5 micro m (aerosol), Aylesbury A4157-Particulate matter less than 2.5 micro m (aerosol)",pm25,13.396,2026-02-19 21:00:00+00,0.000,51.822161 -0.793884,,
DUP000559,json,openaq,16490,2493,EEA Norwich Lakenfields - UKA00549,1775,4818,2493 PM2.5,pm25,12,2026-02-19 21:00:00+00,0,52.614193 1.301976,,
DUP000559,json,sos,1829,785353,Norwich Lakenfields,,,Norwich Lakenfields-Volatile PM2.5,pm25,,,0.000,52.614193 1.301976,,
DUP000559,json,sos,1823,785352,Norwich Lakenfields-Non,,,Norwich Lakenfields-Non-volatile PM2.5,pm25,,,0.000,52.614193 1.301976,,
DUP000560,json,breathelondon,7745,CLDP0022,Elephant and Castle (reference co-location),47827,CLDP0022:IPM25,Elephant and Castle (reference co-location) PM2.5,pm25,25.25940375,2026-02-19 20:00:00+00,0,51.493156 -0.101527,,
DUP000560,json,openaq,16768,225793,LAQN Southwark - Elephant and Castle,2649,1304683,225793 PM2.5,pm25,,,0.000,51.493156 -0.101527,,
DUP000560,json,openaq,16565,223692,london stationary Brook Drive,2027,1295920,223692 PM2.5,pm25,,,6.714,51.493213 -0.101559,,
DUP000561,json,breathelondon,7751,CLDP0028,Brent Ikea (reference co-location),47831,CLDP0028:IPM25,Brent Ikea (reference co-location) PM2.5,pm25,12.182834,2026-02-19 19:00:00+00,0,51.552475 -0.258089,,
DUP000561,json,openaq,16706,225723,LAQN Brent - Ikea,2499,1304516,225723 PM2.5,pm25,14,2026-02-19 20:00:00+00,0.111,51.552476 -0.258089,,
DUP000562,json,breathelondon,7748,CLDP0025,Rainham (reference co-location),47829,CLDP0025:IPM25,Rainham (reference co-location) PM2.5,pm25,23.4436535,2026-02-19 19:00:00+00,0,51.520786 0.205461,,
DUP000562,json,openaq,16738,225763,LAQN Havering - Rainham,2574,1304632,225763 PM2.5,pm25,,,0.111,51.520787 0.205461,,
DUP000563,json,breathelondon,7743,CLDP0020,A2 Falconwood (reference co-location),47823,CLDP0020:IPM25,A2 Falconwood (reference co-location) PM2.5,pm25,24.8623290476191,2026-02-19 20:00:00+00,0,51.456299 0.085606,,
DUP000563,json,openaq,16771,225796,LAQN Greenwich - Falconwood,2658,1304722,225796 PM2.5,pm25,9.2,2026-02-19 20:00:00+00,0.111,51.456300 0.085606,,
DUP000564,json,breathelondon,7735,CLDP0011,Westhorne Avenue (reference co-location),47819,CLDP0011:IPM25,Westhorne Avenue (reference co-location) PM2.5,pm25,18.5821,2026-02-19 20:00:00+00,0,51.456356 0.040725,,
DUP000564,json,openaq,16772,225797,LAQN Greenwich - Westhorne Avenue,2662,1304713,225797 PM2.5,pm25,9.8,2026-02-19 20:00:00+00,0.111,51.456357 0.040725,,
DUP000565,json,breathelondon,8364,CLDP0656,Station Walk,48169,CLDP0656:IPM25,Station Walk PM2.5,pm25,27.708362625,2026-02-19 19:00:00+00,0,51.514072 -0.216380,,
DUP000565,json,openaq,17097,5738875,LAQN Kensington and Chelsea - Station Walk,3823,14085098,5738875 PM2.5,pm25,12,2026-02-19 20:00:00+00,9.872,51.514052 -0.216519,,
DUP000565,json,openaq,17098,5738876,LAQN Kensington and Chelsea - Station Walk,3826,14124221,5738876 PM2.5,pm25,,,10.819,51.514052 -0.216533,,
DUP000566,aurn,aurn_register,,UKA01108,Birmingham University,,,,rh,,,0,52.455515 -1.928937,UKA01108,Automatic Urban and Rural Monitoring Network (AURN)
DUP000566,json,openaq,16875,2453320,AirGradient University of Birmingham 1,3007,7980481,2453320 RH,rh,57.0428421610878,2026-02-19 21:00:00+00,5.000,52.455488 -1.928996,,
DUP000566,json,openaq,16872,2453317,AirGradient University of Birmingham 2,2989,7980465,2453317 RH,rh,58.1083334287008,2026-02-19 21:00:00+00,4.332,52.455500 -1.928996,,
DUP000566,json,openaq,16870,2453314,AirGradient University of Birmingham 3,2977,7980452,2453314 RH,rh,58.5666662851969,2026-02-19 21:00:00+00,8.260,52.455450 -1.928996,,
DUP000566,json,openaq,16868,2453310,AirGradient University of Birmingham 4,2965,7980475,2453310 RH,rh,61.7833334604899,2026-02-19 21:00:00+00,13.398,52.455400 -1.928996,,
DUP000566,json,openaq,17082,5224957,"AirGradient University of Birmingham, UK",3748,14174664,5224957 RH,rh,,,4.300,52.455498 -1.928994,,
DUP000566,json,openaq,17146,6230637,"AirGradient University of Birmingham, UK",4060,15384942,6230637 RH,rh,92.5291659037272,2026-02-19 21:00:00+00,6.839,52.455532 -1.928840,,
DUP000566,json,openaq,17083,5224958,"AirGradient University of Birmingham, UK - University of Birmingham",3753,14157105,5224958 RH,rh,,,6.839,52.455532 -1.928840,,
DUP000566,json,openaq,17084,5225907,"AirGradient University of Birmingham, UK - University of Birmingham",3758,14153214,5225907 RH,rh,,,4.300,52.455498 -1.928994,,
DUP000566,json,openaq,17085,5246083,AirGradient Urban Background - University of Birmingham,3763,14153314,5246083 RH,rh,69.0628336588542,2026-02-19 21:00:00+00,4.646,52.455500 -1.929001,,
DUP000567,aurn,aurn_register,,UKA00152,Lullington Heath,,,,so2,,,0,50.793700 0.181250,UKA00152,Automatic Urban and Rural Monitoring Network (AURN); UKEAP: Acid Gases & Aerosol Network; UKEAP: National Ammonia Monitoring Network; UKEAP: Precip-Net; UKEAP: Rural NO2
DUP000567,json,openaq,16481,2455,EEA Lullington Heath - UKA00152,1741,4708,2455 SO₂ mass,so2,1,2026-02-19 21:00:00+00,0.000,50.793700 0.181250,,
DUP000567,json,sos,1616,2711,Lullington Heath,,,Lullington Heath-Sulphur dioxide (air),so2,,,0.000,50.793700 0.181250,,
DUP000568,aurn,aurn_register,,UKA00171,Ladybower,,,,so2,,,0,53.403370 -1.752006,UKA00171,Automatic Urban and Rural Monitoring Network (AURN); Black Carbon; UKEAP: Acid Gases & Aerosol Network; UKEAP: National Ammonia Monitoring Network
DUP000568,json,openaq,16438,2337,EEA Ladybower - UKA00171,1625,4359,2337 SO₂ mass,so2,1,2026-02-19 21:00:00+00,0.000,53.403370 -1.752006,,
DUP000568,json,sos,1245,2706,Ladybower,,,Ladybower-Sulphur dioxide (air),so2,,,0.000,53.403370 -1.752006,,
DUP000569,aurn,aurn_register,,UKA00211,London Bloomsbury,,,,so2,,,0,51.522290 -0.125889,UKA00211,Automatic Urban and Rural Monitoring Network (AURN); Non-Automatic Hydrocarbon Network
DUP000569,json,openaq,16376,148,EEA London Bloomsbury - UKA00211,1431,4933,148 SO₂ mass,so2,2,2026-02-19 21:00:00+00,0.000,51.522290 -0.125889,,
DUP000569,json,sos,1387,843,London Bloomsbury,,,London Bloomsbury-Sulphur dioxide (air),so2,,,0.000,51.522290 -0.125889,,
DUP000570,aurn,aurn_register,,UKA00212,Belfast Centre,,,,so2,,,0,54.599650 -5.928833,UKA00212,Automatic Urban and Rural Monitoring Network (AURN); Black Carbon; Heavy Metals; Non-Automatic Hydrocarbon Network; UKEAP: National Ammonia Monitoring Network
DUP000570,json,openaq,16503,2527,EEA Belfast Centre - UKA00212,1831,4982,2527 SO₂ mass,so2,0,2026-02-19 18:00:00+00,0.000,54.599650 -5.928833,,
DUP000570,json,sos,284,761,Belfast Centre,,,Belfast Centre-Sulphur dioxide (air),so2,,,0.000,54.599650 -5.928833,,
DUP000571,aurn,aurn_register,,UKA00217,Cardiff Centre,,,,so2,,,0,51.481780 -3.176250,UKA00217,Automatic Urban and Rural Monitoring Network (AURN); Black Carbon
DUP000571,json,openaq,16486,2485,DEFRA Cardiff Centre,1761,4789,2485 SO₂ mass,so2,1,2026-02-19 21:00:00+00,0.000,51.481780 -3.176250,,
DUP000571,json,sos,503,816,Cardiff Centre,,,Cardiff Centre-Sulphur dioxide (air),so2,,,0.000,51.481780 -3.176250,,
DUP000572,aurn,aurn_register,,UKA00220,Middlesbrough,,,,so2,,,0,54.569297 -1.220874,UKA00220,Automatic Urban and Rural Monitoring Network (AURN); Non-Automatic Hydrocarbon Network; PAH Digitel (solid phase)
DUP000572,json,openaq,16405,824,DEFRA Middlesbrough,1534,5306,824 SO₂ mass,so2,1,2026-02-19 21:00:00+00,0.000,54.569297 -1.220874,,
DUP000572,json,sos,1708,1022,Middlesbrough,,,Middlesbrough-Sulphur dioxide (air),so2,,,0.000,54.569297 -1.220874,,
DUP000573,aurn,aurn_register,,UKA00222,Leeds Centre,,,,so2,,,0,53.803780 -1.546472,UKA00222,Automatic Urban and Rural Monitoring Network (AURN); Non-Automatic Hydrocarbon Network
DUP000573,json,openaq,16501,2523,DEFRA Leeds Centre,1821,4958,2523 SO₂ mass,so2,1,2026-02-19 21:00:00+00,0.000,53.803780 -1.546472,,
DUP000573,json,sos,1275,981,Leeds Centre,,,Leeds Centre-Sulphur dioxide (air),so2,,,0.000,53.803780 -1.546472,,
DUP000574,aurn,aurn_register,,UKA00235,Southampton Centre,,,,so2,,,0,50.908173 -1.395757,UKA00235,Automatic Urban and Rural Monitoring Network (AURN); Non-Automatic Hydrocarbon Network; PAH Digitel (solid phase)
DUP000574,json,openaq,16394,698,EEA Southampton Centre - UKA00235,1494,1211,698 SO₂ mass,so2,3,2026-02-19 21:00:00+00,3.954,50.908140 -1.395778,,
DUP000574,json,sos,2158,1136,Southampton Centre,,,Southampton Centre-Sulphur dioxide (air),so2,,,0.000,50.908173 -1.395757,,
DUP000575,aurn,aurn_register,,UKA00238,London Bexley,,,,so2,,,0,51.466030 0.184806,UKA00238,Automatic Urban and Rural Monitoring Network (AURN)
DUP000575,json,openaq,16385,157,LAQN Bexley - Slade Green Fidas,1465,1304502,157 SO₂ mass,so2,-0.1,2026-02-19 20:00:00+00,7.177,51.465983 0.184877,,
DUP000575,json,sos,1376,767,London Bexley,,,London Bexley-Sulphur dioxide in air,so2,,,0.000,51.466030 0.184806,,
DUP000576,aurn,aurn_register,,UKA00247,Liverpool Speke,,,,so2,,,0,53.346330 -2.844333,UKA00247,Automatic Urban and Rural Monitoring Network (AURN); Non-Automatic Hydrocarbon Network; PAH Digitel (solid phase)
DUP000576,json,openaq,16492,2507,EEA Liverpool Speke - UKA00247,1784,4876,2507 SO₂ mass,so2,2,2026-02-19 21:00:00+00,0.000,53.346330 -2.844333,,
DUP000576,json,sos,1367,1008,Liverpool Speke,,,Liverpool Speke-Sulphur dioxide (air),so2,,,0.000,53.346330 -2.844333,,
DUP000577,aurn,aurn_register,,UKA00248,Manchester Piccadilly,,,,so2,,,0,53.481520 -2.237881,UKA00248,Automatic Urban and Rural Monitoring Network (AURN); Non-Automatic Hydrocarbon Network
DUP000577,json,openaq,16429,2312,DEFRA Manchester Piccadilly,1603,5270,2312 SO₂ mass,so2,1,2026-02-19 21:00:00+00,0.000,53.481520 -2.237881,,
DUP000577,json,sos,1653,1013,Manchester Piccadilly,,,Manchester Piccadilly-Sulphur dioxide (air),so2,,,0.000,53.481520 -2.237881,,
DUP000578,aurn,aurn_register,,UKA00251,Rochester Stoke,,,,so2,,,0,51.456170 0.634889,UKA00251,Automatic Urban and Rural Monitoring Network (AURN)
DUP000578,json,openaq,16514,2558,DEFRA Rochester Stoke,1872,5229,2558 SO₂ mass,so2,2,2026-02-19 21:00:00+00,0.000,51.456170 0.634889,,
DUP000578,json,sos,1970,2731,Rochester Stoke,,,Rochester Stoke-Sulphur dioxide (air),so2,,,0.000,51.456170 0.634889,,
DUP000579,aurn,aurn_register,,UKA00253,London N. Kensington,,,,so2,,,0,51.521050 -0.213419,UKA00253,Automatic Urban and Rural Monitoring Network (AURN); Black Carbon
DUP000579,json,openaq,16383,155,DEFRA London N. Kensington,1458,4961,155 SO₂ mass,so2,1,2026-02-19 21:00:00+00,5.051,51.521050 -0.213492,,
DUP000579,json,sos,1578,959,London N. Kensington,,,London N. Kensington-Sulphur dioxide (air),so2,,,0.000,51.521050 -0.213419,,
DUP000580,aurn,aurn_register,,UKA00272,Thurrock,,,,so2,,,0,51.477070 0.317969,UKA00272,Automatic Urban and Rural Monitoring Network (AURN)
DUP000580,json,openaq,16455,2395,EEA Thurrock - UKA00272,1673,4485,2395 SO₂ mass,so2,1,2026-02-19 21:00:00+00,0.000,51.477070 0.317969,,
DUP000580,json,sos,2336,1163,Thurrock,,,Thurrock-Sulphur dioxide (air),so2,,,0.000,51.477070 0.317969,,
DUP000581,aurn,aurn_register,,UKA00315,London Marylebone Road,,,,so2,,,0,51.522530 -0.154611,UKA00315,Automatic Hydrocarbon Network; Automatic Urban and Rural Monitoring Network (AURN); Black Carbon; Heavy Metals; PAH Digitel (solid phase); Particle Concentrations and Numbers Network; UK Urban NO2 Network
DUP000581,json,openaq,16382,154,DEFRA London Marylebone Road,1452,4957,154 SO₂ mass,so2,1,2026-02-19 21:00:00+00,0.000,51.522530 -0.154611,,
DUP000581,json,sos,1560,1031,London Marylebone Road,,,London Marylebone Road-Sulphur dioxide (air),so2,,,0.000,51.522530 -0.154611,,
DUP000582,aurn,aurn_register,,UKA00353,Barnsley Gawber,,,,so2,,,0,53.562920 -1.510436,UKA00353,Automatic Urban and Rural Monitoring Network (AURN); Black Carbon; Non-Automatic Hydrocarbon Network
DUP000582,json,openaq,16434,2323,EEA Barnsley Gawber - UKA00353,1612,4234,2323 SO₂ mass,so2,2,2026-02-19 21:00:00+00,0.000,53.562920 -1.510436,,
DUP000582,json,sos,244,754,Barnsley Gawber,,,Barnsley Gawber-Sulphur dioxide (air),so2,,,0.000,53.562920 -1.510436,,
DUP000583,aurn,aurn_register,,UKA00362,Wicken Fen,,,,so2,,,0,52.298500 0.290917,UKA00362,Automatic Urban and Rural Monitoring Network (AURN); Black Carbon
DUP000583,json,openaq,16404,804,EEA Wicken Fen - UKA00362,1529,1407,804 SO₂ mass,so2,2,2026-02-19 21:00:00+00,0.000,52.298500 0.290917,,
DUP000583,json,sos,2376,2744,Wicken Fen,,,Wicken Fen-Sulphur dioxide (air),so2,,,0.000,52.298500 0.290917,,
DUP000584,aurn,aurn_register,,UKA00381,Scunthorpe Town,,,,so2,,,0,53.586340 -0.636811,UKA00381,Automatic Urban and Rural Monitoring Network (AURN); Heavy Metals; Non-Automatic Hydrocarbon Network; PAH Digitel (solid phase)
DUP000584,json,openaq,16400,768,DEFRA Scunthorpe Town,1515,1320,768 SO₂ mass,so2,3,2026-02-19 10:00:00+00,0.000,53.586340 -0.636811,,
DUP000584,json,sos,2099,1110,Scunthorpe Town,,,Scunthorpe Town-Sulphur dioxide (air),so2,,,0.000,53.586340 -0.636811,,
DUP000585,aurn,aurn_register,,UKA00420,Grangemouth,,,,so2,,,0,56.010319 -3.704399,UKA00420,Automatic Urban and Rural Monitoring Network (AURN); Non-Automatic Hydrocarbon Network
DUP000585,json,openaq,16443,2356,DEFRA Grangemouth,1640,5079277,2356 SO₂ mass,so2,1,2026-02-19 21:00:00+00,0.000,56.010319 -3.704399,,
DUP000585,json,sos,917,906,Grangemouth,,,Grangemouth-Sulphur dioxide (air),so2,,,0.000,56.010319 -3.704399,,
DUP000586,aurn,aurn_register,,UKA00440,Wrexham,,,,so2,,,0,53.042282 -3.002829,UKA00440,Automatic Urban and Rural Monitoring Network (AURN)
DUP000586,json,openaq,16474,2442,EEA Wrexham - UKA00440,1723,4671,2442 SO₂ mass,so2,3,2026-02-19 21:00:00+00,7.691,53.042220 -3.002778,,
DUP000586,json,sos,2410,1182,Wrexham,,,Wrexham-Sulphur dioxide (air),so2,,,0.000,53.042282 -3.002829,,
DUP000587,aurn,aurn_register,,UKA00450,Hull Freetown,,,,so2,,,0,53.748780 -0.341222,UKA00450,Automatic Urban and Rural Monitoring Network (AURN)
DUP000587,json,openaq,16494,2509,EEA Hull Freetown - UKA00450,1793,4875,2509 SO₂ mass,so2,1,2026-02-19 21:00:00+00,0.000,53.748780 -0.341222,,
DUP000587,json,sos,1167,948,Hull Freetown,,,Hull Freetown-Sulphur dioxide (air),so2,,,0.000,53.748780 -0.341222,,
DUP000588,aurn,aurn_register,,UKA00454,Edinburgh St Leonards,,,,so2,,,0,55.945589 -3.182186,UKA00454,Automatic Urban and Rural Monitoring Network (AURN); PAH Digitel (solid phase)
DUP000588,json,openaq,16409,955,DEFRA Edinburgh St Leonards,1554,3998,955 SO₂ mass,so2,0,2026-02-19 21:00:00+00,0.000,55.945589 -3.182186,,
DUP000588,json,sos,820,883,Edinburgh St Leonards,,,Edinburgh St Leonards-Sulphur dioxide (air),so2,,,0.000,55.945589 -3.182186,,
DUP000589,aurn,aurn_register,,UKA00501,Port Talbot Margam,,,,so2,,,0,51.583950 -3.770822,UKA00501,Automatic Urban and Rural Monitoring Network (AURN); Heavy Metals; Non-Automatic Hydrocarbon Network; PAH Digitel (solid phase)
DUP000589,json,openaq,16408,946,DEFRA Port Talbot Margam,1548,1725,946 SO₂ mass,so2,2,2026-02-19 21:00:00+00,0.000,51.583950 -3.770822,,
DUP000589,json,sos,1937,1098,Port Talbot Margam,,,Port Talbot Margam-Sulphur dioxide (air),so2,,,0.000,51.583950 -3.770822,,
DUP000590,aurn,aurn_register,,UKA00503,Ballymena Ballykeel,,,,so2,,,0,54.861595 -6.250873,UKA00503,Automatic Urban and Rural Monitoring Network (AURN); Black Carbon; PAH Digitel (solid phase)
DUP000590,json,openaq,16396,726,EEA Ballymena Ballykeel - UKA00503,1500,1259,726 SO₂ mass,so2,56,2026-02-19 21:00:00+00,0.000,54.861595 -6.250873,,
DUP000590,json,sos,225,749,Ballymena Ballykeel,,,Ballymena Ballykeel-Sulphur dioxide (air),so2,,,0.000,54.861595 -6.250873,,
DUP000591,aurn,aurn_register,,UKA00614,Chilbolton Observatory,,,,so2,,,0,51.149617 -1.438228,UKA00614,Automatic Hydrocarbon Network; Automatic Urban and Rural Monitoring Network (AURN); Black Carbon; Heavy Metals; PAH Deposition; PAH Digitel (solid phase); Particle Concentrations and Numbers Network; Rural Automatic Mercury network; UKEAP: Acid Gases & Aerosol Network; UKEAP: MARGA Network; UKEAP: National Ammonia Monitoring Network; UKEAP: Precip-Net; UKEAP: Precip-Net; UKEAP: Rural NO2
DUP000591,json,openaq,16466,2424,EEA Chilbolton Observatory - UKA00614,1699,5094,2424 SO₂ mass,so2,1,2026-02-19 21:00:00+00,0.000,51.149617 -1.438228,,
DUP000591,json,sos,635,785626,Chilbolton Observatory,,,Chilbolton Observatory-Sulphur dioxide (air),so2,,,0.000,51.149617 -1.438228,,
DUP000592,aurn,aurn_register,,UKA00619,Derry Rosemount,,,,so2,,,0,55.002818 -7.331179,UKA00619,Automatic Urban and Rural Monitoring Network (AURN)
DUP000592,json,openaq,16510,2545,EEA Derry Rosemount - UKA00619,1857,5108,2545 SO₂ mass,so2,7,2026-02-19 21:00:00+00,0.000,55.002818 -7.331179,,
DUP000592,json,sos,739,4009,Derry Rosemount,,,Derry Rosemount-Sulphur dioxide (air),so2,,,0.000,55.002818 -7.331179,,
DUP000593,aurn,aurn_register,,UKA00655,Birmingham Ladywood,,,,so2,,,0,52.481346 -1.918235,UKA00655,Automatic Urban and Rural Monitoring Network (AURN); Black Carbon; Non-Automatic Hydrocarbon Network; PAH Digitel (solid phase)
DUP000593,json,openaq,16883,2659908,EEA Birmingham Ladywood - UKA00655,3043,8622291,2659908 SO₂ mass,so2,,,0.000,52.481346 -1.918235,,
DUP000593,json,openaq,16884,2659909,EEA Birmingham Ladywood - UKA00655,3046,8622613,2659909 SO₂ mass,so2,1.33045,2026-02-19 15:00:00+00,0.000,52.481346 -1.918235,,
DUP000593,json,sos,323,786059,Birmingham Ladywood,,,Birmingham Ladywood-Sulphur dioxide (air),so2,,,0.000,52.481346 -1.918235,,
DUP000594,aurn,aurn_register,,UKA01108,Birmingham University,,,,temperature,,,0,52.455515 -1.928937,UKA01108,Automatic Urban and Rural Monitoring Network (AURN)
DUP000594,json,openaq,16875,2453320,AirGradient University of Birmingham 1,3008,7897360,2453320 Temperature (C),temperature,9.61688999760719,2026-02-19 21:00:00+00,5.000,52.455488 -1.928996,,
DUP000594,json,openaq,16872,2453317,AirGradient University of Birmingham 2,2990,7897364,2453317 Temperature (C),temperature,8.92083303133647,2026-02-19 21:00:00+00,4.332,52.455500 -1.928996,,
DUP000594,json,openaq,16870,2453314,AirGradient University of Birmingham 3,2978,7897373,2453314 Temperature (C),temperature,8.87083311875661,2026-02-19 21:00:00+00,8.260,52.455450 -1.928996,,
DUP000594,json,openaq,16868,2453310,AirGradient University of Birmingham 4,2966,7897342,2453310 Temperature (C),temperature,8.60416694482168,2026-02-19 21:00:00+00,13.398,52.455400 -1.928996,,
DUP000594,json,openaq,17082,5224957,"AirGradient University of Birmingham, UK",3749,14174665,5224957 Temperature (C),temperature,,,4.300,52.455498 -1.928994,,
DUP000594,json,openaq,17146,6230637,"AirGradient University of Birmingham, UK",4061,15376877,6230637 Temperature (C),temperature,3.87083337704341,2026-02-19 21:00:00+00,6.839,52.455532 -1.928840,,
DUP000594,json,openaq,17083,5224958,"AirGradient University of Birmingham, UK - University of Birmingham",3754,14157106,5224958 Temperature (C),temperature,,,6.839,52.455532 -1.928840,,
DUP000594,json,openaq,17084,5225907,"AirGradient University of Birmingham, UK - University of Birmingham",3759,14153215,5225907 Temperature (C),temperature,,,4.300,52.455498 -1.928994,,
DUP000594,json,openaq,17085,5246083,AirGradient Urban Background - University of Birmingham,3764,14153315,5246083 Temperature (C),temperature,7.88666666348775,2026-02-19 21:00:00+00,4.646,52.455500 -1.929001,,
